unix_ms,rss_kb,cpu_pct
1787234645784,96256,22.1
1787234645838,105072,13.8
1787234645894,373680,13.8
1787234645956,552176,31.2
1787234646017,642240,31.2
1787234646079,763408,56.1
1787234646140,916000,56.1
1787234646195,1052016,73.4
1787234646257,1179808,73.4
1787234646320,1189984,81.8
1787234646376,1199296,81.8
1787234646438,1209616,90.3
1787234646501,1220784,90.3
1787234646565,1232016,92.2
1787234646627,1243408,92.2
1787234646685,1253616,96.7
1787234646748,1264544,96.7
1787234646807,1275008,99.3
1787234646870,1286480,99.3
1787234646925,1296256,97.4
1787234646980,1305952,97.4
1787234647043,1316416,97.4
1787234647102,1327040,99.7
1787234647155,1336496,99.7
1787234647212,1346608,98.4
1787234647272,1357408,98.4
1787234647335,1368544,100.0
1787234647391,1378320,100.0
1787234647454,1389488,99.7
1787234647509,1399216,99.7
1787234647570,1409968,100.0
1787234647629,1420480,100.0
1787234647685,1430496,98.1
1787234647745,1441536,98.1
1787234647803,1449344,100.0
1787234647862,1449344,100.0
1787234647925,1457024,100.0
1787234647978,1466592,100.0
1787234648045,1478448,98.7
1787234648103,1489040,98.7
1787234648158,1498720,98.7
1787234648219,1509968,100.0
1787234648281,1520464,100.0
1787234648344,1531840,100.0
1787234648407,1543360,100.0
1787234648465,1553904,99.4
1787234648523,1564336,99.4
1787234648577,1573856,100.0
1787234648631,1583728,100.0
1787234648688,1594176,99.2
1787234648746,1604672,99.2
1787234648806,1615520,100.0
1787234648868,1626928,100.0
1787234648930,1638608,99.0
1787234648990,1649600,99.0
1787234649054,1660960,100.0
1787234649114,1671776,100.0
1787234649175,1682944,99.0
1787234649238,1694496,99.0
1787234649301,1706032,100.0
1787234649363,1717168,100.0
1787234649425,1728544,99.4
1787234649479,1737872,99.4
1787234649534,1747232,99.4
1787234649596,1757872,100.0
1787234649659,1769104,100.0
1787234649720,1780144,99.4
1787234649780,1790512,99.4
1787234649843,1801680,100.0
1787234649904,1812512,100.0
1787234649967,1823264,99.8
1787234650029,1834336,99.8
1787234650088,1844752,99.0
1787234650151,1856144,99.0
1787234650209,1856208,100.0
1787234650272,1856208,100.0
1787234650328,1856208,99.0
1787234650391,1856208,99.0
1787234650448,1856208,100.0
1787234650511,1864496,100.0
1787234650574,1875152,99.2
1787234650631,1885504,99.2
1787234650687,1894944,100.0
1787234650750,1905808,100.0
1787234650811,1916496,100.0
1787234650874,1927712,100.0
1787234650934,1938384,99.6
1787234650995,1949136,99.6
1787234651058,1960176,100.0
1787234651114,1968880,100.0
1787234651171,1978448,100.0
1787234651233,1989024,99.3
1787234651291,1999344,99.3
1787234651348,2009312,99.5
1787234651411,2020560,99.5
1787234651474,2031728,99.6
1787234651532,2041328,99.6
1787234651591,2051920,100.0
1787234651652,2061248,100.0
1787234651715,2071936,100.0
1787234651778,2082208,100.0
1787234651839,2092544,99.2
1787234651902,2103632,99.2
1787234651957,2113264,99.6
1787234652020,2124384,99.6
1787234652073,2133984,100.0
1787234652130,2143936,100.0
1787234652184,2153552,99.6
1787234652247,2164880,99.6
1787234652310,2176336,100.0
1787234652373,2187328,100.0
1787234652436,2197792,99.7
1787234652497,2208864,99.7
1787234652560,2219856,100.0
1787234652621,2230544,100.0
1787234652684,2241728,99.6
1787234652746,2252736,99.6
1787234652801,2262480,99.6
1787234652858,2272432,100.0
1787234652914,2282032,100.0
1787234652971,2292288,99.3
1787234653030,2302896,99.3
1787234653088,2313120,100.0
1787234653151,2324448,100.0
1787234653214,2336064,99.1
1787234653276,2347232,99.1
1787234653338,2358336,100.0
1787234653401,2369648,100.0
1787234653464,2380800,99.1
1787234653526,2391856,99.1
1787234653580,2400928,100.0
1787234653642,2412192,100.0
1787234653703,2423360,100.0
1787234653766,2434928,100.0
1787234653823,2444848,99.9
1787234653885,2456000,99.9
1787234653939,2465792,99.6
1787234654002,2466368,99.6
1787234654063,2466368,97.5
1787234654123,2466368,97.5
1787234654187,2466368,99.8
1787234654250,2466368,99.8
1787234654312,2466368,99.9
1787234654367,2466368,99.9
1787234654426,2466368,99.9
1787234654487,2466368,100.0
1787234654550,2466368,100.0
1787234654612,2467488,100.0
1787234654675,2478896,100.0
1787234654737,2490320,100.0
1787234654799,2501760,100.0
1787234654857,2512272,98.8
1787234654919,2523824,98.8
1787234654977,2533968,100.0
1787234655032,2543904,100.0
1787234655088,2554048,100.0
1787234655151,2565488,100.0
1787234655213,2577088,99.6
1787234655272,2587632,99.6
1787234655331,2598048,100.0
1787234655391,2608912,100.0
1787234655448,2618512,99.3
1787234655505,2628624,99.3
1787234655568,2639712,99.5
1787234655631,2650944,99.5
1787234655693,2662336,99.8
1787234655757,2673200,99.8
1787234655818,2683904,99.6
1787234655881,2694480,99.6
1787234655944,2705264,100.0
1787234656005,2716160,100.0
1787234656059,2725984,100.0
1787234656117,2736192,99.5
1787234656179,2747504,99.5
1787234656242,2758304,100.0
1787234656300,2768416,100.0
1787234656356,2778160,100.0
1787234656417,2788688,100.0
1787234656480,2800096,100.0
1787234656534,2809760,100.0
1787234656592,2819504,99.4
1787234656645,2828848,99.4
1787234656705,2839424,99.7
1787234656769,2849328,99.7
1787234656832,2859680,99.3
1787234656893,2870416,99.3
1787234656955,2881280,99.3
1787234657015,2891920,99.3
1787234657073,2902160,100.0
1787234657133,2911904,100.0
1787234657191,2922464,100.0
1787234657247,2932640,100.0
1787234657301,2940512,100.0
1787234657362,2950880,99.9
1787234657416,2959632,99.9
1787234657478,2970272,100.0
1787234657537,2980544,100.0
1787234657600,2991872,99.8
1787234657663,3003232,99.8
1787234657722,3013920,98.4
1787234657784,3024976,98.4
1787234657844,3035488,100.0
1787234657904,3046368,100.0
1787234657965,3057328,98.7
1787234658028,3068688,98.7
1787234658090,3078992,100.0
1787234658150,3089664,100.0
1787234658213,3100800,98.9
1787234658276,3112112,98.9
1787234658338,3123152,100.0
1787234658401,3134224,100.0
1787234658461,3144944,99.0
1787234658517,3154560,99.0
1787234658573,3164272,99.7
1787234658633,3174960,99.7
1787234658692,3185360,99.7
1787234658750,3195344,100.0
1787234658813,3206560,100.0
1787234658872,3217008,100.0
1787234658929,3227088,100.0
1787234658987,3237248,99.7
1787234659041,3246848,99.7
1787234659101,3257344,100.0
1787234659164,3268704,100.0
1787234659218,3277792,100.0
1787234659280,3289056,100.0
1787234659343,3300656,99.4
1787234659406,3312096,99.4
1787234659469,3322752,100.0
1787234659523,3332096,100.0
1787234659584,3342704,99.2
1787234659641,3352992,99.2
1787234659704,3364432,100.0
1787234659768,3375696,100.0
1787234659831,3381632,99.6
1787234659894,3381632,99.6
1787234659957,3381632,100.0
1787234660011,3381632,100.0
1787234660070,3381632,100.0
1787234660133,3381632,100.0
1787234660197,3381632,100.0
1787234660251,3381632,98.7
1787234660313,3381632,98.7
1787234660374,3381632,100.0
1787234660436,3381632,100.0
1787234660499,3381632,98.9
1787234660563,3381632,98.9
1787234660617,3381632,100.0
1787234660676,3381632,100.0
1787234660739,3381632,99.1
1787234660800,3381632,99.1
1787234660863,3381632,100.0
1787234660927,3381632,100.0
1787234660990,3381632,100.0
1787234661052,3386816,100.0
1787234661108,3397296,99.7
1787234661168,3408208,99.7
1787234661230,3419616,100.0
1787234661291,3430480,100.0
1787234661348,3440656,99.3
1787234661411,3452272,99.3
1787234661466,3462256,100.0
1787234661529,3473728,100.0
1787234661585,3483632,99.5
1787234661647,3494400,99.5
1787234661700,3503280,99.5
1787234661763,3513840,100.0
1787234661822,3524192,100.0
1787234661885,3535792,100.0
1787234661939,3545088,100.0
1787234661997,3555008,99.4
1787234662054,3565024,99.4
1787234662118,3575728,98.3
1787234662181,3586704,98.3
1787234662244,3597936,100.0
1787234662307,3609264,100.0
1787234662362,3619216,99.0
1787234662416,3628224,99.0
1787234662480,3639872,100.0
1787234662540,3650432,100.0
1787234662596,3659936,99.2
1787234662656,3670352,99.2
1787234662719,3681584,100.0
1787234662778,3691920,100.0
1787234662835,3701504,99.1
1787234662890,3711280,99.1
1787234662953,3722320,99.1
1787234663010,3730496,100.0
1787234663071,3740688,100.0
1787234663134,3751472,99.0
1787234663197,3762512,99.0
1787234663261,3773536,100.0
1787234663324,3784704,100.0
1787234663387,3794832,100.0
1787234663450,3806288,100.0
1787234663513,3816000,100.0
1787234663576,3826544,100.0
1787234663636,3836336,99.4
1787234663699,3846848,99.4
1787234663763,3858032,98.7
1787234663824,3868960,98.7
1787234663887,3880144,100.0
1787234663947,3890816,100.0
1787234664003,3900784,100.0
1787234664066,3911840,100.0
1787234664126,3922656,99.6
1787234664189,3934016,99.6
1787234664245,3943776,98.2
1787234664307,3954064,98.2
1787234664367,3964768,100.0
1787234664430,3975600,100.0
1787234664486,3985392,100.0
1787234664545,3995936,100.0
1787234664601,4005920,100.0
1787234664664,4016880,100.0
1787234664720,4026784,99.5
1787234664781,4037280,99.5
1787234664842,4048000,99.6
1787234664900,4058080,99.6
1787234664956,4067984,98.6
1787234665015,4078624,98.6
1787234665075,4089216,98.6
1787234665132,4099504,99.8
1787234665191,4110160,99.8
1787234665254,4121360,100.0
1787234665310,4131392,100.0
1787234665363,4140656,99.3
1787234665417,4150160,99.3
1787234665471,4159360,100.0
1787234665534,4170736,100.0
1787234665591,4180896,100.0
1787234665654,4192320,100.0
1787234665717,4203456,99.0
1787234665776,4213968,99.0
1787234665839,4225408,100.0
1787234665903,4236304,100.0
1787234665961,4246784,99.5
1787234666020,4257520,99.5
1787234666084,4268976,99.0
1787234666146,4280208,99.0
1787234666210,4291424,99.7
1787234666269,4302096,99.7
1787234666332,4313520,99.7
1787234666395,4325008,100.0
1787234666455,4335952,100.0
1787234666509,4345648,100.0
1787234666572,4356592,100.0
1787234666632,4367312,100.0
1787234666690,4377136,100.0
1787234666754,4387856,99.6
1787234666816,4398432,99.6
1787234666879,4409568,100.0
1787234666942,4420704,100.0
1787234667006,4431504,99.1
1787234667060,4441312,99.1
1787234667119,4451520,100.0
1787234667182,4462512,100.0
1787234667238,4472592,99.3
1787234667299,4483648,99.3
1787234667354,4493648,100.0
1787234667412,4504240,100.0
1787234667474,4514736,99.1
1787234667537,4526032,99.1
1787234667595,4535936,100.0
1787234667650,4545408,100.0
1787234667710,4556208,100.0
1787234667770,4566704,99.1
1787234667826,4576400,99.1
1787234667883,4586528,100.0
1787234667946,4597248,100.0
1787234668001,4605776,100.0
1787234668065,4615472,100.0
1787234668121,4624832,99.7
1787234668177,4634752,99.7
1787234668240,4645632,100.0
1787234668301,4656192,100.0
1787234668361,4666816,99.3
1787234668424,4676992,99.3
1787234668487,4688288,100.0
1787234668542,4696544,100.0
1787234668601,4706496,99.1
1787234668664,4716720,99.1
1787234668726,4727408,100.0
1787234668788,4738240,100.0
1787234668850,4749376,99.1
1787234668914,4754880,99.1
1787234668973,4754880,100.0
1787234669037,4754880,100.0
1787234669097,4754880,99.7
1787234669155,4754880,99.7
1787234669209,4754880,99.7
1787234669273,4754880,100.0
1787234669331,4754880,100.0
1787234669395,4754880,99.3
1787234669450,4754880,99.3
1787234669512,4754880,100.0
1787234669575,4754880,100.0
1787234669637,4754880,99.1
1787234669691,4754880,99.1
1787234669754,4754880,100.0
1787234669817,4754880,100.0
1787234669878,4754880,99.1
1787234669941,4754880,99.1
1787234670004,4754880,100.0
1787234670068,4754880,100.0
1787234670121,4754880,99.0
1787234670182,4754880,99.0
1787234670240,4754880,100.0
1787234670301,4754880,100.0
1787234670364,4754880,100.0
1787234670427,4754880,100.0
1787234670483,4754880,98.8
1787234670547,4754880,98.8
1787234670605,4754880,100.0
1787234670669,4754880,100.0
1787234670728,4754880,99.0
1787234670787,4754880,99.0
1787234670851,4754880,99.6
1787234670905,4758144,99.6
1787234670963,4768464,99.6
1787234671026,4779504,99.8
1787234671083,4789584,99.8
1787234671140,4799920,100.0
1787234671199,4810112,100.0
1787234671254,4819920,99.3
1787234671317,4830688,99.3
1787234671375,4840288,100.0
1787234671434,4850832,100.0
1787234671489,4860384,100.0
1787234671551,4871040,100.0
1787234671614,4882208,100.0
1787234671671,4892144,100.0
1787234671731,4902720,99.4
1787234671794,4913552,99.4
1787234671857,4924880,100.0
1787234671915,4935280,100.0
1787234671974,4945648,100.0
1787234672030,4955680,99.3
1787234672092,4966880,99.3
1787234672151,4977120,100.0
1787234672208,4987168,100.0
1787234672266,4997376,99.6
1787234672326,5008112,99.6
1787234672382,5018048,100.0
1787234672444,5029024,100.0
1787234672506,5039600,99.3
1787234672563,5049696,99.3
1787234672626,5060976,100.0
1787234672683,5071424,100.0
1787234672746,5082656,99.1
1787234672806,5093488,99.1
1787234672869,5104624,100.0
1787234672932,5115776,100.0
1787234672991,5126448,99.0
1787234673055,5138000,99.0
1787234673116,5148992,100.0
1787234673179,5160528,100.0
1787234673242,5172048,100.0
1787234673305,5183472,100.0
1787234673367,5194864,99.7
1787234673428,5206080,99.7
1787234673491,5217616,100.0
1787234673544,5226944,100.0
1787234673604,5237216,100.0
1787234673663,5247872,99.8
1787234673723,5258224,99.8
1787234673783,5268784,100.0
1787234673842,5278992,100.0
1787234673903,5290128,99.3
1787234673966,5301392,99.3
1787234674029,5312192,100.0
1787234674091,5323536,100.0
1787234674150,5333760,99.1
1787234674211,5344432,99.1
1787234674274,5355792,100.0
1787234674330,5365648,100.0
1787234674392,5377424,99.0
1787234674456,5388096,99.0
1787234674509,5397888,100.0
1787234674572,5408816,100.0
1787234674635,5419648,99.4
1787234674688,5429088,99.4
1787234674750,5440176,100.0
1787234674811,5450736,100.0
1787234674870,5460608,98.6
1787234674928,5470672,98.6
1787234674988,5481104,99.5
1787234675051,5490704,99.5
1787234675111,5500752,99.5
1787234675174,5511664,100.0
1787234675232,5522000,100.0
1787234675295,5533136,100.0
1787234675358,5544368,100.0
1787234675420,5554672,99.7
1787234675478,5565264,99.7
1787234675538,5574400,100.0
1787234675598,5584224,100.0
1787234675661,5594912,99.3
1787234675724,5605152,99.3
1787234675780,5615232,100.0
1787234675841,5626096,100.0
1787234675904,5637744,99.1
1787234675966,5648880,99.1
1787234676029,5660096,99.1
1787234676089,5670656,99.1
1787234676150,5681648,100.0
1787234676213,5692704,100.0
1787234676275,5703344,99.1
1787234676335,5713184,99.1
1787234676395,5723936,100.0
1787234676451,5733856,100.0
1787234676510,5744192,99.0
1787234676563,5753760,99.0
1787234676621,5764000,100.0
1787234676677,5773968,100.0
1787234676740,5785264,100.0
1787234676794,5794432,100.0
1787234676849,5804256,100.0
1787234676912,5815424,99.7
1787234676968,5825504,99.7
1787234677026,5835792,100.0
1787234677089,5847152,100.0
1787234677150,5858336,99.3
1787234677213,5869712,99.3
1787234677273,5880624,100.0
1787234677327,5890480,100.0
1787234677389,5901408,99.1
1787234677446,5911520,99.1
1787234677509,5922192,100.0
1787234677570,5933184,100.0
1787234677631,5944144,99.1
1787234677693,5955360,99.1
1787234677756,5966592,100.0
1787234677816,5977392,100.0
1787234677877,5988512,100.0
1787234677941,5999872,100.0
1787234678003,6011280,100.0
1787234678065,6022640,100.0
1787234678128,6034224,99.4
1787234678187,6044784,99.4
1787234678250,6056272,99.7
1787234678312,6067504,99.7
1787234678376,6079104,99.7
1787234678432,6089344,99.7
1787234678492,6100240,99.7
1787234678550,6110592,100.0
1787234678611,6121232,100.0
1787234678666,6130784,99.6
1787234678729,6141424,99.6
1787234678792,6152272,100.0
1787234678852,6162816,100.0
1787234678906,6172288,99.3
1787234678969,6182912,99.3
1787234679030,6193072,100.0
1787234679088,6203264,100.0
1787234679150,6213488,99.1
1787234679203,6222416,99.1
1787234679266,6233408,100.0
1787234679329,6244400,100.0
1787234679389,6255088,99.0
1787234679452,6265328,99.0
1787234679512,6275952,100.0
1787234679567,6285312,100.0
1787234679624,6294944,100.0
1787234679687,6305616,99.0
1787234679750,6316528,99.0
1787234679813,6327248,99.0
1787234679870,6336640,99.0
1787234679930,6346256,99.1
1787234679994,6357152,99.1
1787234680053,6365984,100.0
1787234680109,6374704,100.0
1787234680170,6384432,99.1
1787234680227,6394016,99.1
1787234680286,6404272,100.0
1787234680348,6414800,100.0
1787234680411,6425680,99.0
1787234680474,6435472,99.0
1787234680535,6446048,100.0
1787234680591,6454288,100.0
1787234680653,6464256,99.0
1787234680710,6474016,99.0
1787234680772,6483584,100.0
1787234680833,6494064,100.0
1787234680896,6504864,100.0
1787234680959,6516208,100.0
1787234681022,6527392,99.6
1787234681086,6538480,99.6
1787234681146,6548960,100.0
1787234681201,6558976,100.0
1787234681265,6570208,99.1
1787234681328,6580992,99.1
1787234681391,6591440,100.0
1787234681454,6602288,100.0
1787234681512,6612480,99.1
1787234681575,6623328,99.1
1787234681633,6633328,99.5
1787234681689,6643216,99.5
1787234681745,6653104,99.5
1787234681806,6663936,100.0
1787234681870,6675280,100.0
1787234681932,6685840,98.7
1787234681992,6696400,98.7
1787234682051,6706960,99.7
1787234682106,6716608,99.7
1787234682168,6727632,100.0
1787234682228,6738624,100.0
1787234682284,6748448,99.2
1787234682343,6759008,99.2
1787234682401,6769376,100.0
1787234682461,6780080,100.0
1787234682514,6789504,100.0
1787234682573,6799616,100.0
1787234682636,6810976,100.0
1787234682699,6814880,100.0
1787234682763,6814880,99.3
1787234682821,6814880,99.3
1787234682883,6814880,99.0
1787234682938,6814880,99.0
1787234683001,6814880,99.0
1787234683063,6814880,100.0
1787234683125,6814880,100.0
1787234683189,6814880,100.0
1787234683244,6814880,100.0
1787234683308,6814880,100.0
1787234683371,6814880,100.0
1787234683434,6814880,100.0
1787234683491,6814880,100.0
1787234683554,6814864,99.7
1787234683616,6814864,99.7
1787234683677,6814864,100.0
1787234683735,6814864,100.0
1787234683798,6814864,99.4
1787234683861,6814864,99.4
1787234683920,6814864,100.0
1787234683976,6814864,100.0
1787234684039,6814864,99.2
1787234684102,6814864,99.2
1787234684159,6814864,100.0
1787234684218,6814864,100.0
1787234684282,6814864,99.1
1787234684344,6814864,99.1
1787234684406,6814864,100.0
1787234684460,6814864,100.0
1787234684523,6814864,99.1
1787234684582,6814864,99.1
1787234684640,6814864,99.1
1787234684697,6814864,99.1
1787234684752,6814864,99.1
1787234684815,6814864,100.0
1787234684878,6814864,100.0
1787234684942,6814864,100.0
1787234685002,6814864,100.0
1787234685065,6814864,99.5
1787234685124,6814864,99.5
1787234685187,6814864,100.0
1787234685248,6814864,100.0
1787234685312,6814864,99.2
1787234685375,6814864,99.2
1787234685438,6814864,100.0
1787234685502,6814864,100.0
1787234685564,6814864,99.7
1787234685626,6814864,99.7
1787234685689,6814864,100.0
1787234685753,6814864,100.0
1787234685813,6814864,99.2
1787234685876,6818032,99.2
1787234685934,6828480,100.0
1787234685997,6839840,100.0
1787234686059,6850768,99.1
1787234686114,6860096,99.1
1787234686175,6870976,100.0
1787234686234,6881808,100.0
1787234686297,6892832,99.7
1787234686358,6903648,99.7
1787234686421,6915136,100.0
1787234686484,6926496,100.0
1787234686546,6937600,99.3
1787234686601,6947248,99.3
1787234686660,6958016,100.0
1787234686724,6969632,100.0
1787234686787,6981040,99.1
1787234686843,6991184,99.1
1787234686906,7002448,100.0
1787234686969,7013360,100.0
1787234687026,7023008,100.0
1787234687087,7033504,100.0
1787234687144,7043664,100.0
1787234687207,7055040,100.0
1787234687270,7065920,100.0
1787234687332,7077056,100.0
1787234687392,7087664,100.0
1787234687455,7098496,99.6
1787234687513,7109104,99.6
1787234687576,7120448,100.0
1787234687640,7131856,100.0
1787234687702,7143376,99.2
1787234687765,7154032,99.2
1787234687823,7164208,100.0
1787234687886,7175152,100.0
1787234687949,7186224,99.1
1787234688011,7197408,99.1
1787234688074,7208480,100.0
1787234688138,7219376,100.0
1787234688201,7230480,100.0
1787234688254,7239808,100.0
1787234688310,7248208,99.1
1787234688371,7258416,99.1
1787234688426,7268080,100.0
1787234688481,7277856,100.0
1787234688541,7288464,99.0
1787234688600,7298928,99.0
1787234688664,7308320,99.0
1787234688720,7318128,99.0
1787234688775,7327360,99.0
1787234688834,7336224,100.0
1787234688896,7346688,100.0
1787234688957,7356368,100.0
1787234689020,7367120,100.0
1787234689083,7377776,98.8
1787234689140,7387824,98.8
1787234689203,7397952,100.0
1787234689265,7408720,100.0
1787234689326,7418880,99.1
1787234689382,7428064,99.1
1787234689440,7437680,100.0
1787234689502,7418416,100.0
1787234689563,7429024,100.0
1787234689623,7438624,100.0
1787234689686,7449808,100.0
1787234689742,7439696,100.0
1787234689808,7429616,98.5
1787234689865,7420576,98.5
1787234689927,7410192,100.0
1787234689990,7401728,100.0
1787234690058,7385232,100.0
1787234690121,7396208,100.0
1787234690182,7403920,100.0
1787234690246,7414912,100.0
1787234690307,7413136,99.1
1787234690366,7401312,99.1
1787234690429,7412672,100.0
1787234690486,7422768,100.0
1787234690546,7433488,99.0
1787234690608,7395040,99.0
1787234690671,7405920,100.0
1787234690731,7395536,100.0
1787234690787,7405120,99.3
1787234690850,7387328,99.3
1787234690913,7398656,99.8
1787234690974,7378960,99.8
1787234691037,7390224,100.0
1787234691100,7401664,100.0
1787234691163,7364704,100.0
1787234691226,7343232,100.0
1787234691289,7354560,100.0
1787234691349,7332640,100.0
1787234691409,7343440,100.0
1787234691465,7334000,100.0
1787234691531,7341792,100.0
1787234691592,7238960,99.6
1787234691651,7249856,99.6
1787234691711,7242384,99.6
1787234691779,7219520,99.6
1787234691842,7230912,99.4
1787234691899,7207760,99.4
1787234691962,7218688,100.0
1787234692023,7198400,100.0
1787234692082,7208736,100.0
1787234692145,7190416,100.0
1787234692208,7201760,99.4
1787234692270,7179776,99.4
1787234692333,7161632,100.0
1787234692389,7171584,100.0
1787234692443,7154752,99.1
1787234692500,7164944,99.1
1787234692569,7146432,100.0
1787234692631,7157504,100.0
1787234692715,6705600,100.0
1787234692771,6689008,100.0
1787234692829,6669904,100.0
1787234692885,6679440,100.0
1787234692942,6659296,100.0
1787234693005,6670640,100.0
1787234693065,6642304,99.6
1787234693126,6652624,99.6
1787234693189,6617648,99.1
1787234693249,6613056,99.1
1787234693309,6587344,99.1
1787234693369,6556288,99.1
1787234693428,6541168,100.0
1787234693483,6550832,100.0
1787234693544,6537504,99.0
1787234693607,6548512,99.0
1787234693671,6395168,99.9
1787234693731,6406176,99.9
1787234693792,6382608,99.9
1787234693850,6391056,99.8
1787234693904,6370560,99.8
1787234693967,6380752,100.0
1787234694030,6360320,100.0
1787234694091,6347296,100.0
1787234694146,6357232,100.0
1787234694210,6328832,99.8
1787234694272,6340048,99.8
1787234694334,6320832,100.0
1787234694391,6301168,100.0
1787234694456,6275856,99.6
1787234694519,6286912,99.6
1787234694578,6297376,100.0
1787234694638,6307120,100.0
1787234694696,6317504,98.7
1787234694758,6328464,98.7
1787234694820,6339408,100.0
1787234694882,6350464,100.0
1787234694943,6329616,98.9
1787234695000,6339744,98.9
1787234695056,6321792,100.0
1787234695116,6332192,100.0
1787234695180,6343616,99.0
1787234695235,6337424,99.0
1787234695297,6317632,99.5
1787234695359,6328528,99.5
1787234695416,6301424,99.5
1787234695475,6312112,100.0
1787234695538,6323152,100.0
1787234695596,6333568,100.0
1787234695659,6344640,100.0
1787234695721,6355808,99.7
1787234695775,6364720,99.7
1787234695833,6374976,100.0
1787234695896,6361200,100.0
1787234695959,6343152,99.3
1787234696022,6354416,99.3
1787234696084,6330304,100.0
1787234696147,6341632,100.0
1787234696203,6321776,100.0
1787234696270,6304608,100.0
1787234696333,6316272,99.7
1787234696399,6287008,99.7
1787234696457,6271360,98.3
1787234696521,6282688,98.3
1787234696575,6193600,99.9
1787234696636,6170960,99.9
1787234696697,6152720,100.0
1787234696753,6163088,100.0
1787234696814,6144848,99.3
1787234696868,6154272,99.3
1787234696931,6132000,100.0
1787234696987,6141536,100.0
1787234697048,6117424,100.0
1787234697101,6126736,99.3
1787234697162,6137520,99.3
1787234697225,6111952,100.0
1787234697288,6093168,100.0
1787234697343,6103040,100.0
1787234697403,6087312,100.0
1787234697470,6060576,100.0
1787234697523,6070304,100.0
1787234697584,6081216,99.4
1787234697643,6091744,99.4
1787234697706,6064752,100.0
1787234697773,6052048,100.0
1787234697835,6063040,99.2
1787234697896,6043376,99.2
1787234697954,6026544,100.0
1787234698022,5968736,100.0
1787234698082,5940896,100.0
1787234698136,5949856,100.0
1787234698191,5929936,98.5
1787234698254,5940864,98.5
1787234698313,5931888,100.0
1787234698366,5926112,100.0
1787234698434,5907904,98.8
1787234698489,5917568,98.8
1787234698552,5928432,98.8
1787234698611,5938672,100.0
1787234698667,5948640,100.0
1787234698730,5926608,100.0
1787234698793,5937968,100.0
1787234698856,5918208,99.5
1787234698922,5904064,99.5
1787234698985,5914208,100.0
1787234699046,5895152,100.0
1787234699100,5904752,99.2
1787234699161,5887920,99.2
1787234699227,5873824,100.0
1787234699283,5883744,100.0
1787234699351,5858576,99.1
1787234699414,5869760,99.1
1787234699477,5881024,100.0
1787234699537,5891728,100.0
1787234699592,5901440,99.0
1787234699652,5911264,99.0
1787234699708,5921120,100.0
1787234699771,5918800,100.0
1787234699828,5893968,99.0
1787234699886,5884304,99.0
1787234699945,5874432,100.0
1787234700008,5885760,100.0
1787234700071,5876048,100.0
1787234700131,5849312,100.0
1787234700194,5804848,100.0
1787234700251,5380528,100.0
1787234700313,4982720,98.4
1787234700369,4964752,98.4
1787234700432,4976480,98.4
1787234700489,4957376,99.1
1787234700552,4968816,99.1
1787234700613,4979776,99.2
1787234700675,4958304,99.2
1787234700739,4955408,100.0
1787234700803,4940224,100.0
1787234700860,4950672,98.7
1787234700923,4932224,98.7
1787234700986,4926400,100.0
1787234701048,4925584,100.0
1787234701110,4914400,100.0
1787234701173,4913408,100.0
1787234701235,4884336,99.4
1787234701302,4881520,99.4
1787234701362,4867824,97.9
1787234701425,4835808,97.9
1787234701485,4846976,100.0
1787234701546,4858416,100.0
1787234701604,4843888,99.4
1787234701661,4836480,99.4
1787234701723,4848080,100.0
1787234701786,4806608,100.0
1787234701849,4778576,98.3
1787234701919,4730496,98.3
1787234701972,4739952,97.6
1787234702033,4750480,97.6
1787234702090,4740336,100.0
1787234702147,4714160,100.0
1787234702212,4684464,100.0
1787234702274,4695408,100.0
1787234702332,4677888,99.8
1787234702392,4688848,99.8
1787234702455,4660944,98.4
1787234702511,4670960,98.4
1787234702571,4681904,100.0
1787234702634,4677600,100.0
1787234702691,4667200,98.8
1787234702755,4664256,98.8
1787234702819,4671344,100.0
1787234702883,4682464,100.0
1787234702946,4659184,99.5
1787234703008,4670656,99.5
1787234703068,4642912,99.9
1787234703133,4649824,99.9
1787234703196,4659360,100.0
1787234703260,4653584,100.0
1787234703323,4580656,100.0
1787234703380,4588240,100.0
1787234703445,4580432,98.7
1787234703508,4604992,98.7
1787234703571,4589968,89.3
1787234703634,4629408,89.3
1787234703692,4674832,89.3
1787234703758,4694384,85.9
1787234703821,4690608,84.2
1787234703881,4701168,84.2
1787234703941,4791120,84.2
1787234704002,4816320,87.8
1787234704066,4831120,87.8
1787234704127,4868368,86.9
1787234704188,4893568,86.9
1787234704252,4924272,88.0
1787234704306,4942096,88.0
1787234704370,4966000,91.0
1787234704431,4992384,91.0
1787234704496,4993456,92.0
1787234704554,5021600,92.0
1787234704610,5048000,92.8
1787234704668,5059968,92.8
1787234704732,5066608,92.6
1787234704788,5080368,92.6
1787234704852,5072608,93.1
1787234704912,5066560,93.1
1787234704969,5102560,94.9
1787234705024,5137184,94.9
1787234705088,5178656,91.9
1787234705151,5212784,91.9
1787234705213,5262272,90.0
1787234705278,5319312,90.0
1787234705335,5385312,89.1
1787234705398,5437872,89.1
1787234705459,5504336,87.9
1787234705517,5550416,87.9
1787234705582,5597840,92.1
1787234705643,5627696,92.1
1787234705706,5673696,94.8
1787234705769,5698400,94.8
1787234705823,5716784,92.4
1787234705887,5733920,92.4
1787234705950,5749040,92.7
1787234706013,5762720,92.7
1787234706077,5769600,92.5
1787234706136,5777696,92.5
1787234706201,5779920,93.3
1787234706266,5999184,93.3
1787234706330,6256352,89.3
1787234706395,6496576,89.3
1787234706460,6683120,80.4
1787234706515,6850944,80.4
1787234706580,6932848,79.0
1787234706635,6913328,79.0
1787234706700,6925568,82.3
1787234706765,6891824,82.3
1787234706828,6883840,80.9
1787234706891,6880432,80.9
1787234706959,6882800,78.4
1787234707035,6744496,78.4
1787234707101,6727888,72.3
1787234707163,6730992,72.3
1787234707221,6846080,71.2
1787234707281,6917712,71.2
1787234707345,6999488,77.4
1787234707411,7029520,77.4
1787234707476,7044992,77.8
1787234707544,7045264,77.8
1787234707610,7181344,79.2
1787234707677,7178080,79.2
1787234707735,7210208,78.7
1787234707798,7207312,78.7
1787234707857,7230848,78.1
1787234707925,7234272,78.1
1787234707986,7168912,78.3
1787234708050,7187008,78.3
1787234708106,7202048,79.5
1787234708171,7183856,79.5
1787234708232,7169888,84.6
1787234708291,7007856,84.6
1787234708349,7013024,84.6
1787234708413,7016176,84.6
1787234708471,7036528,89.7
1787234708537,7047312,89.7
1787234708592,7091664,92.8
1787234708653,7114736,92.8
1787234708717,7123552,93.9
1787234708780,7181472,93.9
1787234708844,7190480,92.4
1787234708901,7209584,92.4
1787234708964,7215360,93.1
1787234709026,7235040,93.1
1787234709097,7222864,95.4
1787234709157,7242256,95.4
1787234709223,7238208,92.8
1787234709286,7258048,92.8
1787234709346,7241344,95.7
1787234709409,7268432,95.7
1787234709473,7254320,92.6
1787234709539,7281504,92.6
1787234709599,7314160,92.2
1787234709654,7353344,92.2
1787234709714,7441712,93.2
1787234709777,7491680,93.2
1787234709839,7477712,94.3
1787234709900,7441424,94.3
1787234709958,7465808,94.9
1787234710023,7484800,94.9
1787234710087,7429632,94.8
1787234710151,7364768,94.8
1787234710216,7413296,92.1
1787234710271,7427696,92.1
1787234710334,7425936,92.9
1787234710398,7442272,92.9
1787234710459,7450528,92.5
1787234710522,7473328,92.5
1787234710577,7432336,92.5
1787234710641,7418384,95.2
1787234710705,7412496,95.2
1787234710763,7416912,96.1
1787234710824,7389376,96.1
1787234710882,7371840,97.8
1787234710945,7381632,97.8
1787234711009,7390320,96.1
1787234711064,7397328,96.1
1787234711118,7391280,99.3
1787234711176,7419424,99.3
1787234711240,7432464,98.5
1787234711295,7451520,98.5
1787234711358,7467392,99.7
1787234711420,7477600,99.7
1787234711483,7486624,100.0
1787234711542,7450928,100.0
1787234711604,7438256,98.3
1787234711671,7426224,98.3
1787234711733,7423840,100.0
1787234711789,7423056,100.0
1787234711844,7408480,100.0
1787234711905,7396432,100.0
1787234711968,7387968,99.9
1787234712024,7397216,99.9
1787234712083,7369664,99.9
1787234712147,7372192,100.0
1787234712201,7344352,100.0
1787234712264,7355904,100.0
1787234712327,7367424,100.0
1787234712389,7378752,99.2
1787234712452,7369712,99.2
1787234712508,7374608,100.0
1787234712572,7345824,100.0
1787234712630,7342416,100.0
1787234712689,7326240,100.0
1787234712746,7327312,100.0
1787234712808,7335936,100.0
1787234712870,7306848,98.7
1787234712935,7288432,98.7
1787234712993,7290608,100.0
1787234713056,7277504,100.0
1787234713119,7275280,100.0
1787234713175,7253008,100.0
1787234713236,7237952,99.8
1787234713293,7232432,99.8
1787234713349,7220192,99.2
1787234713411,7230640,99.2
1787234713474,7205136,100.0
1787234713528,7197456,100.0
1787234713586,7197856,100.0
1787234713645,7182544,100.0
1787234713708,7017824,100.0
1787234713772,7014112,99.3
1787234713832,7013872,99.3
1787234713897,6986304,100.0
1787234713956,6951968,100.0
1787234714019,6926096,98.9
1787234714081,6924208,98.9
1787234714144,6859728,100.0
1787234714199,6791584,100.0
1787234714254,6762704,99.7
1787234714314,6773680,99.7
1787234714377,6765456,100.0
1787234714440,6760640,100.0
1787234714504,6749168,98.5
1787234714567,6734560,98.5
1787234714630,6730576,100.0
1787234714691,6725216,100.0
1787234714754,6699920,100.0
1787234714814,6686896,100.0
1787234714878,6660464,98.7
1787234714941,6540656,98.7
1787234714999,6531584,98.7
1787234715057,6514288,98.7
1787234715120,6438064,99.0
1787234715188,6419936,99.0
1787234715242,6429456,97.9
1787234715309,6416000,97.9
1787234715368,6426384,100.0
1787234715428,6407152,100.0
1787234715496,6384848,100.0
1787234715556,6395504,100.0
1787234715619,6407008,100.0
1787234715678,6417984,100.0
1787234715742,6396720,99.1
1787234715804,6280960,99.1
1787234715868,6200832,97.0
1787234715929,6183296,97.0
1787234715992,6146272,97.4
1787234716055,6157376,97.4
1787234716116,6133152,96.9
1787234716179,6117136,96.9
1787234716242,6105472,98.6
1787234716305,6084832,98.6
1787234716368,6095872,99.3
1787234716432,6068896,99.3
1787234716490,6056624,100.0
1787234716550,5992992,100.0
1787234716616,5944192,96.0
1787234716680,5955504,96.0
1787234716737,5940640,98.8
1787234716791,5919488,98.8
1787234716854,5931088,98.8
1787234716916,5910592,99.4
1787234716971,5919520,99.4
1787234717034,5896976,97.6
1787234717090,5906112,97.6
1787234717149,5892576,100.0
1787234717207,5867664,100.0
1787234717273,5866080,98.7
1787234717336,5853488,98.7
1787234717399,5853456,97.6
1787234717456,5805536,97.6
1787234717519,5814672,99.4
1787234717582,5809808,99.4
1787234717640,5792208,99.5
1787234717696,5802144,99.5
1787234717759,5764832,100.0
1787234717825,5762256,100.0
1787234717884,5765504,100.0
1787234717945,5661792,100.0
1787234718000,5645184,99.7
1787234718064,5632480,99.7
1787234718129,5622992,100.0
1787234718188,5609328,100.0
1787234718249,5565504,99.6
1787234718315,5480512,99.6
1787234718374,5491248,97.2
1787234718432,5466176,97.2
1787234718491,5447744,98.6
1787234718555,5409808,98.6
1787234718620,5312000,97.0
1787234718686,5291344,97.0
1787234718747,5302256,99.0
1787234718810,5280608,99.0
1787234718877,5241312,98.1
1787234718937,5252032,98.1
1787234718993,5242864,98.1
1787234719054,5191696,98.1
1787234719111,5163296,98.1
1787234719166,5172992,97.5
1787234719222,5150928,97.5
1787234719284,5162384,98.2
1787234719347,5154496,98.2
1787234719412,5136672,97.3
1787234719473,5147760,97.3
1787234719536,5159280,100.0
1787234719597,5170512,100.0
1787234719657,5157424,100.0
1787234719714,5168032,100.0
1787234719778,5165136,100.0
1787234719845,5148576,100.0
1787234719904,5128336,99.9
1787234719965,5075248,99.9
1787234720023,5085360,98.4
1787234720085,5071328,98.4
1787234720146,5059360,99.6
1787234720212,5008864,99.6
1787234720271,5019408,99.2
1787234720332,5030672,99.2
1787234720392,5041328,100.0
1787234720455,5017296,100.0
1787234720513,5028048,99.9
1787234720576,5039120,99.9
1787234720645,5013264,98.4
1787234720702,5023632,98.4
1787234720766,5009856,99.0
1787234720829,4999648,99.0
1787234720892,4976016,95.2
1787234720951,4953136,95.2
1787234721014,4964432,97.1
1787234721076,4975184,97.1
1787234721135,4965152,99.7
1787234721196,4959152,99.7
1787234721253,4931408,98.4
1787234721320,4920848,98.4
1787234721383,4918624,98.2
1787234721441,4928624,98.2
1787234721497,4914000,98.2
1787234721559,4924672,100.0
1787234721622,4935968,100.0
1787234721687,4917296,100.0
1787234721750,4911808,100.0
1787234721808,4922512,98.7
1787234721872,4893248,98.7
1787234721928,4871280,99.3
1787234721991,4846000,99.3
1787234722051,4829472,100.0
1787234722110,4839648,100.0
1787234722169,4811232,100.0
1787234722232,4822384,100.0
1787234722298,4801632,98.5
1787234722361,4813296,98.5
1787234722418,4776112,99.9
1787234722481,4783680,99.9
1787234722541,4735696,99.7
1787234722595,4745216,99.7
1787234722652,4755152,99.3
1787234722716,4750096,99.3
1787234722774,4725424,97.1
1787234722835,4735808,97.1
1787234722894,4711504,98.5
1787234722954,4691760,98.5
1787234723015,4674896,99.4
1787234723078,4521760,99.4
1787234723141,4532992,99.6
1787234723204,4544544,99.6
1787234723260,4554240,99.6
1787234723323,4542016,98.8
1787234723385,4519616,98.8
1787234723447,4530976,98.7
1787234723501,4514912,98.7
1787234723568,4503536,100.0
1787234723625,4514144,100.0
1787234723681,4508416,100.0
1787234723739,4496272,100.0
1787234723810,4466640,98.4
1787234723869,4477184,98.4
1787234723935,4457104,96.0
1787234723998,4468160,96.0
1787234724064,4377984,99.0
1787234724123,4359232,99.0
1787234724187,4370992,96.4
1787234724249,4382336,96.4
1787234724311,4393616,98.7
1787234724370,4404368,98.7
1787234724429,4415216,96.7
1787234724486,4425696,96.7
1787234724549,4437376,99.4
1787234724610,4448672,99.4
1787234724672,4459936,98.1
1787234724728,4470320,98.1
1787234724795,4453520,99.1
1787234724858,4439344,99.1
1787234724922,4450960,100.0
1787234724985,4440464,100.0
1787234725046,4368400,98.1
1787234725107,4321824,98.1
1787234725171,4259808,100.0
1787234725225,4240272,100.0
1787234725289,4202976,97.7
1787234725351,4203488,97.7
1787234725412,4166576,97.7
1787234725475,4157840,97.7
1787234725536,4144672,98.8
1787234725598,4133616,98.8
1787234725655,4103216,99.6
1787234725719,4104032,99.6
1787234725783,4097712,100.0
1787234725844,4092400,100.0
1787234725906,3896976,99.4
1787234725971,3854560,99.4
1787234726035,3850368,99.7
1787234726098,3841008,99.7
1787234726157,3851552,97.9
1787234726221,3842800,97.9
1787234726284,3834864,98.3
1787234726346,3833808,98.3
1787234726413,3819312,99.5
1787234726476,3804272,99.5
1787234726540,3759664,99.0
1787234726596,3755712,99.0
1787234726655,3625136,98.6
1787234726718,3556912,98.6
1787234726780,3528576,99.9
1787234726834,3538368,99.9
1787234726895,3516480,99.9
1787234726959,3526992,98.5
1787234727022,3538688,98.5
1787234727075,3513920,97.6
1787234727138,3524560,97.6
1787234727201,3517152,100.0
1787234727272,3491632,100.0
1787234727334,3502768,97.5
1787234727393,3483952,97.5
1787234727451,3494736,99.3
1787234727514,3480640,99.3
1787234727576,3459024,96.9
1787234727639,3470272,96.9
1787234727699,3452352,98.0
1787234727762,3441664,98.0
1787234727824,3452640,97.3
1787234727887,3412544,97.3
1787234727947,3407600,100.0
1787234728016,3395616,100.0
1787234728079,3390576,98.5
1787234728142,3376704,98.5
1787234728205,3387776,98.2
1787234728269,3160544,98.2
1787234728332,3171536,100.0
1787234728395,3157760,100.0
1787234728456,3169056,99.7
1787234728519,3148720,99.7
1787234728581,3146992,100.0
1787234728643,3134576,100.0
1787234728707,3106128,100.0
1787234728770,3117264,100.0
1787234728824,3120448,98.0
1787234728887,3103280,98.0
1787234728949,3092176,97.2
1787234729013,3040240,97.2
1787234729076,3036384,99.6
1787234729139,3041408,99.6
1787234729202,3053024,98.8
1787234729266,3040592,98.8
1787234729326,3040752,100.0
1787234729385,3045664,100.0
1787234729445,3056640,98.3
1787234729508,3068192,98.3
1787234729571,3079648,100.0
1787234729629,3090368,100.0
1787234729688,3101056,100.0
1787234729749,3112240,100.0
1787234729810,3123456,99.6
1787234729871,3134784,99.6
1787234729934,3146560,100.0
1787234729988,3156368,100.0
1787234730050,3167888,99.2
1787234730114,3175904,99.2
1787234730170,3161824,98.7
1787234730224,3171520,98.7
1787234730282,3176960,98.7
1787234730342,3168912,100.0
1787234730401,3178096,100.0
1787234730462,3138512,100.0
1787234730525,3149984,100.0
1787234730584,3141728,100.0
1787234730647,3125760,100.0
1787234730710,3117392,100.0
1787234730765,3104816,100.0
1787234730822,3115472,98.8
1787234730883,3094608,98.8
1787234730945,3086560,97.8
1787234731002,3075408,97.8
1787234731069,3061936,99.1
1787234731130,3073008,99.1
1787234731196,3060256,98.6
1787234731253,3070272,98.6
1787234731316,3063904,100.0
1787234731373,3073456,100.0
1787234731435,3065728,100.0
1787234731499,3058384,100.0
1787234731556,3033744,100.0
1787234731617,3043552,100.0
1787234731681,3050512,100.0
1787234731735,3036768,100.0
1787234731798,3021824,100.0
1787234731866,3005968,98.7
1787234731925,3016448,98.7
1787234731985,2997744,98.2
1787234732042,3008256,98.2
1787234732100,2994976,99.7
1787234732156,3003744,99.7
1787234732218,2999520,98.2
1787234732280,2999232,98.2
1787234732342,2992224,99.3
1787234732401,2968592,99.3
1787234732468,2966784,100.0
1787234732530,2978448,100.0
1787234732593,2976096,99.4
1787234732655,2987264,99.4
1787234732713,2985632,100.0
1787234732768,2986848,100.0
1787234732827,2968672,100.0
1787234732890,2946224,100.0
1787234732952,2956672,99.1
1787234733013,2942288,99.1
1787234733076,2928512,97.9
1787234733132,2938672,97.9
1787234733197,2922048,100.0
1787234733262,2786432,100.0
1787234733318,2770224,98.7
1787234733380,2781120,98.7
1787234733448,2737216,100.0
1787234733509,2748352,100.0
1787234733568,2714144,98.6
1787234733629,2725200,98.6
1787234733693,2710192,99.5
1787234733756,2693552,99.5
1787234733815,2704448,99.2
1787234733878,2692880,99.2
1787234733943,2681808,99.3
1787234734003,2675728,99.3
1787234734067,2671088,100.0
1787234734130,2682064,100.0
1787234734193,2681248,100.0
1787234734251,2641376,100.0
1787234734312,2652528,100.0
1787234734373,2645728,99.3
1787234734435,2657328,99.3
1787234734498,2668864,100.0
1787234734554,2679184,100.0
1787234734612,2689840,99.1
1787234734675,2701408,99.1
1787234734732,2712000,100.0
1787234734794,2723296,100.0
1787234734854,2734240,100.0
1787234734917,2745872,100.0
1787234734980,2755376,99.4
1787234735035,2740864,99.4
1787234735096,2752224,100.0
1787234735163,2737056,100.0
1787234735223,2747808,100.0
1787234735288,2713808,100.0
1787234735354,2695488,99.8
1787234735416,2706448,99.8
1787234735485,2688416,100.0
1787234735545,2699280,100.0
1787234735609,2693616,98.4
1787234735673,2672208,98.4
1787234735727,2682160,97.6
1787234735792,2689632,97.6
1787234735849,2670272,99.7
1787234735912,2674448,99.7
1787234735975,2686096,99.3
1787234736032,2696656,99.3
1787234736095,2683696,100.0
1787234736163,2666464,100.0
1787234736225,2677344,98.5
1787234736282,2659824,98.5
1787234736342,2656704,97.9
1787234736405,2655712,97.9
1787234736468,2666688,100.0
1787234736531,2649888,100.0
1787234736591,2640096,100.0
1787234736654,2624416,100.0
1787234736717,2635200,100.0
1787234736779,2624096,100.0
1787234736845,2605520,99.6
1787234736904,2616048,99.6
1787234736964,2609056,98.8
1787234737024,2590112,98.8
1787234737084,2579248,100.0
1787234737143,2570368,100.0
1787234737203,2579744,98.8
1787234737266,2575200,98.8
1787234737329,2568848,98.6
1787234737396,2557152,98.6
1787234737459,2568656,100.0
1787234737522,2539728,100.0
1787234737582,2536784,99.9
1787234737646,2532432,99.9
1787234737709,2525408,100.0
1787234737772,2536976,100.0
1787234737835,2528384,99.2
1787234737896,2518368,99.2
1787234737961,2493024,100.0
1787234738024,2448064,100.0
1787234738093,2418512,98.7
1787234738156,2412768,98.7
1787234738213,2449024,94.9
1787234738269,2414368,94.9
1787234738324,2395984,94.9
1787234738388,2382128,85.3
1787234738450,2182096,85.3
1787234738507,2301392,78.2
1787234738570,2321552,78.2
1787234738631,2346560,78.4
1787234738689,2427648,78.4
1787234738744,2491856,76.2
1787234738809,2521952,76.2
1787234738868,2665920,72.8
1787234738934,2815088,72.8
1787234738997,2954496,73.7
1787234739054,3121616,73.7
1787234739114,3266576,68.8
1787234739178,3438752,68.8
1787234739233,3615696,69.4
1787234739300,3766352,69.4
1787234739363,3889040,76.2
1787234739420,4007040,76.2
1787234739484,4189152,73.9
1787234739539,4304416,73.9
1787234739603,4404976,76.2
1787234739666,4526224,76.2
1787234739728,4620960,76.0
1787234739793,4727664,76.0
1787234739857,4781536,78.0
1787234739921,4789152,78.0
1787234739984,4740352,85.2
1787234740041,4750880,85.2
1787234740099,4743248,84.2
1787234740158,4780128,84.2
1787234740220,4777632,84.6
1787234740277,4852960,84.6
1787234740339,4929792,83.9
1787234740399,5011072,83.9
1787234740464,4981968,86.4
1787234740528,4985024,86.4
1787234740587,4976432,87.3
1787234740646,4961952,87.3
1787234740703,4973008,87.3
1787234740763,4906752,87.8
1787234740825,4910112,87.8
1787234740884,4881600,88.3
1787234740945,4832496,88.3
1787234741004,4764256,83.1
1787234741069,4749296,83.1
1787234741128,4781664,82.3
1787234741191,4764800,82.3
1787234741249,4748768,80.7
1787234741314,4781008,80.7
1787234741372,4833216,80.2
1787234741437,4827392,80.2
1787234741499,4988800,84.2
1787234741559,4931136,84.2
1787234741624,4844304,84.4
1787234741686,4837536,84.4
1787234741740,4829808,85.4
1787234741799,4821008,85.4
1787234741864,4756704,84.7
1787234741921,4707968,84.7
1787234741986,4709792,82.5
1787234742050,4710144,82.5
1787234742111,4769760,80.6
1787234742171,4745264,80.6
1787234742227,4710144,75.3
1787234742287,4648672,75.3
1787234742347,4618480,73.3
1787234742405,4638784,73.3
1787234742465,4616336,70.9
1787234742529,4622960,70.9
1787234742593,4646688,73.4
1787234742656,4670112,73.4
1787234742714,4673968,73.5
1787234742771,4657296,73.5
1787234742836,4623088,73.5
1787234742891,4590944,73.6
1787234742951,4571584,73.6
1787234743015,4679376,73.6
1787234743075,4705504,73.6
1787234743140,4674064,74.8
1787234743209,4615984,74.8
1787234743273,4549136,69.7
1787234743338,4427984,69.7
1787234743398,4415984,67.0
1787234743459,4499376,67.0
1787234743520,4480560,70.1
1787234743578,4476208,70.1
1787234743641,4479504,68.4
1787234743702,4467920,68.4
1787234743765,4452512,67.2
1787234743826,4465824,67.2
1787234743887,4466624,66.1
1787234743951,4452256,66.1
1787234744006,4474544,67.4
1787234744063,4534560,67.4
1787234744127,4618688,69.1
1787234744187,4660256,69.1
1787234744245,4628192,73.5
1787234744300,4577568,73.5
1787234744365,4641856,73.2
1787234744426,4663984,73.2
1787234744489,4676288,74.0
1787234744544,4859872,74.0
1787234744601,4859856,76.6
1787234744661,4862064,76.6
1787234744716,4796608,75.2
1787234744775,4807664,75.2
1787234744838,4859104,75.2
1787234744899,4765696,75.5
1787234744958,4810048,75.5
1787234745023,4766800,75.7
1787234745086,4755936,75.7
1787234745152,4695856,76.5
1787234745213,4655600,76.5
1787234745279,4650112,76.3
1787234745334,4626016,76.3
1787234745392,4608160,78.2
1787234745447,4620304,78.2
1787234745509,4629296,76.4
1787234745571,4638208,76.4
1787234745638,4594624,74.7
1787234745694,4573872,74.7
1787234745757,4471904,73.1
1787234745818,4488960,73.1
1787234745880,4504416,74.2
1787234745938,4467920,74.2
1787234745996,4514048,74.2
1787234746062,4525328,74.2
1787234746127,4607856,75.6
1787234746189,4603264,75.6
1787234746247,4640784,76.6
1787234746311,4664016,76.6
1787234746375,4616304,75.8
1787234746436,4653936,75.8
1787234746499,4563184,76.0
1787234746555,4545728,76.0
1787234746617,4624080,75.4
1787234746683,4596416,75.4
1787234746742,4481424,75.6
1787234746800,4432896,75.6
1787234746855,4409776,75.7
1787234746915,4472160,75.7
1787234746972,4532432,76.9
1787234747030,4585680,76.9
1787234747085,4634624,76.9
1787234747149,4652224,77.4
1787234747213,4627168,77.4
1787234747271,4611152,76.6
1787234747330,4672144,76.6
1787234747385,4673920,77.1
1787234747449,4699040,77.1
1787234747514,4679824,77.1
1787234747579,4670816,77.1
1787234747642,4675440,76.6
1787234747704,4683568,76.6
1787234747757,4672512,76.7
1787234747816,4683104,76.7
1787234747874,4705296,75.5
1787234747929,4632192,75.5
1787234747987,4685984,76.1
1787234748048,4716720,76.1
1787234748106,4777632,77.7
1787234748163,4842064,77.7
1787234748219,4874992,84.3
1787234748283,4861248,84.3
1787234748345,4783872,83.1
1787234748409,4780784,83.1
1787234748470,4843552,86.6
1787234748534,4902432,86.6
1787234748597,5054432,89.7
1787234748652,5128816,89.7
1787234748709,5216688,89.7
1787234748773,5128976,92.5
1787234748839,5090192,92.5
1787234748894,4716048,86.9
1787234748951,4656032,86.9
1787234749006,4727808,80.3
1787234749068,4656656,80.3
1787234749132,4609136,76.3
1787234749197,4557088,76.3
1787234749262,4687760,72.9
1787234749318,4672848,72.9
1787234749372,4659072,79.1
1787234749436,4665136,79.1
1787234749492,4653216,86.1
1787234749549,4679584,86.1
1787234749607,4706912,89.8
1787234749661,4745680,89.8
1787234749723,4774352,91.1
1787234749786,4699808,91.1
1787234749848,4778032,91.6
1787234749903,4801984,91.6
1787234749957,4749840,91.6
1787234750020,4759632,94.3
1787234750084,4811568,94.3
1787234750147,4860992,96.3
1787234750211,4898960,96.3
1787234750271,4927536,98.7
1787234750331,4873536,98.7
1787234750390,4872400,96.9
1787234750453,4871840,96.9
1787234750516,4893936,100.0
1787234750580,4911184,100.0
1787234750641,4918384,100.0
1787234750705,4956608,100.0
1787234750765,5020272,95.2
1787234750820,5008048,95.2
1787234750879,5128080,89.5
1787234750935,5134672,89.5
1787234750993,5160912,89.1
1787234751047,5165024,89.1
1787234751113,5165824,82.8
1787234751177,5183984,82.8
1787234751242,5175120,79.3
1787234751308,5066000,79.3
1787234751371,5018160,77.1
1787234751429,4992272,77.1
1787234751493,5008064,77.8
1787234751555,4893088,77.8
1787234751613,4893536,78.1
1787234751672,4896912,78.1
1787234751731,4923184,79.9
1787234751790,4901536,79.9
1787234751847,4983056,79.9
1787234751902,4906800,80.5
1787234751967,4890400,80.5
1787234752031,4938896,78.4
1787234752094,4988816,78.4
1787234752154,5002560,74.2
1787234752208,5084528,74.2
1787234752267,5076672,71.0
1787234752324,5065616,71.0
1787234752384,4988624,72.4
1787234752443,4934320,72.4
1787234752504,4968720,73.0
1787234752567,4910208,73.0
1787234752623,4832448,72.1
1787234752677,4808624,72.1
1787234752740,4823632,75.3
1787234752795,4829376,75.3
1787234752853,4846512,75.3
1787234752910,4904096,77.3
1787234752969,5011472,77.3
1787234753029,5035440,80.8
1787234753090,5054864,80.8
1787234753152,5037200,80.4
1787234753207,5117040,80.4
1787234753262,5186944,82.8
1787234753317,5247008,82.8
1787234753379,5110384,80.5
1787234753441,5173184,80.5
1787234753496,5141168,80.8
1787234753553,5082544,80.8
1787234753610,5091200,80.5
1787234753665,5106256,80.5
1787234753720,5208688,80.5
1787234753774,5227504,86.1
1787234753832,5163424,86.1
1787234753887,5118288,86.1
1787234753945,5053936,86.1
1787234753999,5094048,83.8
1787234754056,5140544,83.8
1787234754114,5092864,85.4
1787234754175,5020576,85.4
1787234754233,4981232,85.4
1787234754292,4968656,82.5
1787234754350,4953760,82.5
1787234754407,4914736,83.4
1787234754468,4882176,83.4
1787234754532,4992272,81.7
1787234754595,5200064,81.7
1787234754652,5341280,86.7
1787234754707,5302048,86.7
1787234754771,5247584,87.6
1787234754831,5246128,87.6
1787234754885,5197120,87.0
1787234754940,5146256,87.0
1787234754995,5124160,85.2
1787234755059,5126656,85.2
1787234755118,5083504,83.8
1787234755177,5071584,83.8
1787234755237,5048224,82.0
1787234755300,5063328,82.0
1787234755361,5087312,82.0
1787234755428,5068464,81.1
1787234755488,5054928,80.3
1787234755551,5087744,80.3
1787234755608,5145136,80.3
1787234755667,5173104,82.0
1787234755721,5171984,82.0
1787234755783,5139280,81.5
1787234755845,5233424,81.5
1787234755904,5218576,81.5
1787234755970,5294176,81.5
1787234756034,5320704,84.7
1787234756088,5321584,84.7
1787234756145,5364720,81.9
1787234756208,5362464,81.9
1787234756264,5329392,81.0
1787234756327,5307040,81.0
1787234756385,5331824,81.8
1787234756454,5387664,81.8
1787234756518,5384064,80.2
1787234756579,5301952,80.2
1787234756644,5146592,77.8
1787234756702,5191696,77.8
1787234756766,5138480,77.7
1787234756831,5169936,77.7
1787234756885,5130880,77.5
1787234756945,5155584,77.5
1787234757006,5195264,79.8
1787234757067,5269616,79.8
1787234757122,5343456,85.3
1787234757182,5583024,85.3
1787234757242,5587968,85.3
1787234757307,5531680,88.6
1787234757365,5612736,88.6
1787234757422,5603904,83.7
1787234757480,5567008,83.7
1787234757543,5578208,80.2
1787234757607,5571824,80.2
1787234757664,5553376,77.7
1787234757721,5598160,77.7
1787234757785,5547728,74.9
1787234757842,5517728,74.9
1787234757906,5447264,75.7
1787234757967,5398048,75.7
1787234758024,5365968,73.4
1787234758089,5313936,73.4
1787234758154,5470464,74.5
1787234758218,5532928,74.5
1787234758284,5493552,75.5
1787234758338,5416112,75.5
1787234758405,5199616,73.0
1787234758470,5155728,73.0
1787234758525,5122080,75.8
1787234758585,5140256,75.8
1787234758643,5177536,76.9
1787234758708,5175920,76.9
1787234758764,5176816,77.8
1787234758822,5146064,77.8
1787234758882,5152432,78.6
1787234758937,5156944,78.6
1787234758994,5153664,79.1
1787234759059,5157904,79.1
1787234759115,5111024,79.1
1787234759175,5174992,79.3
1787234759236,5199280,79.3
1787234759293,5236704,79.8
1787234759355,5261328,79.8
1787234759413,5216272,76.3
1787234759472,5193952,76.3
1787234759538,5205328,76.5
1787234759603,5193616,76.5
1787234759668,5266832,75.3
1787234759722,5222336,75.3
1787234759787,5256144,77.2
1787234759845,5316448,77.2
1787234759904,5299104,77.5
1787234759969,5375344,77.5
1787234760034,5348912,78.6
1787234760094,5261104,78.6
1787234760151,5248992,77.8
1787234760216,5287696,77.8
1787234760274,5246512,77.1
1787234760329,5251152,77.1
1787234760385,5285200,77.2
1787234760450,5266960,77.2
1787234760509,5256096,78.4
1787234760573,5179520,78.4
1787234760631,5266096,72.7
1787234760692,5248496,72.7
1787234760748,5243520,73.1
1787234760812,5236608,73.1
1787234760875,5153248,71.4
1787234760932,5150160,71.4
1787234760998,5168720,71.4
1787234761064,5136816,69.0
1787234761127,5137856,70.2
1787234761194,5128320,70.2
1787234761251,5170128,67.7
1787234761307,5196976,67.7
1787234761369,5184624,67.7
1787234761426,5257536,66.7
1787234761481,5254864,66.7
1787234761542,5130368,70.1
1787234761598,5049872,70.1
1787234761655,5052336,70.2
1787234761718,5056400,70.2
1787234761779,5020928,69.6
1787234761843,5037200,69.6
1787234761899,4988144,66.3
1787234761961,4936464,66.3
1787234762019,4919952,69.1
1787234762076,4989696,69.1
1787234762139,5037296,69.9
1787234762197,5062560,69.9
1787234762257,5103520,73.3
1787234762322,5085392,73.3
1787234762383,5111872,74.6
1787234762439,5108224,74.6
1787234762495,5116656,74.6
1787234762550,5098736,75.3
1787234762611,5141392,75.3
1787234762665,5140176,78.1
1787234762722,5192592,78.1
1787234762778,5199424,78.2
1787234762842,5212128,78.2
1787234762907,5260944,78.3
1787234762969,5371040,78.3
1787234763030,5535632,80.6
1787234763095,5549328,80.6
1787234763159,5476128,79.0
1787234763220,5485184,79.0
1787234763277,5237760,77.7
1787234763336,5237792,77.7
1787234763399,5148304,73.7
1787234763463,5071904,73.7
1787234763522,5069808,73.8
1787234763582,5046096,73.8
1787234763645,5006816,74.9
1787234763708,4986912,74.9
1787234763768,4939056,74.8
1787234763832,4928272,74.8
1787234763887,4932880,77.3
1787234763950,4893696,77.3
1787234764015,4917520,76.2
1787234764080,4924848,76.2
1787234764144,4959488,76.8
1787234764205,4972624,76.8
1787234764262,4965408,76.8
1787234764324,4964768,76.8
1787234764388,5129632,78.4
1787234764450,5133792,78.4
1787234764505,5141232,78.4
1787234764562,5184368,76.9
1787234764626,5211968,76.9
1787234764680,5259536,79.2
1787234764741,5285984,79.2
1787234764806,5358896,79.5
1787234764872,5400880,79.5
1787234764930,5433744,79.3
1787234764987,5442752,79.3
1787234765042,5434672,78.0
1787234765107,5413232,78.0
1787234765161,5436864,78.9
1787234765219,5468464,78.9
1787234765277,5463856,77.3
1787234765337,5434576,77.3
1787234765399,5472368,76.7
1787234765454,5469680,76.7
1787234765511,5452768,77.4
1787234765576,5411584,77.4
1787234765640,5392848,76.1
1787234765705,5409760,76.1
1787234765761,5395904,76.6
1787234765824,5391888,76.6
1787234765879,5369360,76.6
1787234765939,5327120,77.4
1787234766000,5349760,77.4
1787234766055,5342128,75.7
1787234766115,5373440,75.7
1787234766172,5367664,76.5
1787234766229,5396496,76.5
1787234766288,5355392,76.6
1787234766345,5372944,76.6
1787234766411,5363776,77.1
1787234766472,5346752,77.1
1787234766538,5401904,78.2
1787234766604,5280448,78.2
1787234766669,5293312,77.0
1787234766728,5306368,77.0
1787234766792,5292544,76.1
1787234766857,5304240,76.1
1787234766923,5334384,77.5
1787234766977,5331024,77.5
1787234767041,5346464,77.7
1787234767102,5361824,77.7
1787234767164,5357264,78.1
1787234767219,5391968,78.1
1787234767281,5391696,77.1
1787234767340,5352480,77.1
1787234767405,5417968,76.5
1787234767466,5387520,76.5
1787234767529,5363200,75.3
1787234767584,5364864,75.3
1787234767640,5373264,77.3
1787234767704,5372880,77.3
1787234767766,5327952,76.2
1787234767830,5363776,76.2
1787234767897,5238256,74.8
1787234767961,5251824,74.8
1787234768016,5325680,76.3
1787234768077,5345152,76.3
1787234768140,5287120,77.2
1787234768198,5311312,77.2
1787234768259,5287600,77.2
1787234768320,5289328,77.7
1787234768383,5279664,77.7
1787234768449,4967024,76.0
1787234768510,4995088,76.0
1787234768574,4986992,71.9
1787234768633,4996160,71.9
1787234768693,4992592,74.1
1787234768752,4976912,74.1
1787234768817,5000880,74.0
1787234768882,5014704,74.0
1787234768947,5018336,77.2
1787234769012,4990720,77.2
1787234769069,5028432,76.9
1787234769125,5051392,76.9
1787234769187,5007008,77.7
1787234769250,5006240,77.7
1787234769314,5087520,77.0
1787234769377,5067520,77.0
1787234769440,5039584,76.2
1787234769505,5104288,76.2
1787234769568,5120800,76.3
1787234769632,5171536,76.3
1787234769688,5235824,76.7
1787234769743,5267952,76.7
1787234769808,5239648,78.6
1787234769868,5328432,78.6
1787234769928,5234704,77.8
1787234769992,5294416,77.8
1787234770057,5330896,77.2
1787234770120,5311984,77.2
1787234770184,5339728,76.8
1787234770244,5311968,76.8
1787234770301,5261584,76.8
1787234770360,5257696,76.8
1787234770424,5274192,76.3
1787234770477,5272688,76.3
1787234770543,5264320,76.5
1787234770606,5250688,76.5
1787234770661,5265920,76.3
1787234770717,5276816,76.3
1787234770770,5237488,77.5
1787234770824,5238608,77.5
1787234770888,5240992,77.5
1787234770949,5211488,78.1
1787234771015,5226416,78.1
1787234771071,5268880,77.6
1787234771134,5271744,77.6
1787234771199,5247568,79.2
1787234771257,5288976,79.2
1787234771322,5283216,78.0
1787234771381,5342816,78.0
1787234771442,5345600,77.2
1787234771504,5333024,77.2
1787234771570,5312336,77.7
1787234771633,5208144,77.7
1787234771694,5226032,75.4
1787234771755,5254688,75.4
1787234771819,5231360,76.3
1787234771873,5251296,76.3
1787234771931,5112528,76.9
1787234771996,5111184,76.9
1787234772053,5082720,75.8
1787234772118,5096400,75.8
1787234772176,5117536,76.8
1787234772244,5077296,76.8
1787234772307,5103632,78.4
1787234772374,5080448,78.4
1787234772432,5057440,76.9
1787234772494,5074032,76.9
1787234772555,5043104,78.7
1787234772620,5053312,78.7
1787234772677,5060240,76.1
1787234772733,5016048,76.1
1787234772799,4994112,76.2
1787234772859,4970864,76.2
1787234772917,4936848,76.8
1787234772978,4947952,76.8
1787234773044,5045904,76.3
1787234773108,5067024,76.3
1787234773164,5060576,78.8
1787234773229,5061472,78.8
1787234773292,4925568,75.9
1787234773356,4931856,75.9
1787234773418,4937008,76.0
1787234773482,4899552,76.0
1787234773536,4900864,78.5
1787234773590,4913776,78.5
1787234773653,4898160,79.2
1787234773709,4890256,79.2
1787234773766,4845840,79.2
1787234773827,4815744,78.0
1787234773892,4867024,78.0
1787234773950,4829088,77.6
1787234774010,4810080,77.6
1787234774073,4838656,76.0
1787234774139,4857280,76.0
1787234774194,4860480,77.7
1787234774249,4935840,77.7
1787234774315,4876304,76.6
1787234774379,4864896,76.6
1787234774437,4856704,77.4
1787234774502,4856000,77.4
1787234774569,4834576,76.8
1787234774628,4877696,76.8
1787234774689,4925312,77.2
1787234774749,5059632,77.2
1787234774815,5126032,80.2
1787234774880,5166656,80.2
1787234774940,5098064,79.3
1787234775011,4987296,79.3
1787234775068,5054336,78.0
1787234775133,5076032,78.0
1787234775198,5116000,78.7
1787234775263,5120592,78.7
1787234775328,5134128,77.2
1787234775386,5096384,77.2
1787234775450,5111856,77.5
1787234775514,5098880,77.5
1787234775576,5028592,78.3
1787234775638,4976320,78.3
1787234775704,4914016,74.0
1787234775761,4887760,74.0
1787234775826,4862944,73.1
1787234775884,4825184,73.1
1787234775947,4727744,74.8
1787234776011,4722448,74.8
1787234776074,4715456,75.9
1787234776134,4732064,75.9
1787234776193,4747776,77.0
1787234776251,4785520,77.0
1787234776312,4790656,76.5
1787234776370,4734208,76.5
1787234776436,4748816,77.2
1787234776496,4739808,77.2
1787234776563,4612272,77.5
1787234776627,4568272,77.5
1787234776687,4559936,78.1
1787234776744,4581360,78.1
1787234776800,4540864,75.9
1787234776862,4633776,75.9
1787234776925,4698928,77.4
1787234776980,4683360,77.4
1787234777040,4686736,78.7
1787234777095,4738944,78.7
1787234777154,4744000,79.3
1787234777219,4801200,79.3
1787234777277,4858928,79.3
1787234777341,4852352,78.0
1787234777396,4852160,78.0
1787234777462,4869728,76.9
1787234777522,4814544,76.9
1787234777586,4760656,76.9
1787234777647,4814928,76.9
1787234777702,4842720,76.3
1787234777759,4791344,76.3
1787234777822,4818928,77.8
1787234777875,4783248,77.8
1787234777930,4764672,77.4
1787234777995,4762304,77.4
1787234778061,4774416,77.8
1787234778120,4812368,77.8
1787234778178,4837104,77.7
1787234778235,4814320,77.7
1787234778290,4826928,76.3
1787234778355,4860336,76.3
1787234778418,4887568,76.5
1787234778473,4900224,76.5
1787234778531,4613696,72.7
1787234778597,4524832,72.7
1787234778656,4512896,72.7
1787234778709,4485744,74.4
1787234778773,4494496,74.4
1787234778840,4474400,75.2
1787234778905,4439856,75.2
1787234778961,4515536,74.6
1787234779017,4492560,74.6
1787234779071,4450064,77.7
1787234779126,4478480,77.7
1787234779183,4544160,77.2
1787234779243,4597184,77.2
1787234779297,4657680,76.9
1787234779359,4659376,76.9
1787234779414,4656832,77.3
1787234779473,4589040,77.3
1787234779531,4588000,77.3
1787234779589,4549056,77.7
1787234779642,4558176,77.7
1787234779699,4599312,78.2
1787234779763,4607040,78.2
1787234779818,4678208,76.8
1787234779877,4715904,76.8
1787234779940,4675792,78.0
1787234780002,4812800,78.0
1787234780067,4809376,80.0
1787234780121,4813168,80.0
1787234780187,4878144,79.5
1787234780254,4870480,79.5
1787234780312,4850304,77.1
1787234780377,4858352,77.1
1787234780434,4889088,77.2
1787234780498,4864256,77.2
1787234780561,4892400,78.3
1787234780619,4889024,78.3
1787234780684,4911744,78.4
1787234780747,4930416,78.4
1787234780811,4915056,77.1
1787234780871,4883552,77.1
1787234780937,4916352,78.8
1787234781000,4867200,78.8
1787234781065,4852304,77.1
1787234781122,4838096,77.1
1787234781188,4621856,76.7
1787234781253,4827440,76.7
1787234781315,4769392,73.2
1787234781376,4719072,73.2
1787234781432,4718016,72.2
1787234781489,4699952,72.2
1787234781548,4722288,72.9
1787234781612,4698816,72.9
1787234781670,4654208,71.5
1787234781727,4527616,71.5
1787234781787,4454192,70.5
1787234781848,4399456,70.5
1787234781904,4375616,70.5
1787234781970,4447408,71.8
1787234782030,4504512,71.8
1787234782093,4509504,73.2
1787234782150,4536384,73.2
1787234782210,4537472,75.0
1787234782274,4615488,75.0
1787234782336,4679392,75.4
1787234782391,4675408,75.4
1787234782455,4664784,77.5
1787234782512,4662496,77.5
1787234782577,4627808,78.4
1787234782643,4534496,78.4
1787234782708,4620816,77.1
1787234782765,4716528,77.1
1787234782825,4860384,80.0
1787234782888,4816528,80.0
1787234782950,4810016,79.0
1787234783014,4913216,79.0
1787234783070,4934896,81.7
1787234783124,4954544,81.7
1787234783188,4975168,80.2
1787234783250,4961280,80.2
1787234783314,4929728,79.6
1787234783374,4877248,79.6
1787234783438,4849056,76.1
1787234783493,4843632,76.1
1787234783558,4841616,75.6
1787234783614,4846080,75.6
1787234783675,4870512,78.0
1787234783729,4914112,78.0
1787234783799,4770576,73.9
1787234783862,4778224,73.9
1787234783922,5002192,67.5
1787234783981,5183072,67.5
1787234784046,5188224,67.2
1787234784102,5117072,67.2
1787234784159,5104960,67.2
1787234784214,5086816,69.1
1787234784278,5079632,69.1
1787234784336,5108624,70.5
1787234784392,5090848,70.5
1787234784460,5048480,71.5
1787234784527,5112736,71.5
1787234784589,5104384,69.3
1787234784650,5084896,69.3
1787234784713,5053344,71.5
1787234784773,5014720,71.5
1787234784829,5044064,72.4
1787234784888,5024944,72.4
1787234784953,5008096,74.1
1787234785016,4994784,74.1
1787234785081,5002608,76.8
1787234785145,5040512,76.8
1787234785209,5029728,76.2
1787234785262,4999376,76.2
1787234785328,5146512,75.7
1787234785388,5146976,75.7
1787234785452,5126320,78.9
1787234785513,5123984,78.9
1787234785573,5103680,75.8
1787234785638,5106240,75.8
1787234785704,5121232,75.1
1787234785768,5092416,75.1
1787234785833,5020352,75.1
1787234785891,4835216,75.1
1787234785948,4713536,71.4
1787234786009,4652720,71.4
1787234786069,4680288,73.7
1787234786132,4686752,73.7
1787234786187,4664064,74.5
1787234786248,4646720,74.5
1787234786307,4604672,74.8
1787234786373,4585872,74.8
1787234786435,4596368,74.9
1787234786490,4578800,74.9
1787234786554,4533920,74.7
1787234786614,4342016,74.7
1787234786675,4258128,74.7
1787234786735,4301120,74.7
1787234786795,4261024,75.7
1787234786858,4283936,75.7
1787234786921,4294704,77.2
1787234786985,4230304,77.2
1787234787042,4277168,77.2
1787234787108,4269744,76.3
1787234787165,4365968,76.3
1787234787226,4487856,77.7
1787234787289,4560896,77.7
1787234787352,4589760,77.5
1787234787410,4591296,77.5
1787234787471,4659424,74.1
1787234787528,4645424,74.1
1787234787591,4669536,74.8
1787234787648,4696176,74.8
1787234787714,4697072,75.9
1787234787783,4599392,75.9
1787234787848,4540400,73.5
1787234787903,4524960,73.5
1787234787961,4579520,73.7
1787234788019,4663280,73.7
1787234788081,4742176,79.3
1787234788136,4731760,79.3
1787234788206,4502880,76.3
1787234788269,4477088,76.3
1787234788327,4459728,73.8
1787234788392,4509584,73.8
1787234788455,4486160,77.1
1787234788519,4471072,77.1
1787234788577,4417808,78.1
1787234788642,4442848,78.1
1787234788696,4441936,78.1
1787234788761,4408992,78.1
1787234788822,4379360,77.4
1787234788882,4397936,77.4
1787234788945,4394112,76.6
1787234789000,4363904,76.6
1787234789058,4387472,78.1
1787234789117,4370304,78.1
1787234789180,4400672,75.5
1787234789234,4411136,75.5
1787234789289,4363968,75.5
1787234789354,4348576,75.0
1787234789418,4368000,75.0
1787234789477,4437952,75.7
1787234789542,4447456,75.7
1787234789598,4434928,77.6
1787234789662,4405824,77.6
1787234789721,4472816,78.6
1787234789780,4618160,78.6
1787234789836,4629568,78.9
1787234789897,4647408,78.9
1787234789957,4637760,78.5
1787234790015,4619392,78.5
1787234790080,4608624,79.2
1787234790136,4651952,79.2
1787234790198,4666912,79.2
1787234790264,4639472,79.2
1787234790324,4632016,78.6
1787234790389,4692032,78.6
1787234790455,4681552,76.7
1787234790518,4567056,76.7
1787234790575,4645408,77.2
1787234790634,4679936,77.2
1787234790691,4714768,78.7
1787234790755,4736288,78.7
1787234790813,4673552,77.7
1787234790870,4633952,77.7
1787234790925,4661392,76.9
1787234790988,4706704,76.9
1787234791048,4627744,75.8
1787234791111,4639344,75.8
1787234791170,4636448,75.8
1787234791229,4650768,77.4
1787234791283,4658528,77.4
1787234791343,4640624,73.8
1787234791408,4590288,73.8
1787234791468,4630464,73.5
1787234791527,4628816,73.5
1787234791584,4641056,75.7
1787234791644,4568736,75.7
1787234791708,4575888,75.7
1787234791764,4645808,75.7
1787234791818,4660832,77.0
1787234791884,4655984,77.0
1787234791947,4609280,76.8
1787234792011,4588672,76.8
1787234792076,4608000,80.6
1787234792142,4607904,80.6
1787234792201,4647136,79.2
1787234792267,4618512,79.2
1787234792326,4647696,78.6
1787234792387,4643968,78.6
1787234792445,4658992,77.2
1787234792506,4679824,77.2
1787234792563,4666544,77.4
1787234792629,4650640,77.4
1787234792693,4681824,78.3
1787234792751,4611264,78.3
1787234792811,4669616,78.7
1787234792871,4646576,78.7
1787234792934,4677248,78.7
1787234792995,4650672,78.7
1787234793059,4763984,78.8
1787234793124,4763936,78.8
1787234793189,4813440,78.4
1787234793263,4749056,78.4
1787234793327,4856288,78.2
1787234793390,5225776,78.2
1787234793451,5262848,78.6
1787234793506,5227920,78.6
1787234793565,5178704,76.1
1787234793628,5194528,76.1
1787234793685,5192752,75.4
1787234793753,5182416,75.4
1787234793819,5123456,73.2
1787234793883,5096064,73.2
1787234793947,5020640,71.1
1787234794004,5062448,71.1
1787234794070,5036016,74.5
1787234794132,5067264,74.5
1787234794196,5038672,75.9
1787234794260,5028368,75.9
1787234794315,4977440,75.3
1787234794372,4907408,75.3
1787234794430,4915360,75.3
1787234794494,4945408,76.0
1787234794551,4926304,76.0
1787234794616,4818256,75.3
1787234794679,4811536,75.3
1787234794744,4810128,72.7
1787234794808,4827808,73.3
1787234794868,4935280,73.3
1787234794933,4935072,75.6
1787234794994,4941056,75.6
1787234795054,4927040,75.6
1787234795119,4932992,77.5
1787234795176,4927888,77.5
1787234795235,4938416,78.5
1787234795299,4935936,78.5
1787234795356,4986144,77.9
1787234795415,4972704,77.9
1787234795481,4996896,76.6
1787234795547,5020448,76.6
1787234795612,5005104,76.8
1787234795676,4978000,76.8
1787234795730,5013200,75.9
1787234795794,5029488,75.9
1787234795849,5016688,79.7
1787234795907,4989568,79.7
1787234795965,4968768,76.2
1787234796030,5031456,76.2
1787234796090,5053472,76.0
1787234796151,5069920,76.0
1787234796215,5096448,75.4
1787234796279,5042272,75.4
1787234796340,5032240,75.4
1787234796400,5047776,75.4
1787234796462,5036432,75.4
1787234796526,5043040,75.4
1787234796590,4921808,76.0
1787234796649,4914816,76.0
1787234796715,4888816,76.0
1787234796770,4881728,76.0
1787234796830,4885968,74.7
1787234796895,4854112,74.7
1787234796949,4856624,76.0
1787234797008,4862960,76.0
1787234797070,4843072,76.9
1787234797134,4858368,76.9
1787234797191,4876368,76.8
1787234797257,4889680,76.8
1787234797315,4897936,76.7
1787234797376,4887200,76.7
1787234797439,4899568,77.1
1787234797494,4876496,77.1
1787234797553,4873408,77.1
1787234797616,4860864,76.8
1787234797675,4920368,76.8
1787234797731,4894128,77.4
1787234797793,4872336,77.4
1787234797853,4879008,77.4
1787234797920,4819136,77.4
1787234797986,4768864,75.6
1787234798047,4806464,75.6
1787234798102,4933008,77.6
1787234798158,4792656,77.6
1787234798219,4594512,75.0
1787234798281,4784048,75.0
1787234798340,4741264,73.3
1787234798397,4748624,73.3
1787234798462,4481088,69.6
1787234798517,4505600,69.6
1787234798574,4483008,71.7
1787234798630,4536000,71.7
1787234798687,4427648,71.7
1787234798752,4394368,71.4
1787234798807,4418560,71.4
1787234798861,4408656,71.4
1787234798916,4367440,71.4
1787234798983,4349936,72.9
1787234799038,4375072,72.9
1787234799094,4481472,69.2
1787234799151,4461072,69.2
1787234799206,4475264,70.2
1787234799262,4503456,70.2
1787234799323,4433136,69.6
1787234799385,4430672,69.6
1787234799442,4399232,69.6
1787234799498,4426560,73.9
1787234799562,4754256,73.9
1787234799626,4904160,75.4
1787234799690,4946096,75.4
1787234799748,4933840,74.8
1787234799814,4892320,74.8
1787234799873,4818640,70.5
1787234799929,4761616,70.5
1787234799992,4738176,70.0
1787234800053,4734480,70.0
1787234800108,4756576,71.2
1787234800162,4766416,71.2
1787234800217,4810944,72.7
1787234800280,4823408,72.7
1787234800342,4773520,73.6
1787234800404,4767712,73.6
1787234800467,4825728,76.8
1787234800532,4831488,76.8
1787234800593,4912400,79.8
1787234800654,4960688,79.8
1787234800718,5042864,88.5
1787234800781,5089584,88.5
1787234800841,5064272,87.0
1787234800903,4956624,87.0
1787234800958,4977536,82.7
1787234801013,4980768,82.7
1787234801076,5015216,84.3
1787234801138,5046208,84.3
1787234801194,5094880,84.3
1787234801250,5097456,90.5
1787234801310,5124384,90.5
1787234801364,5137760,91.2
1787234801424,5146112,91.2
1787234801488,5182416,94.2
1787234801547,5210688,94.2
1787234801605,5097552,94.1
1787234801669,5124464,94.1
1787234801724,5129328,95.7
1787234801788,5070032,95.7
1787234801848,5056784,97.3
1787234801907,5008896,97.3
1787234801965,5006064,96.6
1787234802023,5000416,96.6
1787234802086,4972384,99.9
1787234802148,4969152,99.9
1787234802203,4965056,98.4
1787234802266,4929648,98.4
1787234802323,4916768,98.4
1787234802387,4910464,99.1
1787234802444,4889968,99.1
1787234802502,4884288,100.0
1787234802560,4872848,100.0
1787234802623,4874144,100.0
1787234802687,4878368,100.0
1787234802747,4855552,100.0
1787234802812,4834816,100.0
1787234802871,4812544,98.8
1787234802933,4784816,98.8
1787234802996,4756112,99.4
1787234803059,4744464,99.4
1787234803119,4723232,100.0
1787234803182,4716000,100.0
1787234803244,4697760,100.0
1787234803308,4546208,100.0
1787234803368,4456192,97.3
1787234803426,4395152,97.3
1787234803486,4388912,98.3
1787234803546,4367120,98.3
1787234803605,4357152,97.5
1787234803668,4340128,97.5
1787234803731,4351744,99.1
1787234803798,4338272,99.1
1787234803851,4347984,99.3
1787234803910,4325136,99.3
1787234803973,4301888,97.5
1787234804037,4284416,97.5
1787234804100,4296000,98.2
1787234804163,4274352,98.2
1787234804225,4285296,98.7
1787234804282,4271248,98.7
1787234804346,4264480,98.8
1787234804409,4178080,98.8
1787234804463,4187440,99.1
1787234804528,4189280,99.1
1787234804587,4193200,98.9
1787234804644,4203248,98.9
1787234804703,4214000,98.9
1787234804765,4225344,100.0
1787234804824,4235840,100.0
1787234804884,4246752,100.0
1787234804938,4256064,100.0
1787234804996,4266576,98.9
1787234805054,4262880,98.9
1787234805113,4250608,100.0
1787234805172,4231200,100.0
1787234805232,4242416,99.1
1787234805296,4221728,99.1
1787234805350,4231424,100.0
1787234805413,4215856,100.0
1787234805475,4209680,100.0
1787234805540,4203872,100.0
1787234805601,4202288,100.0
1787234805664,4213312,100.0
1787234805721,4223520,99.4
1787234805782,4218416,99.4
1787234805847,4146144,99.0
1787234805905,3994288,99.0
1787234805959,3975776,99.0
1787234806016,3985776,98.9
1787234806073,3983120,98.9
1787234806136,3958832,99.4
1787234806201,3945392,99.4
1787234806264,3942352,98.2
1787234806321,3926720,98.2
1787234806389,3902512,99.2
1787234806452,3914032,99.2
1787234806514,3896416,100.0
1787234806578,3897568,100.0
1787234806638,3810240,99.3
1787234806701,3821888,99.3
1787234806758,3832048,100.0
1787234806816,3822064,100.0
1787234806875,3821936,100.0
1787234806938,3833264,100.0
1787234806990,3809120,100.0
1787234807045,3786992,100.0
1787234807108,3798368,100.0
1787234807174,3754384,100.0
1787234807237,3765568,96.7
1787234807299,3752912,96.7
1787234807357,3742736,98.0
1787234807420,3733792,98.0
1787234807483,3722320,100.0
1787234807547,3733664,100.0
1787234807610,3709136,100.0
1787234807669,3719952,100.0
1787234807735,3703952,100.0
1787234807794,3700432,100.0
1787234807860,3703728,98.4
1787234807916,3692016,98.4
1787234807977,3688432,100.0
1787234808040,3681872,100.0
1787234808102,3672384,100.0
1787234808160,3659632,100.0
1787234808216,3653760,100.0
1787234808270,3481840,100.0
1787234808326,3492176,100.0
1787234808389,3503712,99.9
1787234808452,3515312,99.9
1787234808514,3526656,99.3
1787234808576,3506704,99.3
1787234808642,3485808,99.6
1787234808707,3469152,99.6
1787234808760,3434704,100.0
1787234808821,3419040,100.0
1787234808883,3395536,98.1
1787234808945,3377360,98.1
1787234809011,3371120,100.0
1787234809071,3318720,100.0
1787234809130,3329328,100.0
1787234809192,3316880,100.0
1787234809254,3284608,99.6
1787234809318,3250000,99.6
1787234809381,3261248,98.7
1787234809444,3272784,98.7
1787234809507,3283616,100.0
1787234809570,3295168,100.0
1787234809633,3306656,98.8
1787234809691,3316944,98.8
1787234809754,3328464,100.0
1787234809817,3339936,100.0
1787234809876,3350656,99.9
1787234809939,3362384,99.9
1787234809994,3371744,98.4
1787234810053,3351488,98.4
1787234810115,3345168,99.5
1787234810177,3356176,99.5
1787234810240,3310768,99.6
1787234810304,3295120,99.6
1787234810367,3306032,100.0
1787234810428,3282800,100.0
1787234810489,3293488,98.4
1787234810551,3277536,98.4
1787234810614,3254256,99.3
1787234810668,3263792,99.3
1787234810731,3250032,99.4
1787234810786,3259856,99.4
1787234810842,3241488,99.4
1787234810904,3252624,100.0
1787234810964,3262576,100.0
1787234811024,3261264,98.7
1787234811087,3271072,98.7
1787234811149,3281504,100.0
1787234811209,3273072,100.0
1787234811270,3269632,100.0
1787234811329,3279952,100.0
1787234811390,3265232,98.7
1787234811444,3272000,98.7
1787234811507,3226544,100.0
1787234811571,3139920,100.0
1787234811627,3124880,100.0
1787234811689,3136528,100.0
1787234811752,3133152,98.9
1787234811813,3132992,98.9
1787234811871,3117616,99.6
1787234811937,3110000,99.6
1787234811998,3120896,99.6
1787234812061,3112064,99.6
1787234812116,3122000,100.0
1787234812176,3114720,100.0
1787234812242,3107200,99.5
1787234812299,3112832,99.5
1787234812358,3088976,99.5
1787234812421,3068480,100.0
1787234812484,3080016,100.0
1787234812547,3050528,98.4
1787234812613,3022192,99.9
1787234812678,3011200,99.9
1787234812739,3022416,98.8
1787234812798,3003376,98.8
1787234812859,2987072,98.8
1787234812924,2991680,99.4
1787234812987,2997872,99.7
1787234813048,2982288,99.7
1787234813108,2971312,99.7
1787234813171,2973984,100.0
1787234813233,2969360,100.0
1787234813288,2819728,100.0
1787234813341,2829216,100.0
1787234813405,2840784,99.1
1787234813463,2851440,99.1
1787234813522,2862416,100.0
1787234813585,2874000,100.0
1787234813644,2884928,99.1
1787234813702,2895712,99.1
1787234813762,2906768,100.0
1787234813825,2897120,100.0
1787234813882,2907728,98.7
1787234813945,2884112,98.7
1787234814002,2872880,100.0
1787234814061,2858784,100.0
1787234814120,2844672,98.5
1787234814181,2830880,98.5
1787234814244,2792128,100.0
1787234814303,2788880,100.0
1787234814366,2778976,98.7
1787234814428,2790096,98.7
1787234814491,2801584,100.0
1787234814544,2810976,100.0
1787234814605,2821824,100.0
1787234814666,2832768,99.1
1787234814723,2842784,99.1
1787234814787,2854224,100.0
1787234814842,2864384,100.0
1787234814906,2875936,100.0
1787234814961,2886416,100.0
1787234815019,2872032,99.2
1787234815087,2865872,99.2
1787234815150,2855888,100.0
1787234815212,2857856,100.0
1787234815275,2853024,100.0
1787234815338,2843616,100.0
1787234815393,2836624,99.3
1787234815456,2830512,99.3
1787234815519,2817152,98.7
1787234815582,2813408,98.7
1787234815639,2805136,99.6
1787234815699,2799360,99.6
1787234815757,2800880,100.0
1787234815817,2811824,100.0
1787234815871,2796832,99.4
1787234815933,2780848,99.4
1787234815996,2759440,100.0
1787234816051,2749488,100.0
1787234816113,2759584,100.0
1787234816175,2742784,100.0
1787234816233,2752304,100.0
1787234816296,2763488,99.0
1787234816359,2755968,99.0
1787234816425,2755984,100.0
1787234816485,2725216,100.0
1787234816548,2721392,99.6
1787234816612,2695824,99.6
1787234816668,2661952,99.7
1787234816731,2626144,99.7
1787234816791,2613648,99.0
1787234816854,2609792,99.0
1787234816915,2620288,99.0
1787234816975,2601408,99.0
1787234817038,2612576,100.0
1787234817097,2581616,100.0
1787234817160,2592880,98.7
1787234817220,2603552,98.7
1787234817279,2614416,100.0
1787234817334,2613248,100.0
1787234817389,2606944,98.4
1787234817445,2607456,98.4
1787234817506,2593616,99.5
1787234817569,2605088,99.5
1787234817632,2604912,99.0
1787234817698,2597408,99.0
1787234817755,2591648,100.0
1787234817815,2579952,100.0
1787234817881,2572416,100.0
1787234817941,2583168,100.0
1787234818005,2557072,99.1
1787234818073,2418288,99.1
1787234818136,2393904,100.0
1787234818195,2404768,100.0
1787234818256,2416336,99.0
1787234818314,2426640,99.0
1787234818377,2438144,99.9
1787234818441,2449664,99.9
1787234818498,2460096,99.9
1787234818560,2471584,100.0
1787234818621,2482736,100.0
1787234818684,2479888,100.0
1787234818747,2477392,100.0
1787234818806,2414784,100.0
1787234818867,2426032,100.0
1787234818928,2418560,99.5
1787234818995,2402736,99.5
1787234819060,2404256,100.0
1787234819114,2414048,100.0
1787234819175,2424880,98.7
1787234819235,2435600,98.7
1787234819293,2445696,100.0
1787234819357,2456752,100.0
1787234819420,2467840,100.0
1787234819477,2478448,100.0
1787234819540,2489344,98.6
1787234819601,2499856,98.6
1787234819661,2498432,100.0
1787234819727,2493184,100.0
1787234819789,2504304,100.0
1787234819845,2514528,100.0
1787234819902,2517360,99.3
1787234819962,2507984,99.3
1787234820026,2484544,98.8
1787234820093,2470720,98.8
1787234820151,2480848,100.0
1787234820210,2432880,100.0
1787234820274,2385520,98.2
1787234820331,2366912,98.2
1787234820402,2351568,98.7
1787234820469,2340448,98.7
1787234820526,2322384,98.6
1787234820582,2331984,98.6
1787234820642,2341536,99.9
1787234820705,2352336,99.9
1787234820762,2362608,100.0
1787234820824,2334192,100.0
1787234820881,2314288,98.2
1787234820945,2325760,98.2
1787234821008,2310032,99.0
1787234821068,2321120,99.0
1787234821135,2313840,98.6
1787234821190,2323488,98.6
1787234821250,2303824,98.6
1787234821312,2300016,100.0
1787234821369,2271632,100.0
1787234821435,2282432,100.0
1787234821497,2256864,100.0
1787234821558,2235232,98.7
1787234821621,2246272,98.7
1787234821684,2257600,100.0
1787234821739,2267808,100.0
1787234821799,2278624,100.0
1787234821860,2289440,100.0
1787234821917,2299184,99.3
1787234821974,2286640,99.3
1787234822037,2298016,100.0
1787234822100,2279280,100.0
1787234822163,2290672,99.0
1787234822227,2262288,99.0
1787234822288,2258112,99.9
1787234822349,2235952,99.9
1787234822411,2246736,98.9
1787234822465,2256784,98.9
1787234822525,2239888,99.1
1787234822589,2251392,99.1
1787234822653,2244592,99.3
1787234822716,2238352,99.3
1787234822779,2233840,98.8
1787234822837,2196080,98.8
1787234822900,2177232,100.0
1787234822962,2188336,100.0
1787234823025,2163744,99.9
1787234823084,2137808,99.9
1787234823144,2148048,98.1
1787234823205,2131392,98.1
1787234823262,2003632,98.0
1787234823322,2014352,98.0
1787234823378,2024096,98.0
1787234823441,2035168,98.7
1787234823502,2045952,98.7
1787234823558,2055888,100.0
1787234823617,2053808,100.0
1787234823678,2051600,99.4
1787234823741,2039408,99.4
1787234823801,2050048,100.0
1787234823864,2061440,100.0
1787234823920,2071504,100.0
1787234823978,2081872,100.0
1787234824041,2093104,99.3
1787234824102,2104320,99.3
1787234824161,2114784,100.0
1787234824224,2125728,100.0
1787234824287,2136880,99.8
1787234824347,2147088,99.8
1787234824411,2157904,99.0
1787234824475,2168992,99.0
1787234824538,2180016,99.2
1787234824600,2135136,99.2
1787234824658,2123376,100.0
1787234824722,2111200,100.0
1787234824788,2102432,100.0
1787234824851,2092256,100.0
1787234824908,2067552,98.4
1787234824972,2057216,98.4
1787234825035,2027440,98.9
1787234825099,2007360,98.9
1787234825162,1996016,100.0
1787234825225,1999552,100.0
1787234825282,1971744,100.0
1787234825341,1962512,100.0
1787234825402,1950768,99.2
1787234825465,1930480,99.2
1787234825530,1922688,99.0
1787234825589,1933056,99.0
1787234825651,1914640,100.0
1787234825707,1886704,100.0
1787234825771,1897296,98.8
1787234825827,1865792,98.8
1787234825884,1875680,98.8
1787234825948,1851424,99.8
1787234826010,1862208,99.8
1787234826074,1832448,100.0
1787234826137,1833920,100.0
1787234826203,1825232,100.0
1787234826261,1812112,100.0
1787234826320,1806032,98.7
1787234826381,1795792,98.7
1787234826444,1797472,99.6
1787234826508,1808608,99.6
1787234826571,1819872,100.0
1787234826634,1831312,100.0
1787234826698,1842816,100.0
1787234826761,1854112,100.0
1787234826824,1865264,98.8
1787234826887,1876704,98.8
1787234826951,1888032,100.0
1787234827014,1899232,100.0
1787234827077,1896064,100.0
1787234827139,1907040,100.0
1787234827198,1904992,99.1
1787234827262,1889344,99.1
1787234827325,1874672,100.0
1787234827388,1868128,100.0
1787234827452,1879408,99.7
1787234827505,1864224,99.7
1787234827565,1859056,99.4
1787234827621,1853168,99.4
1787234827682,1863936,100.0
1787234827744,1865600,100.0
1787234827807,1849888,100.0
1787234827870,1847712,100.0
1787234827936,1832384,98.8
1787234827994,1816768,98.8
1787234828060,1804720,100.0
1787234828123,1816000,100.0
1787234828186,1827232,100.0
1787234828241,1836736,100.0
1787234828303,1847712,99.2
1787234828366,1822272,99.2
1787234828427,1809664,98.7
1787234828491,1705136,98.7
1787234828547,1715296,99.8
1787234828608,1726256,99.8
1787234828669,1737136,100.0
1787234828732,1748608,100.0
1787234828791,1759328,100.0
1787234828854,1770688,100.0
1787234828912,1781328,100.0
1787234828973,1792400,100.0
1787234829036,1803712,99.6
1787234829095,1814384,99.6
1787234829157,1809952,99.6
1787234829220,1821536,99.6
1787234829284,1832976,100.0
1787234829346,1843888,100.0
1787234829409,1838416,100.0
1787234829466,1826016,100.0
1787234829528,1837040,99.0
1787234829591,1821968,99.0
1787234829655,1811232,99.4
1787234829718,1822064,99.4
1787234829777,1832144,98.6
1787234829837,1842992,98.6
1787234829896,1853280,98.6
1787234829956,1863728,99.4
1787234830014,1874112,99.4
1787234830076,1885312,100.0
1787234830137,1896416,100.0
1787234830200,1907104,99.0
1787234830257,1917200,99.0
1787234830316,1927456,99.0
1787234830371,1936784,99.0
1787234830432,1947216,100.0
1787234830491,1957728,100.0
1787234830554,1968896,99.8
1787234830610,1978576,99.8
1787234830670,1989168,100.0
1787234830733,2000432,100.0
1787234830798,2010848,99.4
1787234830861,2021360,99.4
1787234830924,2021920,100.0
1787234830987,2019520,100.0
1787234831045,2007168,99.0
1787234831109,2005680,99.0
1787234831170,2001024,100.0
1787234831233,1996944,100.0
1787234831302,1998080,99.9
1787234831362,1983168,99.9
1787234831428,1963024,99.9
1787234831491,1973184,99.9
1787234831549,1958144,99.0
1787234831612,1946784,99.0
1787234831675,1958288,98.8
1787234831734,1969072,98.8
1787234831797,1967408,100.0
1787234831862,1973232,100.0
1787234831919,1955824,99.9
1787234831981,1957088,99.9
1787234832044,1947760,100.0
1787234832107,1958640,100.0
1787234832164,1968704,99.4
1787234832224,1959920,99.4
1787234832285,1970864,99.1
1787234832347,1973808,99.1
1787234832409,1972032,98.9
1787234832472,1969856,98.9
1787234832535,1981232,99.6
1787234832596,1986688,99.6
1787234832658,1973504,99.1
1787234832721,1984928,99.1
1787234832778,1976096,99.1
1787234832842,1956048,99.8
1787234832902,1967408,99.8
1787234832965,1956288,100.0
1787234833028,1940752,100.0
1787234833095,1938352,100.0
1787234833154,1943008,100.0
1787234833217,1933152,100.0
1787234833280,1943824,100.0
1787234833340,1919440,98.7
1787234833394,1929392,98.7
1787234833457,1941024,100.0
1787234833515,1928432,100.0
1787234833590,1795008,99.0
1787234833651,1796064,99.0
1787234833705,1805856,100.0
1787234833768,1817328,100.0
1787234833831,1828864,99.6
1787234833894,1840352,99.6
1787234833950,1850768,100.0
1787234834010,1861776,100.0
1787234834073,1873088,99.2
1787234834136,1875104,99.2
1787234834198,1871472,100.0
1787234834260,1876592,100.0
1787234834322,1879472,98.5
1787234834386,1869456,98.5
1787234834440,1855600,100.0
1787234834493,1864752,100.0
1787234834556,1875840,99.4
1787234834619,1864384,99.4
1787234834673,1874080,98.6
1787234834736,1866144,98.6
1787234834799,1877088,100.0
1787234834862,1888496,100.0
1787234834921,1899040,100.0
1787234834982,1909568,100.0
1787234835044,1920944,99.3
1787234835100,1931056,99.3
1787234835158,1941584,99.3
1787234835221,1953280,100.0
1787234835279,1959568,100.0
1787234835337,1970160,99.1
1787234835400,1947712,99.1
1787234835466,1934352,100.0
1787234835529,1945744,100.0
1787234835587,1935888,99.7
1787234835651,1946704,99.7
1787234835714,1928352,99.5
1787234835777,1917088,99.5
1787234835836,1918688,100.0
1787234835899,1925472,100.0
1787234835956,1935616,100.0
1787234836010,1945504,100.0
1787234836069,1942144,100.0
1787234836134,1918880,100.0
1787234836201,1899696,99.3
1787234836264,1911360,99.3
1787234836334,1887808,99.7
1787234836394,1897504,99.7
1787234836457,1908784,98.4
1787234836515,1918048,98.4
1787234836583,1906848,100.0
1787234836646,1918000,100.0
1787234836709,1929536,99.2
1787234836772,1940944,99.2
1787234836835,1952096,100.0
1787234836892,1922624,100.0
1787234836955,1934224,99.8
1787234837015,1945200,99.8
1787234837077,1956320,98.2
1787234837132,1965808,98.2
1787234837192,1947856,100.0
1787234837255,1958944,100.0
1787234837314,1943600,100.0
1787234837367,1952944,100.0
1787234837423,1952128,98.1
1787234837486,1933760,98.1
1787234837542,1943792,98.1
1787234837605,1939808,98.9
1787234837662,1950080,98.9
1787234837719,1941920,100.0
1787234837772,1951504,100.0
1787234837839,1947056,98.5
1787234837902,1958800,98.5
1787234837957,1954160,100.0
1787234838014,1945440,100.0
1787234838076,1919584,100.0
1787234838138,1930960,100.0
1787234838201,1914640,99.7
1787234838260,1767872,99.7
1787234838315,1777200,98.7
1787234838375,1788160,98.7
1787234838432,1798576,100.0
1787234838489,1809216,100.0
1787234838549,1820032,100.0
1787234838609,1831024,98.9
1787234838672,1842384,98.9
1787234838725,1851824,99.9
1787234838778,1861424,99.9
1787234838834,1871504,100.0
1787234838890,1881872,100.0
1787234838952,1869904,100.0
1787234839017,1850240,100.0
1787234839071,1860272,99.3
1787234839132,1871280,99.3
1787234839187,1850336,100.0
1787234839243,1860608,100.0
1787234839303,1848416,98.4
1787234839361,1859120,98.4
1787234839422,1869936,98.4
1787234839487,1845728,100.0
1787234839545,1855920,100.0
1787234839606,1866592,99.0
1787234839669,1877680,99.0
1787234839732,1889360,99.6
1787234839790,1899472,99.6
1787234839851,1910144,100.0
1787234839915,1921728,100.0
1787234839972,1931888,100.0
1787234840026,1941552,100.0
1787234840086,1952416,99.3
1787234840145,1963360,99.3
1787234840208,1974480,100.0
1787234840271,1985008,100.0
1787234840331,1974352,99.6
1787234840400,1957616,99.6
1787234840466,1952464,99.6
1787234840521,1942144,99.6
1787234840584,1953472,98.2
1787234840641,1938448,98.2
1787234840705,1920720,100.0
1787234840773,1900976,100.0
1787234840829,1910592,98.9
1787234840892,1897520,98.9
1787234840956,1908080,99.6
1787234841018,1886400,99.6
1787234841079,1897152,99.9
1787234841135,1888288,99.9
1787234841198,1899216,100.0
1787234841261,1877920,100.0
1787234841324,1889328,100.0
1787234841391,1891184,100.0
1787234841450,1872288,98.4
1787234841511,1882256,98.4
1787234841570,1892624,100.0
1787234841633,1887360,100.0
1787234841696,1898736,99.1
1787234841757,1909904,99.1
1787234841815,1920496,100.0
1787234841878,1931584,100.0
1787234841937,1932352,92.8
1787234842000,1948992,92.8
1787234842063,1938784,72.5
1787234842122,1939456,72.5
1787234842179,2016464,72.5
1787234842240,1952752,59.8
1787234842303,1970448,59.8
1787234842358,1988928,51.4
1787234842415,1981296,51.4
1787234842480,2081600,57.5
1787234842535,2069120,57.5
1787234842596,2130224,58.6
1787234842659,2228928,58.6
1787234842722,2380688,63.9
1787234842786,2545712,63.9
1787234842842,2684528,70.1
1787234842904,2813408,70.1
1787234842960,2944400,70.6
1787234843015,3069392,70.6
1787234843080,3176512,68.2
1787234843138,3267904,68.2
1787234843201,3395584,64.3
1787234843261,3532704,64.3
1787234843317,3651568,64.7
1787234843374,3744864,64.7
1787234843437,3820464,64.7
1787234843491,3891568,62.8
1787234843549,3968320,62.8
1787234843611,4111616,62.7
1787234843664,4227792,62.7
1787234843728,4347552,67.2
1787234843791,4460896,67.2
1787234843852,4567872,67.6
1787234843907,4608976,67.6
1787234843968,4487408,65.6
1787234844028,4514704,65.6
1787234844092,4493936,70.3
1787234844158,4510720,70.3
1787234844216,4534160,72.8
1787234844280,4575760,72.8
1787234844339,4567168,75.0
1787234844394,4603696,75.0
1787234844457,4619456,75.9
1787234844518,4699248,75.9
1787234844580,4765424,76.6
1787234844641,4854640,76.6
1787234844696,5027072,82.6
1787234844757,5040032,82.6
1787234844814,5007488,82.6
1787234844874,4837056,82.5
1787234844939,4716592,82.5
1787234845005,4689728,79.6
1787234845060,4641712,79.6
1787234845123,4781392,78.0
1787234845188,4742032,78.0
1787234845248,4677888,76.3
1787234845305,4623968,76.3
1787234845364,4828000,74.8
1787234845419,4853328,74.8
1787234845474,4844688,78.6
1787234845532,4836672,78.6
1787234845590,4811088,80.3
1787234845653,4802640,80.3
1787234845709,4780560,79.5
1787234845768,4984048,79.5
1787234845830,4799024,79.7
1787234845898,4532672,79.7
1787234845957,4295840,70.8
1787234846016,4391888,70.8
1787234846075,4508800,78.7
1787234846132,4575904,78.7
1787234846194,4551664,79.6
1787234846258,4497216,79.6
1787234846318,4559616,81.3
1787234846376,4601376,81.3
1787234846444,4681040,83.5
1787234846499,4667840,83.5
1787234846562,4658016,83.5
1787234846625,4488064,84.4
1787234846682,4360816,84.4
1787234846746,4390272,76.1
1787234846802,4506352,76.1
1787234846862,4614720,75.7
1787234846920,4781904,75.7
1787234846985,4855312,76.9
1787234847042,4924592,76.9
1787234847102,4962656,76.8
1787234847159,4942784,76.8
1787234847216,4958784,78.4
1787234847273,5007040,78.4
1787234847330,5002272,76.6
1787234847396,4990176,76.6
1787234847450,4986592,79.0
1787234847515,4998976,79.0
1787234847580,4985088,80.9
1787234847644,4949056,80.9
1787234847699,4942160,79.3
1787234847759,4899008,79.3
1787234847813,4910144,79.3
1787234847875,4791840,79.0
1787234847937,4717008,79.0
1787234847996,4680192,78.1
1787234848052,4683920,78.1
1787234848105,4567872,79.3
1787234848159,4615936,79.3
1787234848214,4636064,77.5
1787234848273,4693184,77.5
1787234848338,4740400,79.8
1787234848402,4800528,79.8
1787234848460,4778864,77.5
1787234848525,4654976,77.5
1787234848590,4632768,74.7
1787234848654,4670080,74.7
1787234848718,4660400,77.4
1787234848774,4661088,77.4
1787234848833,4626784,76.1
1787234848893,4570672,76.1
1787234848955,4556144,75.1
1787234849011,4621296,75.1
1787234849072,4641264,76.9
1787234849131,4656896,76.9
1787234849190,4718800,76.9
1787234849250,4799520,78.5
1787234849312,4898304,78.5
1787234849370,4920272,79.3
1787234849425,4933136,79.3
1787234849482,4961328,76.4
1787234849545,4927808,76.4
1787234849602,4910416,77.1
1787234849657,4958192,77.1
1787234849713,5087168,79.7
1787234849772,5091584,79.7
1787234849827,5061344,78.1
1787234849894,5129088,78.1
1787234849959,5099552,77.7
1787234850015,5098864,77.7
1787234850082,5070464,76.5
1787234850139,5046864,76.5
1787234850194,5060256,76.5
1787234850249,5102224,77.2
1787234850315,5145008,77.2
1787234850380,5128976,78.6
1787234850442,5116272,78.6
1787234850506,5116256,76.9
1787234850569,5091536,76.9
1787234850625,5080320,77.1
1787234850683,5099840,77.1
1787234850746,5128352,77.7
1787234850804,5122048,77.7
1787234850864,5053664,77.6
1787234850923,5085616,77.6
1787234850982,5090896,77.0
1787234851046,5089264,77.0
1787234851104,5111136,77.0
1787234851163,5075776,77.0
1787234851225,5103568,77.2
1787234851288,5117696,77.2
1787234851343,5158704,77.2
1787234851405,5114928,77.2
1787234851459,5160656,77.1
1787234851513,5135872,77.1
1787234851578,5127536,76.6
1787234851633,5087888,76.6
1787234851689,5062544,76.6
1787234851744,5090016,75.7
1787234851809,5089952,75.7
1787234851877,5025792,76.2
1787234851941,4965184,76.2
1787234852000,4923392,77.1
1787234852063,4979392,77.1
1787234852128,4975888,76.9
1787234852192,5007824,76.9
1787234852258,5088064,75.6
1787234852323,5095472,75.6
1787234852382,5069184,76.8
1787234852442,5073360,76.8
1787234852505,5019280,76.3
1787234852561,5060640,76.3
1787234852614,5027056,77.4
1787234852672,5034048,77.4
1787234852727,5043040,77.5
1787234852791,5069152,77.5
1787234852847,5040144,77.4
1787234852910,5026160,77.4
1787234852970,5038576,75.6
1787234853033,5058544,75.6
1787234853087,5060496,78.3
1787234853146,5062096,78.3
1787234853201,5071712,78.3
1787234853258,5007872,76.5
1787234853320,5076384,76.5
1787234853375,5140880,75.0
1787234853433,5104000,75.0
1787234853497,5090208,75.8
1787234853552,5093664,75.8
1787234853615,5118064,75.4
1787234853677,5099248,75.4
1787234853736,5066416,76.9
1787234853795,5090416,76.9
1787234853861,5084864,78.0
1787234853926,5077456,78.0
1787234853989,5012688,75.3
1787234854048,4966848,75.3
1787234854112,4976768,78.1
1787234854173,4954416,78.1
1787234854228,5019968,76.3
1787234854290,5067936,76.3
1787234854352,5242560,76.3
1787234854415,5226208,76.3
1787234854479,5208304,77.5
1787234854544,5187856,77.5
1787234854606,5199936,76.8
1787234854665,5237008,76.8
1787234854725,5244976,76.9
1787234854780,5222320,76.9
1787234854836,5210352,77.3
1787234854901,5109280,77.3
1787234854956,5121984,77.3
1787234855018,5157840,76.4
1787234855079,5183552,76.4
1787234855136,5178080,76.8
1787234855200,5185104,76.8
1787234855262,5232688,76.3
1787234855323,5209520,76.3
1787234855385,5246800,78.0
1787234855441,5252464,78.0
1787234855507,5155024,75.8
1787234855572,5172800,75.8
1787234855628,5187280,75.9
1787234855684,5159488,75.9
1787234855749,5171744,77.0
1787234855813,5168960,77.0
1787234855877,5112464,75.9
1787234855942,5064256,75.9
1787234856001,5056368,75.7
1787234856057,5075984,75.7
1787234856121,5074784,77.2
1787234856178,5084640,77.2
1787234856235,5116032,78.1
1787234856291,5203552,78.1
1787234856352,5168400,78.1
1787234856410,5176320,78.1
1787234856468,5142528,76.2
1787234856533,5139760,76.2
1787234856597,5023760,75.7
1787234856652,5021664,75.7
1787234856711,5024848,75.7
1787234856772,5009376,76.0
1787234856834,5043440,76.0
1787234856900,4973184,76.0
1787234856964,4968608,75.4
1787234857025,4965584,75.4
1787234857086,4929664,75.4
1787234857147,4945840,76.6
1787234857209,4979488,76.6
1787234857266,5007920,76.6
1787234857326,5065712,76.6
1787234857388,5075696,77.4
1787234857442,5064464,77.4
1787234857503,5006288,77.1
1787234857568,4983472,77.1
1787234857627,4988704,77.8
1787234857688,5001040,77.8
1787234857753,4977024,77.1
1787234857814,4960400,77.1
1787234857879,4875840,76.5
1787234857942,4836768,76.5
1787234857998,4800048,76.2
1787234858063,4824128,76.2
1787234858128,4881024,77.4
1787234858189,4985824,77.4
1787234858252,5030832,78.7
1787234858310,4800752,78.7
1787234858366,4794576,73.5
1787234858430,4810288,73.5
1787234858490,4770608,74.4
1787234858554,4793024,74.4
1787234858619,4779984,76.1
1787234858682,4784144,76.1
1787234858741,4787840,77.5
1787234858795,4792560,77.5
1787234858858,4831504,77.5
1787234858919,4802848,77.5
1787234858973,4842304,77.0
1787234859033,4798544,77.0
1787234859098,4808960,77.1
1787234859154,4825616,77.1
1787234859217,4875952,78.1
1787234859281,4910240,78.1
1787234859342,4960784,77.9
1787234859405,5042032,77.9
1787234859463,5015968,77.9
1787234859520,4990432,78.4
1787234859584,5004368,78.4
1787234859644,5038576,77.4
1787234859699,5150000,77.4
1787234859758,5192304,80.2
1787234859819,5176560,80.2
1787234859877,5124800,80.6
1787234859945,4992288,80.6
1787234860007,4987680,76.9
1787234860070,4982192,76.9
1787234860136,4996320,77.2
1787234860192,4998288,77.2
1787234860256,5095088,76.0
1787234860318,5072624,76.0
1787234860375,5066288,77.2
1787234860434,5087776,77.2
1787234860492,5021056,76.4
1787234860555,5052672,76.4
1787234860616,5080720,76.2
1787234860676,5114288,76.2
1787234860733,5109136,77.3
1787234860798,5096656,77.3
1787234860858,5024704,76.8
1787234860924,4819648,76.8
1787234860985,4831840,73.4
1787234861051,4863920,73.4
1787234861111,4871104,76.7
1787234861176,4880624,76.7
1787234861235,4920336,75.4
1787234861300,5036432,75.4
1787234861364,5100576,75.0
1787234861423,5098240,75.0
1787234861486,5045856,75.5
1787234861552,5031616,75.5
1787234861606,4919008,75.1
1787234861662,4914496,75.1
1787234861726,4953760,76.0
1787234861785,4951344,76.0
1787234861847,4939632,76.9
1787234861911,4886960,76.9
1787234861968,4884848,76.9
1787234862029,4886864,78.6
1787234862093,4862816,78.6
1787234862154,4844832,76.5
1787234862213,4915648,76.5
1787234862268,5011968,78.0
1787234862334,5018160,78.0
1787234862400,5007136,77.0
1787234862465,4956432,77.0
1787234862530,4944288,78.9
1787234862591,4972752,78.9
1787234862648,4913376,76.9
1787234862704,4894784,76.9
1787234862768,4868880,76.0
1787234862830,4898112,76.0
1787234862887,4772976,76.6
1787234862950,4802272,76.6
1787234863016,4784752,76.5
1787234863079,4774752,76.5
1787234863138,4812560,77.7
1787234863194,4901920,77.7
1787234863266,4799376,78.1
1787234863330,4730000,78.1
1787234863394,4767072,74.7
1787234863452,4746800,74.7
1787234863516,4791840,75.7
1787234863580,4772416,75.7
1787234863635,4780416,76.2
1787234863698,4768384,76.2
1787234863760,4822048,77.1
1787234863821,4837376,77.1
1787234863876,4805296,76.3
1787234863940,4798944,76.3
1787234863997,4812400,76.3
1787234864057,4837872,76.3
1787234864114,4826960,76.3
1787234864178,4858128,76.3
1787234864242,4891424,78.0
1787234864307,4886688,78.0
1787234864371,4970288,77.0
1787234864436,5043376,77.0
1787234864499,5026400,77.5
1787234864561,5054224,77.5
1787234864616,5074096,78.1
1787234864670,5083520,78.1
1787234864735,5080720,79.3
1787234864792,5096272,79.3
1787234864847,5083056,79.3
1787234864904,5027696,77.1
1787234864959,5066752,77.1
1787234865023,5058272,77.7
1787234865088,5065296,77.7
1787234865147,5047776,76.8
1787234865205,5004128,76.8
1787234865265,5042848,78.3
1787234865330,5045152,78.3
1787234865396,5050048,77.7
1787234865451,5062544,77.7
1787234865510,5052688,77.4
1787234865574,5080048,77.4
1787234865635,5113504,77.8
1787234865697,5120336,77.8
1787234865755,5128240,77.6
1787234865823,5128736,77.6
1787234865885,5057728,78.0
1787234865953,4907296,78.0
1787234866017,4895888,76.0
1787234866078,4750752,76.0
1787234866143,4700112,74.7
1787234866206,4773776,74.7
1787234866269,4740768,77.5
1787234866335,4754864,77.5
1787234866401,4728000,77.6
1787234866461,4705376,77.6
1787234866526,4767520,76.6
1787234866591,4734656,76.6
1787234866653,4743168,76.7
1787234866712,4727472,76.7
1787234866775,4765152,78.7
1787234866828,4745632,78.7
1787234866895,4684240,78.0
1787234866954,4694096,78.0
1787234867020,4653072,76.4
1787234867086,4653008,76.4
1787234867144,4692016,77.1
1787234867199,4743376,77.1
1787234867260,4815488,79.3
1787234867319,4851776,79.3
1787234867381,4883520,77.7
1787234867444,5007264,77.7
1787234867500,5031696,78.9
1787234867555,5030928,78.9
1787234867612,5035360,76.9
1787234867670,5054496,76.9
1787234867734,5035488,77.7
1787234867796,5069296,77.7
1787234867855,4991280,76.5
1787234867918,4918608,76.5
1787234867980,4834592,76.0
1787234868043,4890864,76.0
1787234868097,4862928,76.0
1787234868154,4793888,77.7
1787234868216,4832832,77.7
1787234868282,4795744,78.6
1787234868346,4568192,78.6
1787234868413,4593072,73.4
1787234868478,4591792,74.0
1787234868538,4620000,74.0
1787234868599,4604352,74.0
1787234868654,4642528,76.3
1787234868711,4620704,76.3
1787234868768,4623360,79.0
1787234868828,4651136,79.0
1787234868890,4562288,77.1
1787234868945,4539728,77.1
1787234869003,4553008,76.5
1787234869061,4581584,76.5
1787234869117,4623600,79.0
1787234869175,4696544,79.0
1787234869236,4773120,80.1
1787234869301,4765504,80.1
1787234869357,4805152,79.0
1787234869423,4852304,79.0
1787234869488,4892080,78.0
1787234869548,4904384,78.0
1787234869613,4862000,78.3
1787234869669,4816464,78.3
1787234869732,4882464,78.6
1787234869798,4940272,78.6
1787234869865,4882336,78.3
1787234869930,4790784,78.3
1787234869986,4786320,77.9
1787234870045,4789104,77.9
1787234870110,4712464,76.6
1787234870170,4712800,76.6
1787234870230,4716112,77.4
1787234870295,4666640,77.4
1787234870352,4665936,77.4
1787234870413,4655440,77.3
1787234870469,4666912,77.3
1787234870525,4676064,76.8
1787234870582,4639760,76.8
1787234870647,4635248,77.5
1787234870706,4638128,77.5
1787234870762,4623024,76.9
1787234870828,4593808,76.9
1787234870892,4637456,76.7
1787234870949,4672864,76.7
1787234871005,4688816,77.8
1787234871066,4702368,77.8
1787234871128,4705104,75.6
1787234871193,4725856,75.6
1787234871252,4783760,78.3
1787234871317,4787968,78.3
1787234871383,4798992,80.0
1787234871440,4850256,80.0
1787234871503,4864080,75.3
1787234871560,4858432,75.3
1787234871622,4823968,75.7
1787234871684,4840576,75.7
1787234871748,4838592,75.3
1787234871805,4872592,75.3
1787234871869,5090464,80.4
1787234871924,5270192,80.4
1787234871988,5227232,77.4
1787234872043,5195568,77.4
1787234872108,5164352,74.0
1787234872170,5193680,74.0
1787234872226,5196384,74.0
1787234872293,5200128,72.8
1787234872355,5270592,72.8
1787234872418,5318976,71.8
1787234872475,5293920,71.8
1787234872539,5202608,71.7
1787234872595,5190864,71.7
1787234872654,5174448,69.3
1787234872712,5194768,69.3
1787234872768,5221056,70.6
1787234872833,5100496,70.6
1787234872897,5055472,65.8
1787234872964,4987168,65.8
1787234873029,5063344,70.0
1787234873094,5046432,70.0
1787234873158,5083424,74.7
1787234873212,5101664,74.7
1787234873275,5082128,76.6
1787234873333,4851840,76.6
1787234873393,4846320,73.4
1787234873458,4855040,73.4
1787234873517,4817696,73.4
1787234873572,4805536,73.4
1787234873636,4785984,74.3
1787234873700,4771552,74.3
1787234873757,4742560,75.0
1787234873816,4732640,75.0
1787234873874,4727248,75.4
1787234873933,4697120,75.4
1787234873992,4688496,74.5
1787234874052,4610720,74.5
1787234874118,4666704,75.3
1787234874173,4730608,75.3
1787234874238,4644944,74.4
1787234874303,4690944,74.4
1787234874363,4726368,74.2
1787234874421,4787168,74.2
1787234874484,4890400,74.2
1787234874548,4891616,75.7
1787234874613,4855424,75.4
1787234874677,4876944,75.4
1787234874735,4846912,75.4
1787234874796,4867552,73.0
1787234874850,4865776,73.0
1787234874907,4829184,72.7
1787234874972,4808416,72.7
1787234875033,4799856,73.5
1787234875095,4781328,73.5
1787234875153,4770528,74.0
1787234875215,4801440,74.0
1787234875280,4834960,73.2
1787234875344,4831120,73.2
1787234875407,4897776,74.8
1787234875463,4860976,74.8
1787234875527,4950512,73.2
1787234875580,5004544,73.2
1787234875640,4949936,73.8
1787234875702,5218704,73.8
1787234875760,5415680,80.2
1787234875823,5417504,80.2
1787234875881,5375536,75.9
1787234875944,5252960,75.9
1787234876000,5200560,73.5
1787234876057,5145024,73.5
1787234876115,5179168,72.8
1787234876177,5182816,72.8
1787234876232,5175392,72.8
1787234876291,5137264,74.4
1787234876350,5120224,74.4
1787234876409,5189232,70.6
1787234876471,5185024,70.6
1787234876535,5149984,68.0
1787234876596,5065488,68.0
1787234876661,4985024,70.7
1787234876723,4988768,70.7
1787234876788,4974176,73.0
1787234876849,5006208,73.0
1787234876914,4891792,74.3
1787234876975,4922416,74.3
1787234877038,4840608,74.2
1787234877098,4751456,74.2
1787234877162,4784512,74.6
1787234877220,4778400,74.6
1787234877281,4747648,76.2
1787234877346,4751968,76.2
1787234877408,4753536,76.9
1787234877469,4755696,76.9
1787234877527,4725840,73.6
1787234877584,4650384,73.6
1787234877647,4624688,72.2
1787234877708,4484016,72.2
1787234877762,4531632,74.0
1787234877827,4530352,74.0
1787234877888,4419168,75.3
1787234877946,4425360,75.3
1787234878002,4441152,74.7
1787234878060,4453808,74.7
1787234878120,4424992,76.1
1787234878184,4536048,76.1
1787234878244,4710320,77.1
1787234878306,4703536,77.1
1787234878369,4685040,75.1
1787234878424,4610848,75.1
1787234878486,4578048,75.1
1787234878546,4581744,72.5
1787234878600,4578352,72.5
1787234878658,4665360,73.9
1787234878714,4698368,73.9
1787234878778,4718240,73.0
1787234878841,4784064,73.0
1787234878899,4766384,69.1
1787234878964,4793248,69.1
1787234879023,4871728,68.5
1787234879089,4923632,68.5
1787234879155,4930592,71.8
1787234879215,5013088,71.8
1787234879280,5038544,73.4
1787234879339,5025968,73.4
1787234879401,5002112,75.9
1787234879464,4967872,75.9
1787234879528,5055136,74.8
1787234879585,5073312,74.8
1787234879644,5136128,76.6
1787234879703,5154064,76.6
1787234879764,5120784,77.7
1787234879830,5123024,77.7
1787234879890,5057888,76.4
1787234879948,4711216,76.4
1787234880005,4714880,67.7
1787234880070,4676608,67.7
1787234880135,4686944,70.9
1787234880193,4667536,70.9
1787234880258,4666624,73.4
1787234880317,4768496,73.4
1787234880379,4798384,73.8
1787234880437,4793152,73.8
1787234880500,4777872,75.0
1787234880563,4775920,75.0
1787234880625,4774160,74.5
1787234880690,4778960,74.5
1787234880748,4744368,74.9
1787234880811,4760608,74.9
1787234880872,4758640,74.9
1787234880937,4725280,74.2
1787234881002,4735680,75.4
1787234881064,4684144,75.4
1787234881121,4647120,75.4
1787234881186,4594176,74.2
1787234881249,4844592,77.9
1787234881314,5016080,77.9
1787234881374,5078624,78.7
1787234881431,5079680,78.7
1787234881493,5066048,78.7
1787234881558,5068912,76.6
1787234881614,4980912,76.6
1787234881671,5006608,75.4
1787234881724,4983520,75.4
1787234881786,4984640,74.7
1787234881850,5000112,74.7
1787234881912,4947408,76.5
1787234881976,4953568,76.5
1787234882030,4966688,76.2
1787234882094,4973392,76.2
1787234882152,4981664,76.0
1787234882206,5002000,76.0
1787234882264,5039968,76.6
1787234882325,5044144,76.6
1787234882387,5022592,75.5
1787234882443,5042640,75.5
1787234882507,5073824,74.8
1787234882567,5137552,74.8
1787234882634,5045568,73.7
1787234882698,5060432,73.7
1787234882754,5050880,74.8
1787234882808,5054384,74.8
1787234882863,4988832,74.8
1787234882928,4965104,74.9
1787234882992,5001744,74.9
1787234883055,5057472,76.4
1787234883116,5039840,76.4
1787234883175,5000304,75.7
1787234883239,5022384,75.7
1787234883302,5039776,76.1
1787234883367,4898912,76.1
1787234883429,4819424,72.9
1787234883489,4805920,72.9
1787234883550,4787616,72.5
1787234883614,4824592,72.5
1787234883670,4655456,74.2
1787234883736,4679312,74.2
1787234883794,4609232,74.1
1787234883853,4634784,74.1
1787234883914,4590496,73.5
1787234883972,4571744,73.5
1787234884038,4583872,75.1
1787234884098,4607600,75.1
1787234884157,4594176,75.0
1787234884220,4624208,75.0
1787234884284,4659952,78.3
1787234884344,4633488,78.3
1787234884407,4648304,77.5
1787234884462,4677472,77.5
1787234884516,4846544,78.3
1787234884575,4864816,78.3
1787234884636,4875472,77.4
1787234884694,4895024,77.4
1787234884756,4913488,78.2
1787234884813,4923360,78.2
1787234884870,4896448,78.2
1787234884927,4814320,78.7
1787234884995,4909984,78.7
1787234885060,4913152,78.1
1787234885126,4976960,78.1
1787234885190,4982336,76.2
1787234885252,5058880,77.8
1787234885318,5112224,77.8
1787234885382,5112800,77.7
1787234885448,5107472,77.7
1787234885509,5088368,76.1
1787234885566,5094768,76.1
1787234885631,5114208,75.3
1787234885694,5125936,75.3
1787234885758,5129504,75.9
1787234885823,5137520,75.9
1787234885888,5111680,76.3
1787234885951,5008480,76.3
1787234886016,5018064,76.2
1787234886077,5034256,76.2
1787234886136,5030208,76.9
1787234886202,5034608,76.9
1787234886267,5034400,77.2
1787234886331,5108384,77.2
1787234886388,5157024,75.7
1787234886452,5142000,75.7
1787234886518,5090400,75.8
1787234886575,4967056,75.8
1787234886629,4996016,75.7
1787234886693,4997088,75.7
1787234886752,4981904,75.7
1787234886812,4949216,76.5
1787234886875,4938272,76.5
1787234886933,4969920,77.0
1787234886998,4894368,77.0
1787234887064,4890000,77.2
1787234887127,4898576,77.2
1787234887190,4906816,76.5
1787234887246,4895616,76.5
1787234887307,4997872,76.3
1787234887369,5038480,76.3
1787234887433,5062416,76.6
1787234887490,5046848,76.6
1787234887545,5048800,75.6
1787234887608,5039936,75.6
1787234887672,5049856,75.3
1787234887729,5030336,75.3
1787234887793,5028016,75.8
1787234887846,5030240,75.8
1787234887910,4993104,76.0
1787234887973,4945056,76.0
1787234888029,4924432,76.3
1787234888083,5019904,76.3
1787234888148,5007552,77.1
1787234888203,5025584,77.1
1787234888276,4807296,75.9
1787234888343,4806896,75.9
1787234888400,4805712,72.9
1787234888464,4772880,72.9
1787234888529,4691024,73.0
1787234888595,4669648,73.0
1787234888659,4709760,73.9
1787234888725,4668672,73.9
1787234888788,4674496,76.8
1787234888848,4674128,76.8
1787234888913,4592016,74.4
1787234888972,4612560,74.4
1787234889035,4614992,75.5
1787234889092,4609920,75.5
1787234889149,4576848,75.7
1787234889206,4585040,75.7
1787234889261,4627760,78.4
1787234889315,4652128,78.4
1787234889378,4698448,78.4
1787234889435,4683280,78.4
1787234889500,4678288,78.4
1787234889554,4688768,77.0
1787234889616,4678736,77.0
1787234889679,4645088,77.8
1787234889735,4675360,77.8
1787234889791,4706944,78.7
1787234889846,4707152,78.7
1787234889903,4700288,77.2
1787234889965,4650896,77.2
1787234890026,4632064,76.1
1787234890084,4601632,76.1
1787234890141,4647952,76.4
1787234890198,4688736,76.4
1787234890262,4699216,77.0
1787234890318,4709904,77.0
1787234890378,4662752,77.0
1787234890435,4662480,76.8
1787234890500,4643136,76.8
1787234890559,4631456,76.8
1787234890621,4592864,76.8
1787234890684,4610944,78.6
1787234890749,4613696,78.6
1787234890803,4657440,77.4
1787234890858,4775424,77.4
1787234890917,4750544,77.5
1787234890981,4816976,77.5
1787234891039,4849424,79.3
1787234891097,4872192,79.3
1787234891151,4865968,78.7
1787234891208,4864208,78.7
1787234891269,4923328,78.5
1787234891328,4931792,78.5
1787234891391,4927712,77.0
1787234891456,4960592,77.0
1787234891522,4922624,77.0
1787234891578,4919296,77.0
1787234891641,4904160,77.5
1787234891702,4914432,77.5
1787234891765,4941840,77.3
1787234891829,4944256,77.3
1787234891892,4938320,78.1
1787234891950,4867600,78.1
1787234892016,4835152,76.9
1787234892079,4813824,76.9
1787234892140,4886080,78.9
1787234892206,4878304,78.9
1787234892265,4873152,78.4
1787234892329,4913504,78.4
1787234892385,4909376,78.4
1787234892447,4954160,79.3
1787234892508,5000800,79.3
1787234892562,5000224,82.0
1787234892619,5045440,82.0
1787234892683,5108560,87.8
1787234892743,5183280,87.8
1787234892805,5212352,91.8
1787234892866,5235552,91.8
1787234892926,5241264,94.0
1787234892990,5269712,94.0
1787234893054,5304752,97.6
1787234893115,5355968,97.6
1787234893176,5405328,96.9
1787234893235,5442384,96.9
1787234893289,5458752,97.6
1787234893352,5363904,97.6
1787234893407,5363968,95.1
1787234893466,5372336,95.1
1787234893529,5391488,95.8
1787234893594,5411504,95.8
1787234893657,5421440,96.8
1787234893716,5422240,96.8
1787234893780,5450128,97.5
1787234893836,5499872,97.5
1787234893892,5478752,92.4
1787234893957,5402688,92.4
1787234894011,5463280,92.4
1787234894075,5450400,89.8
1787234894137,5444688,89.8
1787234894201,5486544,77.8
1787234894268,5472464,74.1
1787234894330,5473280,74.1
1787234894394,5492304,70.1
1787234894459,5474032,70.1
1787234894531,5452608,69.6
1787234894595,5456864,69.6
1787234894658,5440496,65.7
1787234894718,5429664,65.7
1787234894773,5424784,52.9
1787234894834,5379984,52.9
1787234894893,5307440,44.9
1787234894956,5372032,44.9
1787234895014,5286176,44.9
1787234895074,5287984,45.5
1787234895131,5181424,45.5
1787234895189,5318912,56.4
1787234895243,5349664,56.4
1787234895308,5344544,65.3
1787234895367,5355696,65.3
1787234895428,5324960,65.8
1787234895493,5323184,65.8
1787234895550,5336880,64.8
1787234895614,5322816,64.8
1787234895680,5334960,65.2
1787234895736,5331488,65.2
1787234895795,5366176,66.7
1787234895860,5385184,66.7
1787234895916,5329360,67.5
1787234895974,5314720,67.5
1787234896037,5367024,69.4
1787234896099,5365664,69.4
1787234896153,5367888,68.8
1787234896212,5359920,68.8
1787234896270,5368064,68.8
1787234896334,5336656,69.1
1787234896401,5333040,67.0
1787234896460,5252784,67.0
1787234896524,5111184,58.9
1787234896588,5032928,58.9
1787234896646,4890864,58.9
1787234896702,4922320,55.2
1787234896765,4953520,55.2
1787234896825,4977792,57.0
1787234896887,4970640,57.0
1787234896941,5000416,62.5
1787234896997,4916064,62.5
1787234897060,4864768,65.2
1787234897119,5024896,65.2
1787234897178,4982304,71.1
1787234897241,5056272,71.1
1787234897300,5022448,74.9
1787234897357,4988240,74.9
1787234897421,5119792,76.6
1787234897482,5101408,76.6
1787234897545,5135136,74.2
1787234897607,5120336,74.2
1787234897664,5062400,74.9
1787234897721,5057136,74.9
1787234897777,5029056,75.9
1787234897840,5116144,75.9
1787234897900,5151856,78.5
1787234897963,5058064,78.5
1787234898022,4987376,78.5
1787234898076,4997632,81.6
1787234898137,5053520,81.6
1787234898193,5024368,81.3
1787234898249,5031440,81.3
1787234898313,4958976,78.9
1787234898376,5009968,78.9
1787234898437,5044000,80.2
1787234898508,4879008,80.2
1787234898569,4847632,78.5
1787234898634,4829632,78.5
1787234898690,4824800,81.1
1787234898753,4817808,81.1
1787234898818,4817680,79.1
1787234898874,4815520,79.1
1787234898938,4738832,79.3
1787234899004,4785232,79.3
1787234899057,4800768,79.9
1787234899112,5014064,79.9
1787234899169,5040640,83.4
1787234899223,5033328,83.4
1787234899278,5055088,81.3
1787234899343,5170464,81.3
1787234899397,5175344,81.3
1787234899457,5185344,83.0
1787234899519,5124256,83.0
1787234899573,5116064,81.7
1787234899638,5143616,81.7
1787234899703,5080704,82.9
1787234899768,5114592,82.9
1787234899822,5113504,81.3
1787234899880,5237968,81.3
1787234899941,5123440,80.8
1787234900004,5112736,80.8
1787234900061,5140336,80.1
1787234900128,5040112,80.1
1787234900193,5026928,78.1
1787234900256,5225376,78.1
1787234900316,5201680,79.1
1787234900373,5146464,79.1
1787234900429,5103056,77.5
1787234900485,5063872,77.5
1787234900543,5025056,74.7
1787234900609,4978848,74.7
1787234900674,4950304,75.9
1787234900730,4951952,75.9
1787234900796,4946112,75.1
1787234900861,4907152,75.1
1787234900925,4938192,76.7
1787234900989,5000352,76.7
1787234901049,5018224,77.0
1787234901108,5029424,77.0
1787234901166,4993232,76.3
1787234901231,5049632,76.3
1787234901289,5090256,79.1
1787234901353,5003712,79.1
1787234901418,4992560,79.4
1787234901480,5020864,79.4
1787234901540,5009728,77.4
1787234901601,4841216,77.4
1787234901660,4845120,74.8
1787234901722,4864240,74.8
1787234901778,4843632,74.8
1787234901837,4854192,75.6
1787234901896,4825056,75.6
1787234901971,4414864,76.8
1787234902037,4414768,69.8
1787234902101,4449760,69.8
1787234902155,4483168,69.8
1787234902217,4507760,72.6
1787234902275,4502768,72.6
1787234902334,4536048,75.0
1787234902398,4532864,75.0
1787234902458,4533664,73.7
1787234902518,4570432,73.7
1787234902584,4572608,71.5
1787234902647,4650448,71.5
1787234902708,4683328,71.7
1787234902771,4704576,71.7
1787234902826,4660112,72.9
1787234902889,4672528,72.9
1787234902951,4658448,73.2
1787234903016,4603280,73.2
1787234903072,4660400,73.0
1787234903132,4668912,73.0
1787234903187,4777552,78.3
1787234903241,4851440,78.3
1787234903307,4898976,76.5
1787234903362,4778128,76.5
1787234903427,4781216,75.3
1787234903492,4744432,75.3
1787234903554,4740608,76.5
1787234903616,4713568,76.5
1787234903681,4715568,77.4
1787234903743,4703056,77.4
1787234903808,4737008,77.7
1787234903863,4720336,77.7
1787234903919,4837856,78.6
1787234903983,5073360,78.6
1787234904039,5096480,80.8
1787234904104,5087392,80.8
1787234904160,5046080,78.2
1787234904220,5040128,78.2
1787234904283,5106896,78.2
1787234904345,5172176,78.9
1787234904411,5185648,75.6
1787234904467,5162960,75.6
1787234904526,5144160,75.6
1787234904586,5066832,75.0
1787234904645,5067840,75.0
1787234904701,5098560,75.4
1787234904756,5121904,75.4
1787234904814,5113024,75.6
1787234904869,5112048,75.6
1787234904926,5165232,74.2
1787234904985,5202800,74.2
1787234905052,5220336,76.9
1787234905114,5234528,76.9
1787234905176,5227696,75.0
1787234905241,5217168,75.0
1787234905296,5218176,75.7
1787234905354,5340896,75.7
1787234905419,5361472,75.9
1787234905478,5329616,75.9
1787234905533,5338896,75.9
1787234905592,5352032,77.0
1787234905652,5364256,77.0
1787234905717,5374768,76.4
1787234905778,5376512,76.4
1787234905837,5368640,79.3
1787234905907,5188784,79.3
1787234905965,5032912,71.5
1787234906020,5026512,71.5
1787234906078,5126160,73.0
1787234906133,5105888,73.0
1787234906188,5132736,75.4
1787234906253,5105920,75.4
1787234906317,5120288,75.5
1787234906379,5136816,75.5
1787234906439,5156928,78.7
1787234906495,5161312,78.7
1787234906554,5114768,78.0
1787234906617,4950288,78.0
1787234906676,4890144,74.1
1787234906734,4917808,74.1
1787234906799,4846544,75.6
1787234906854,4853248,75.6
1787234906929,4498336,73.7
1787234906987,4370960,73.7
1787234907051,4364976,71.0
1787234907115,4371664,71.0
1787234907173,4364656,72.9
1787234907237,4551664,72.9
1787234907296,4618784,77.6
1787234907355,4603328,77.6
1787234907417,4389648,72.5
1787234907473,4417216,72.5
1787234907530,4469104,72.5
1787234907584,4418336,73.6
1787234907648,4430416,73.6
1787234907704,4421312,75.3
1787234907758,4445440,75.3
1787234907814,4427824,75.3
1787234907875,4432336,75.3
1787234907933,4426608,74.4
1787234907998,4403712,74.4
1787234908053,4394944,75.4
1787234908113,4373376,75.4
1787234908171,4444672,76.3
1787234908227,4336688,76.3
1787234908285,4571504,76.3
1787234908340,4622144,79.4
1787234908407,4582032,79.4
1787234908465,4514864,77.5
1787234908527,4531920,77.5
1787234908586,4496464,73.5
1787234908644,4562752,73.5
1787234908701,4655264,72.3
1787234908760,4556736,72.3
1787234908820,4547840,72.7
1787234908878,4916592,72.7
1787234908935,4899728,75.9
1787234908990,4971856,75.9
1787234909057,4965600,74.8
1787234909121,4822288,74.8
1787234909179,4849488,74.7
1787234909239,4885024,74.7
1787234909301,4867920,75.0
1787234909359,4818048,75.0
1787234909413,4834464,75.0
1787234909473,4874416,78.0
1787234909539,4888160,77.6
1787234909600,4841328,77.6
1787234909655,4867200,77.6
1787234909712,4951104,77.2
1787234909766,4994096,77.2
1787234909830,5028832,79.8
1787234909889,4998848,79.8
1787234909953,4996896,77.6
1787234910017,4982736,77.6
1787234910080,4965872,76.9
1787234910144,5002480,76.9
1787234910208,5001456,80.2
1787234910271,4975952,80.2
1787234910335,5021312,78.0
1787234910391,4946432,78.0
1787234910451,5032176,77.5
1787234910509,5132336,77.5
1787234910566,5157632,76.8
1787234910629,5171984,76.8
1787234910691,5186880,77.7
1787234910748,5255312,77.7
1787234910802,5325488,78.4
1787234910865,5322160,78.4
1787234910927,5326784,79.0
1787234910984,5307344,79.0
1787234911042,5359488,79.0
1787234911110,5307776,79.6
1787234911174,5311760,78.0
1787234911232,5309024,78.0
1787234911289,5320736,78.0
1787234911349,5329792,79.3
1787234911409,5378320,79.3
1787234911466,5411536,79.8
1787234911521,5404768,79.8
1787234911584,5310928,79.2
1787234911646,5279072,79.2
1787234911710,5325088,77.5
1787234911764,5251712,77.5
1787234911828,5281648,77.5
1787234911893,5208896,77.5
1787234911959,5192288,76.3
1787234912025,5162000,76.3
1787234912082,5146608,77.4
1787234912143,5167600,77.4
1787234912204,5181904,77.2
1787234912258,5175680,77.2
1787234912318,5174400,77.2
1787234912372,5174496,77.2
1787234912429,5170400,76.2
1787234912486,5132096,76.2
1787234912544,5099504,76.2
1787234912607,5129152,76.3
1787234912672,5113312,78.8
1787234912736,5136896,78.8
1787234912791,5135600,78.8
1787234912849,5157872,77.4
1787234912904,5059552,77.4
1787234912962,5034640,76.3
1787234913025,5160000,76.3
1787234913082,5200064,77.3
1787234913144,5192752,77.3
1787234913205,5222176,77.3
1787234913273,5186304,77.3
1787234913330,4989200,74.2
1787234913388,5059568,74.2
1787234913448,5072160,75.4
1787234913503,5092016,75.4
1787234913567,5033776,75.4
1787234913630,5060448,75.4
1787234913696,5030352,76.3
1787234913760,4995872,76.3
1787234913815,5031744,77.4
1787234913875,5021984,77.4
1787234913935,4979472,77.0
1787234913991,4988496,77.0
1787234914047,5017312,76.8
1787234914103,5022512,76.8
1787234914169,5023312,76.8
1787234914234,5041008,78.1
1787234914299,5030528,78.5
1787234914353,5077520,78.5
1787234914409,5063040,78.5
1787234914466,5031296,77.7
1787234914530,5025808,77.7
1787234914591,5029408,77.9
1787234914654,5025712,77.9
1787234914717,5051344,76.2
1787234914782,5271856,76.2
1787234914837,5360784,80.8
1787234914892,5277792,80.8
1787234914958,5217376,79.0
1787234915023,5178736,79.0
1787234915088,5210256,79.0
1787234915151,5229376,79.0
1787234915211,5245376,76.2
1787234915277,5306752,76.2
1787234915340,5300144,75.9
1787234915397,5356976,75.9
1787234915454,5378896,78.0
1787234915514,5394432,78.0
1787234915572,5420080,78.7
1787234915638,5388752,78.7
1787234915703,5405584,78.5
1787234915766,5379936,78.5
1787234915830,5393472,78.3
1787234915890,5383360,78.3
1787234915957,5359520,76.6
1787234916019,5387216,76.6
1787234916074,5388608,76.6
1787234916139,5393712,76.6
1787234916195,5373728,77.3
1787234916261,5374608,77.3
1787234916319,5354464,76.7
1787234916380,5361888,76.7
1787234916445,5394080,77.2
1787234916510,5450192,77.2
1787234916567,5418896,77.0
1787234916631,5353344,77.0
1787234916686,5325856,76.0
1787234916749,5339264,76.0
1787234916812,5354592,78.0
1787234916874,5300240,78.0
1787234916938,5259104,78.1
1787234917001,5202576,78.1
1787234917056,5225232,77.0
1787234917116,5245584,77.0
1787234917172,5232112,77.0
1787234917226,5242848,80.1
1787234917286,5481840,80.1
1787234917342,5473888,79.1
1787234917406,5526688,79.1
1787234917468,5552672,75.9
1787234917534,5547024,75.9
1787234917593,5533280,74.9
1787234917653,5471984,74.9
1787234917717,5455312,73.2
1787234917775,5329776,73.2
1787234917833,5333680,68.5
1787234917888,5321712,68.5
1787234917958,5201456,69.0
1787234918024,5243536,69.0
1787234918080,5212176,66.7
1787234918143,5290768,66.7
1787234918201,5372240,70.9
1787234918266,5439616,70.9
1787234918330,5224736,72.9
1787234918393,5232976,72.9
1787234918458,5261056,76.5
1787234918525,5193088,76.5
1787234918589,5154080,76.8
1787234918645,5113888,76.8
1787234918710,5082112,74.5
1787234918773,5069280,74.5
1787234918830,5082176,78.6
1787234918887,5065616,78.6
1787234918944,5075072,76.2
1787234919003,5055568,76.2
1787234919066,5067632,77.5
1787234919131,5109344,77.5
1787234919188,5185872,77.2
1787234919245,5169616,77.2
1787234919304,5189840,76.8
1787234919359,5216400,76.8
1787234919415,5311072,76.8
1787234919478,5420256,78.4
1787234919535,5446480,78.4
1787234919601,5345408,77.7
1787234919661,5333824,77.7
1787234919721,5351904,76.4
1787234919776,5316880,76.4
1787234919839,5401168,76.6
1787234919903,5266208,76.6
1787234919966,5177616,74.8
1787234920022,5138800,74.8
1787234920089,4908528,74.6
1787234920153,4790944,74.6
1787234920222,4682064,70.6
1787234920289,4793664,70.6
1787234920353,4626768,72.3
1787234920417,4610800,72.3
1787234920478,4542096,69.6
1787234920541,4444768,69.6
1787234920605,4386880,68.8
1787234920660,4365552,68.8
1787234920729,4319440,69.0
1787234920788,4289792,69.0
1787234920843,4279680,67.2
1787234920905,4312480,67.2
1787234920961,4286720,71.6
1787234921016,4311360,71.6
1787234921070,4325856,75.3
1787234921144,4394928,75.3
1787234921210,4501712,80.5
1787234921273,4510240,80.5
1787234921328,4552720,80.1
1787234921382,4590048,80.1
1787234921437,4544816,81.3
1787234921492,4526016,81.3
1787234921554,4439744,81.3
1787234921617,4341184,81.6
1787234921677,4353328,81.6
1787234921736,4356992,86.0
1787234921792,4323312,86.0
1787234921857,4347568,85.2
1787234921916,4283808,85.2
1787234921982,4210544,80.3
1787234922040,4251440,80.3
1787234922103,4256992,79.5
1787234922158,4234608,79.5
1787234922212,4234928,80.1
1787234922271,4224640,80.1
1787234922333,4237648,77.8
1787234922399,4099680,77.8
1787234922463,4123008,76.3
1787234922529,4140848,76.3
1787234922603,4231184,76.7
1787234922687,4206368,78.4
1787234922749,4161840,78.4
1787234922812,4226336,78.1
1787234922866,4169664,78.1
1787234922931,4140736,78.1
1787234922988,4208336,75.9
1787234923053,4220144,75.9
1787234923111,4143024,76.9
1787234923173,4144800,76.9
1787234923227,4213296,77.8
1787234923289,4240752,77.8
1787234923352,4216384,77.3
1787234923411,4237792,77.3
1787234923466,4226064,77.6
1787234923522,4212128,77.6
1787234923583,4094016,76.9
1787234923645,4372448,76.9
1787234923704,4469920,78.4
1787234923762,4453264,78.4
1787234923824,4452448,76.4
1787234923888,4411360,76.4
1787234923943,4354256,72.3
1787234923998,4339072,72.3
1787234924056,4338736,72.3
1787234924119,4349280,72.3
1787234924185,4354768,73.9
1787234924243,4368448,73.9
1787234924305,4423568,73.9
1787234924365,4470048,71.6
1787234924422,4535632,71.6
1787234924480,4528688,73.1
1787234924541,4538464,73.1
1787234924603,4527280,76.5
1787234924666,4532496,76.5
1787234924727,4599872,75.9
1787234924791,4565024,75.9
1787234924845,4563600,78.5
1787234924902,4465088,78.5
1787234924966,4539120,77.7
1787234925020,4631104,77.7
1787234925077,4631024,81.1
1787234925133,4700176,81.1
1787234925187,4705792,79.9
1787234925243,4872240,79.9
1787234925303,4951488,79.9
1787234925368,5140240,85.2
1787234925433,5172832,82.0
1787234925493,5151808,82.0
1787234925556,5142336,82.0
1787234925619,5090688,76.2
1787234925677,5074640,76.2
1787234925741,5092368,74.2
1787234925808,5159824,74.2
1787234925863,5128400,72.0
1787234925926,5039008,72.0
1787234925991,5012176,66.7
1787234926055,5005616,66.7
1787234926115,4999024,66.6
1787234926179,5053168,66.6
1787234926243,4964448,68.8
1787234926308,4994784,68.8
1787234926371,5037168,72.4
1787234926436,5027808,74.4
1787234926490,5032736,74.4
1787234926554,5033568,74.4
1787234926620,5002704,76.4
1787234926679,4945488,76.4
1787234926734,4963952,77.0
1787234926792,4912016,77.0
1787234926849,4975840,77.7
1787234926906,4874016,77.7
1787234926967,4796176,76.4
1787234927033,4707120,76.4
1787234927090,4722448,76.0
1787234927155,4719216,76.0
1787234927209,4694592,76.9
1787234927274,4714192,76.9
1787234927330,4769696,78.2
1787234927389,4840848,78.2
1787234927454,4831776,77.8
1787234927519,4861120,77.8
1787234927576,4882576,77.5
1787234927632,4909424,77.5
1787234927696,4968608,77.2
1787234927753,4953472,77.2
1787234927813,4922672,77.1
1787234927875,4996416,77.1
1787234927936,4954928,77.4
1787234927994,4930768,77.4
1787234928058,4898064,77.4
1787234928119,4896496,77.6
1787234928185,4919072,77.6
1787234928248,4934224,78.0
1787234928312,4806240,73.5
1787234928367,4835392,73.5
1787234928428,4885552,73.5
1787234928486,4832512,75.9
1787234928550,4852016,75.9
1787234928613,4852800,75.5
1787234928671,4864144,75.5
1787234928736,4878256,77.8
1787234928798,4848560,77.8
1787234928858,4856672,77.5
1787234928916,4792528,77.5
1787234928972,4797968,76.1
1787234929028,4764800,76.1
1787234929092,4768448,76.7
1787234929151,4790512,76.7
1787234929208,4767024,78.3
1787234929266,4787312,78.3
1787234929323,4880384,77.4
1787234929381,4904800,77.4
1787234929447,4949360,79.3
1787234929504,4943952,79.3
1787234929571,4920656,77.5
1787234929629,4867296,77.5
1787234929693,4867968,76.2
1787234929755,4900512,76.2
1787234929814,4897536,77.4
1787234929879,5044800,77.4
1787234929941,4960272,79.8
1787234929998,4957120,79.8
1787234930060,4944128,79.8
1787234930125,4843200,78.3
1787234930187,4871408,78.3
1787234930244,4858656,77.0
1787234930309,4943952,77.0
1787234930374,4932288,77.2
1787234930429,4940240,77.2
1787234930488,4917232,79.7
1787234930554,4923008,79.7
1787234930618,4950576,80.4
1787234930678,4931328,80.4
1787234930734,4907456,78.2
1787234930792,4903296,78.2
1787234930853,4917344,78.7
1787234930913,4897936,78.7
1787234930971,4892272,77.4
1787234931032,4917264,77.4
1787234931093,4967184,77.8
1787234931155,4972656,77.8
1787234931219,4909440,77.0
1787234931282,4888560,77.0
1787234931336,4932592,76.1
1787234931398,4968336,76.1
1787234931455,4968624,76.9
1787234931515,4980064,76.9
1787234931574,4912544,74.8
1787234931633,4874704,74.8
1787234931696,4885408,78.1
1787234931758,4916832,78.1
1787234931820,4930160,75.9
1787234931879,4880928,75.9
1787234931942,4800928,76.0
1787234932002,4785776,76.0
1787234932065,4797376,76.0
1787234932130,4814080,77.2
1787234932192,4863872,76.7
1787234932251,4871104,76.7
1787234932314,4894160,76.7
1787234932375,4877632,77.4
1787234932440,4920272,77.4
1787234932506,4909648,77.8
1787234932571,4885776,77.5
1787234932624,4895856,77.5
1787234932683,4946096,77.5
1787234932742,4975952,78.0
1787234932806,4944592,78.0
1787234932861,4935648,79.2
1787234932922,4937120,79.2
1787234932979,4892272,77.8
1787234933042,4904816,77.8
1787234933103,5004848,77.2
1787234933168,5004784,77.2
1787234933230,5004304,78.2
1787234933295,5029920,78.2
1787234933362,4960032,79.2
1787234933418,4843312,79.2
1787234933481,4445504,73.3
1787234933545,4435072,73.3
1787234933606,4374176,70.5
1787234933668,4370864,70.5
1787234933733,4372992,72.7
1787234933790,4352032,72.7
1787234933851,4354944,75.3
1787234933908,4354016,75.3
1787234933973,4316240,77.4
1787234934036,4287632,77.4
1787234934094,4303200,77.4
1787234934154,4290688,77.4
1787234934211,4261632,75.6
1787234934268,4237088,75.6
1787234934330,4338272,77.0
1787234934392,4336112,77.0
1787234934457,4342784,75.3
1787234934521,4349632,75.3
1787234934584,4331008,76.2
1787234934643,4338224,76.2
1787234934707,4379104,76.9
1787234934768,4438880,76.9
1787234934832,4642256,80.5
1787234934887,4623584,80.5
1787234934946,4651984,77.4
1787234935006,4690608,77.4
1787234935069,4793904,77.4
1787234935122,4887168,79.0
1787234935177,4871696,79.0
1787234935233,4872064,79.1
1787234935298,4895088,79.1
1787234935363,4937648,77.1
1787234935422,4986064,77.1
1787234935481,5006688,77.2
1787234935547,4994800,77.2
1787234935610,5044160,76.6
1787234935666,5016448,76.6
1787234935724,5029456,69.7
1787234935786,5048160,69.7
1787234935848,4984912,72.1
1787234935905,4933248,72.1
1787234935971,4892896,73.1
1787234936037,4886560,73.1
1787234936096,4923904,74.7
1787234936157,4936512,74.7
1787234936221,4973936,75.4
1787234936286,4927072,75.4
1787234936348,4974384,76.9
1787234936412,4987136,76.9
1787234936469,5001440,78.1
1787234936530,4962352,78.1
1787234936596,4855440,75.6
1787234936652,4807088,75.6
1787234936717,4798912,76.6
1787234936780,4752992,76.6
1787234936846,4746240,76.3
1787234936903,4762768,76.3
1787234936962,4766240,76.0
1787234937025,4738112,76.0
1787234937079,4723968,77.1
1787234937133,4732128,77.1
1787234937198,4775248,77.3
1787234937254,4772208,77.3
1787234937316,4854864,77.3
1787234937382,4836272,77.5
1787234937446,4861296,77.5
1787234937510,4853456,79.2
1787234937565,4831008,79.2
1787234937630,4852192,76.0
1787234937685,4849504,76.0
1787234937750,4851664,75.8
1787234937814,4857968,75.8
1787234937871,4852096,76.6
1787234937937,4805920,76.6
1787234937999,4706960,74.2
1787234938062,4735824,74.2
1787234938119,4831312,74.7
1787234938187,4869872,74.7
1787234938252,4605936,76.5
1787234938312,4580960,76.5
1787234938368,4549184,73.3
1787234938425,4628656,73.3
1787234938486,4637536,76.3
1787234938545,4620816,76.3
1787234938610,4621648,77.0
1787234938676,4636848,77.0
1787234938741,4649344,76.2
1787234938800,4577344,76.2
1787234938857,4608656,76.5
1787234938915,4618016,76.5
1787234938978,4620192,77.7
1787234939044,4571840,77.7
1787234939102,4555792,77.8
1787234939167,4580384,77.8
1787234939228,4599696,76.3
1787234939294,4620384,76.3
1787234939354,4726256,77.8
1787234939411,4722224,77.8
1787234939468,4768576,77.5
1787234939528,4758512,77.5
1787234939585,4792512,77.1
1787234939648,4972192,77.1
1787234939706,4987152,79.2
1787234939769,5013024,79.2
1787234939828,4977040,78.5
1787234939883,4974608,78.5
1787234939941,4906144,78.5
1787234939996,4903184,78.9
1787234940061,4799952,78.9
1787234940122,4771504,76.0
1787234940186,4823200,76.0
1787234940250,4814960,76.3
1787234940305,4794128,76.3
1787234940364,4706352,76.3
1787234940427,4720928,76.3
1787234940487,4689232,78.1
1787234940553,4658768,78.1
1787234940620,4724864,76.8
1787234940675,4752736,76.8
1787234940739,4677456,76.6
1787234940794,4674000,76.6
1787234940854,4692368,75.6
1787234940919,4684800,75.6
1787234940987,4650560,76.0
1787234941049,4662160,76.0
1787234941111,4652288,76.1
1787234941176,4645376,76.1
1787234941238,4665776,76.0
1787234941301,4682384,76.0
1787234941359,4708032,78.7
1787234941420,4737168,78.7
1787234941474,4741888,77.6
1787234941538,4718976,77.6
1787234941592,4704800,75.7
1787234941649,4692016,75.7
1787234941713,4852272,76.9
1787234941774,4884448,76.9
1787234941830,4892272,76.5
1787234941885,4933296,76.5
1787234941949,4925472,76.5
1787234942013,4880256,76.8
1787234942077,4931120,76.8
1787234942135,4970736,74.4
1787234942194,4943296,74.4
1787234942254,4927056,74.6
1787234942318,4944704,74.6
1787234942381,4948416,75.0
1787234942442,4956080,75.0
1787234942503,4947152,74.9
1787234942566,4930560,74.9
1787234942631,4939504,75.8
1787234942694,4940160,75.8
1787234942756,4993520,75.0
1787234942818,4965456,75.0
1787234942881,4998528,76.3
1787234942937,5016912,76.3
1787234943000,4974992,75.0
1787234943061,4964336,75.0
1787234943125,5042688,75.6
1787234943191,5056768,75.6
1787234943252,5031680,77.4
1787234943315,4809536,77.4
1787234943375,4793760,73.9
1787234943439,4812064,73.9
1787234943493,4792768,74.9
1787234943551,4794256,74.9
1787234943608,4795904,75.2
1787234943671,4795184,75.2
1787234943731,4829376,76.4
1787234943790,4820272,76.4
1787234943853,4799568,76.2
1787234943912,4783232,76.2
1787234943975,4753440,76.3
1787234944031,4707952,76.3
1787234944095,5062352,77.7
1787234944157,5161888,77.7
1787234944218,5063296,74.9
1787234944276,5048992,74.9
1787234944333,5000224,74.9
1787234944390,4999936,73.0
1787234944445,4975552,73.0
1787234944512,4949408,70.5
1787234944574,5085616,70.5
1787234944635,5148544,69.9
1787234944693,5157616,69.9
1787234944756,5190272,68.4
1787234944821,5257776,68.4
1787234944886,5262112,64.5
1787234944941,5248752,64.5
1787234945006,5185872,67.9
1787234945065,5151856,67.9
1787234945129,5137360,70.8
1787234945188,5139232,70.8
1787234945244,5194176,71.7
1787234945309,5198816,71.7
1787234945370,5223472,73.8
1787234945427,5194240,73.8
1787234945485,5178768,72.4
1787234945549,5151920,72.4
1787234945612,5008896,69.8
1787234945669,5007552,69.8
1787234945726,5036016,73.3
1787234945781,5023248,73.3
1787234945838,5002720,74.0
1787234945895,4981328,74.0
1787234945957,4928960,74.0
1787234946016,4917024,75.6
1787234946081,4929104,75.6
1787234946138,4905648,74.8
1787234946198,4877680,74.8
1787234946263,4837824,74.4
1787234946326,4858688,74.4
1787234946383,4863296,75.1
1787234946448,4907840,75.1
1787234946506,4912912,76.5
1787234946563,4875136,76.5
1787234946621,4848176,74.0
1787234946684,4801920,74.0
1787234946743,4803536,71.4
1787234946803,4781104,71.4
1787234946870,4776800,73.9
1787234946936,4783952,73.9
1787234946997,4849360,74.0
1787234947060,4882144,74.0
1787234947125,4887424,74.8
1787234947182,4886512,74.8
1787234947249,4844768,74.7
1787234947305,4821536,74.7
1787234947369,4890528,71.8
1787234947426,4805712,71.8
1787234947483,4831072,71.3
1787234947546,4807312,71.3
1787234947603,4803248,72.4
1787234947666,4820208,72.4
1787234947730,4793152,72.7
1787234947795,4790928,72.7
1787234947859,4801632,74.7
1787234947923,4768672,74.7
1787234947981,4737232,72.7
1787234948044,4730608,72.7
1787234948107,4736672,73.1
1787234948164,4834416,73.1
1787234948226,4865264,76.7
1787234948280,4843920,76.7
1787234948341,4812656,74.7
1787234948397,4669200,74.7
1787234948461,4721376,74.7
1787234948521,4700304,71.4
1787234948579,4706752,71.4
1787234948635,4707136,72.3
1787234948700,4692160,72.3
1787234948761,4693312,72.8
1787234948817,4785376,72.8
1787234948882,4750304,74.4
1787234948947,4797952,74.4
1787234949011,4764560,74.7
1787234949071,4769504,74.7
1787234949136,4695216,73.7
1787234949190,4702752,73.7
1787234949255,4692656,73.8
1787234949318,4717664,73.8
1787234949374,4699488,72.6
1787234949429,4731312,72.6
1787234949492,4706304,73.2
1787234949556,4684064,73.2
1787234949616,4838896,74.8
1787234949675,4828768,74.8
1787234949739,4886048,74.2
1787234949803,5251616,74.2
1787234949857,5204416,75.6
1787234949916,5129312,75.6
1787234949976,5115136,73.0
1787234950032,5096064,73.0
1787234950095,5100944,71.9
1787234950158,5048704,71.9
1787234950217,5031968,68.5
1787234950282,5034032,68.5
1787234950347,5046592,65.6
1787234950405,5171072,65.6
1787234950466,5203600,65.6
1787234950525,5182528,67.6
1787234950580,5077728,67.6
1787234950637,5053936,67.8
1787234950696,4989760,67.8
1787234950760,5002592,70.0
1787234950820,5048608,70.0
1787234950881,4984384,70.8
1787234950935,4984096,70.8
1787234950992,4927984,71.1
1787234951053,4884512,71.1
1787234951107,4912576,73.3
1787234951166,4917232,73.3
1787234951231,4890464,75.2
1787234951287,4832288,75.2
1787234951348,4805200,75.9
1787234951402,4767824,75.9
1787234951457,4741680,75.9
1787234951516,4717136,74.1
1787234951582,4610272,74.1
1787234951644,4452320,71.7
1787234951702,4235888,71.7
1787234951761,4306496,68.5
1787234951819,4344224,68.5
1787234951884,4325616,72.9
1787234951942,4359840,72.9
1787234952004,4431488,74.5
1787234952068,4473872,74.5
1787234952126,4432400,73.3
1787234952186,4440080,73.3
1787234952249,4388624,73.3
1787234952306,4403936,73.3
1787234952369,4408000,73.3
1787234952434,4360352,73.3
1787234952499,4388976,73.6
1787234952558,4395648,73.6
1787234952615,4389376,72.0
1787234952676,4284384,72.0
1787234952741,4360960,70.6
1787234952800,4361376,70.6
1787234952864,4460848,71.7
1787234952921,4638992,71.7
1787234952984,4655456,72.7
1787234953041,4709360,72.7
1787234953104,4661728,72.7
1787234953167,4644624,72.7
1787234953227,4763088,73.9
1787234953284,4780864,73.9
1787234953347,4748784,72.9
1787234953407,4746208,72.9
1787234953462,4752656,72.9
1787234953519,4733360,73.3
1787234953580,4732048,73.3
1787234953641,4761808,71.6
1787234953705,4764464,71.6
1787234953768,4764704,70.5
1787234953833,4767136,70.5
1787234953886,4793088,72.5
1787234953943,4757056,72.5
1787234954004,4743920,69.0
1787234954069,4749008,69.0
1787234954135,4737760,69.1
1787234954200,4757792,69.1
1787234954264,4755200,69.6
1787234954326,4739232,69.6
1787234954389,4730768,66.6
1787234954447,4729632,66.6
1787234954501,4776000,69.0
1787234954557,4794064,69.0
1787234954621,4865760,67.9
1787234954680,4865472,67.9
1787234954743,4740176,67.3
1787234954806,4680752,67.3
1787234954865,4702768,67.6
1787234954929,4688624,67.6
1787234954987,4745504,67.2
1787234955050,4743472,67.2
1787234955112,4667744,65.4
1787234955176,4603728,65.4
1787234955240,4634784,64.7
1787234955303,4611152,64.7
1787234955369,4576256,66.1
1787234955431,4584432,66.1
1787234955494,4625904,70.0
1787234955553,4617552,70.0
1787234955610,4654000,70.4
1787234955667,4636880,70.4
1787234955731,4618160,73.2
1787234955790,4615952,73.2
1787234955857,4612512,74.2
1787234955921,4578000,74.2
1787234955986,4619520,73.2
1787234956046,4618976,73.2
1787234956109,4678192,73.2
1787234956167,4736352,73.2
1787234956230,4827392,76.9
1787234956285,4774512,76.9
1787234956350,4690976,74.1
1787234956415,4403168,74.1
1787234956482,4458496,68.7
1787234956538,4572912,68.7
1787234956601,4546672,71.5
1787234956659,4515152,71.5
1787234956717,4480560,71.5
1787234956773,4477120,71.1
1787234956838,4456880,71.1
1787234956894,4445536,71.1
1787234956951,4483888,71.1
1787234957013,4432480,73.9
1787234957071,4407392,73.9
1787234957129,4396800,72.3
1787234957193,4386576,72.3
1787234957258,4373712,72.4
1787234957312,4410352,72.4
1787234957369,4400848,67.7
1787234957427,4407920,67.7
1787234957493,4413712,72.4
1787234957549,4436448,72.4
1787234957608,4445632,73.3
1787234957675,4486864,73.3
1787234957730,4504224,71.8
1787234957792,4566176,71.8
1787234957848,4627008,71.5
1787234957912,4596576,71.5
1787234957973,4704656,71.5
1787234958034,4981744,71.0
1787234958096,5000656,71.0
1787234958158,4962672,75.1
1787234958223,4976816,75.1
1787234958296,4740976,73.9
1787234958353,4748112,70.1
1787234958407,4759456,70.1
1787234958463,4804000,70.1
1787234958520,4844704,72.1
1787234958582,4823424,72.1
1787234958648,4846592,73.7
1787234958705,4861856,73.7
1787234958770,4800352,73.3
1787234958826,4839472,73.3
1787234958883,4845376,73.4
1787234958948,4777360,73.4
1787234959013,4778304,73.6
1787234959069,4740752,73.6
1787234959131,4775312,73.0
1787234959196,4791472,73.0
1787234959260,4750096,73.4
1787234959321,4728752,73.4
1787234959382,4784704,72.8
1787234959446,4797424,72.8
1787234959510,4823008,74.6
1787234959575,4824848,74.6
1787234959638,4794176,76.8
1787234959701,4811072,76.8
1787234959767,4987440,76.7
1787234959830,4995696,76.7
1787234959887,4971664,76.9
1787234959947,4941280,76.9
1787234960011,4920608,76.0
1787234960075,4930864,76.0
1787234960132,4895600,75.9
1787234960191,4903984,75.9
1787234960255,4936240,75.7
1787234960312,4919648,75.7
1787234960375,4964448,74.0
1787234960435,4974192,74.0
1787234960500,5025840,73.2
1787234960557,4969312,73.2
1787234960619,5038560,74.0
1787234960679,5073616,74.0
1787234960743,5074224,75.0
1787234960808,5068928,75.0
1787234960874,5070288,76.3
1787234960938,5076368,76.3
1787234961003,4973984,74.1
1787234961066,4868304,74.1
1787234961129,5009248,69.9
1787234961191,5027648,69.9
1787234961252,5001632,70.1
1787234961317,5010448,70.1
1787234961381,4946912,70.2
1787234961441,4916832,70.2
1787234961497,4952032,69.0
1787234961557,4927216,69.0
1787234961622,4842400,64.7
1787234961689,4746688,64.7
1787234961756,4696224,62.6
1787234961821,4741408,62.6
1787234961886,4753776,68.4
1787234961945,4770640,68.4
1787234962002,4781440,71.1
1787234962060,4729296,71.1
1787234962115,4622112,72.1
1787234962170,4596624,72.1
1787234962225,4594832,72.1
1787234962279,4638400,74.1
1787234962345,4615760,74.1
1787234962409,4591408,76.3
1787234962473,4750176,76.3
1787234962535,4906448,80.0
1787234962590,4874848,80.0
1787234962648,4889136,79.9
1787234962711,4965760,79.9
1787234962770,4940480,79.0
1787234962826,4941088,79.0
1787234962890,4886384,77.4
1787234962955,4887520,77.4
1787234963014,4908192,77.0
1787234963076,5004688,77.0
1787234963136,5317952,79.6
1787234963199,5527440,79.6
1787234963262,5498320,80.4
1787234963325,5501008,80.4
1787234963385,5271664,72.0
1787234963444,5256672,72.0
1787234963503,5300608,69.5
1787234963562,5265504,69.5
1787234963617,5340000,67.5
1787234963673,5371904,67.5
1787234963738,5401888,70.5
1787234963804,5361808,70.5
1787234963861,5320176,71.7
1787234963927,5255264,71.7
1787234963988,5202624,72.1
1787234964047,5148832,72.1
1787234964112,5110448,73.3
1787234964173,5091408,73.3
1787234964228,5105136,73.3
1787234964286,5099984,74.4
1787234964350,5111568,74.4
1787234964415,5102864,75.0
1787234964480,5073104,75.1
1787234964544,5019152,75.1
1787234964603,5018256,75.1
1787234964660,5004496,75.3
1787234964726,4970592,75.3
1787234964790,5079440,74.9
1787234964852,5512992,74.9
1787234964909,5525360,80.7
1787234964971,5534960,80.7
1787234965034,5450736,75.9
1787234965093,5421680,75.9
1787234965155,5406016,73.6
1787234965214,5426272,73.6
1787234965279,5440720,70.8
1787234965341,5517040,70.8
1787234965397,5564736,72.0
1787234965459,5554256,72.0
1787234965523,5511632,72.6
1787234965585,5537472,72.6
1787234965652,5486736,73.5
1787234965708,5470256,73.5
1787234965770,5459344,73.8
1787234965833,5442832,73.8
1787234965900,5212880,74.4
1787234965965,4972496,74.4
1787234966041,4460096,68.4
1787234966096,4338240,68.4
1787234966156,4290528,63.4
1787234966210,4249344,63.4
1787234966275,4282784,67.3
1787234966335,4274304,67.3
1787234966400,4309232,71.8
1787234966465,4246528,71.8
1787234966530,4226912,73.3
1787234966595,4098784,73.3
1787234966658,4081792,73.8
1787234966713,4070384,73.8
1787234966779,4126128,75.4
1787234966838,4107952,75.4
1787234966901,4206160,75.4
1787234966959,4570752,75.4
1787234967021,4471056,81.4
1787234967081,4344416,81.4
1787234967137,4322784,76.8
1787234967200,4465568,76.8
1787234967260,4592032,76.5
1787234967320,4682592,76.5
1787234967380,4756624,76.8
1787234967436,4851568,76.8
1787234967496,5095232,77.8
1787234967555,5064000,77.8
1787234967615,5080608,74.2
1787234967676,5104336,74.2
1787234967740,5152160,75.0
1787234967793,5126928,75.0
1787234967858,5124784,75.0
1787234967915,5077792,74.1
1787234967976,5017600,74.1
1787234968037,5034032,73.2
1787234968092,4995632,73.2
1787234968155,4980864,74.5
1787234968217,4866560,74.5
1787234968282,4935984,72.7
1787234968343,4953152,72.7
1787234968408,4947216,75.4
1787234968463,4909440,75.4
1787234968521,4929728,74.4
1787234968587,4982368,74.4
1787234968650,4974784,75.0
1787234968713,4928000,75.0
1787234968772,4858176,75.2
1787234968833,4793040,75.2
1787234968898,4737536,73.1
1787234968963,4746608,73.1
1787234969019,4715360,74.8
1787234969076,4654384,74.8
1787234969140,4614880,75.4
1787234969195,4624160,75.4
1787234969251,4675712,76.8
1787234969310,4691536,76.8
1787234969365,4693424,78.4
1787234969429,4675168,78.4
1787234969485,4845200,78.4
1787234969540,4884512,80.4
1787234969599,4836656,80.4
1787234969662,4859504,78.4
1787234969720,4802816,78.4
1787234969776,4818496,77.4
1787234969841,4643888,77.4
1787234969905,4477200,73.4
1787234969964,4406480,73.4
1787234970017,4163408,71.5
1787234970079,4288544,71.5
1787234970146,4395456,70.4
1787234970210,4431072,70.4
1787234970266,4384320,71.8
1787234970324,4397472,71.8
1787234970390,4401552,73.3
1787234970455,4457904,73.3
1787234970511,4486240,75.2
1787234970576,4487008,75.2
1787234970637,4488800,76.4
1787234970692,4547408,76.4
1787234970756,4494112,73.9
1787234970812,4486976,73.9
1787234970874,4512832,75.6
1787234970938,4809472,75.6
1787234970997,4897984,78.6
1787234971059,4836432,78.6
1787234971117,4754720,73.6
1787234971181,4853920,73.6
1787234971247,5097504,75.6
1787234971310,5219392,75.6
1787234971375,5238752,71.4
1787234971439,5279280,71.4
1787234971497,5233264,71.5
1787234971557,5223792,71.5
1787234971617,5276144,72.6
1787234971683,5270080,72.6
1787234971742,5260096,70.3
1787234971800,5276256,70.3
1787234971854,5331040,70.3
1787234971910,5257776,73.1
1787234971964,5267056,73.1
1787234972019,5334160,74.2
1787234972085,5329344,74.2
1787234972144,5260256,74.3
1787234972205,5222704,74.3
1787234972260,5233440,71.5
1787234972315,5238208,71.5
1787234972371,5271216,74.1
1787234972433,5262528,74.1
1787234972491,5258768,75.3
1787234972548,5243632,75.3
1787234972612,5232800,75.3
1787234972666,5208272,76.7
1787234972732,5225504,76.7
1787234972796,5206896,75.4
1787234972862,5172912,75.4
1787234972927,5182464,74.3
1787234972992,5136256,74.7
1787234973055,5085792,74.7
1787234973119,5245408,76.5
1787234973181,5256112,76.5
1787234973235,5191840,76.5
1787234973302,5154528,77.1
1787234973358,5232528,77.1
1787234973414,5311648,78.1
1787234973473,5301568,78.1
1787234973530,5294352,74.6
1787234973586,5281552,74.6
1787234973642,5279632,72.1
1787234973706,5254480,72.1
1787234973772,5218352,71.0
1787234973837,5280720,71.0
1787234973897,5286560,71.4
1787234973958,5246016,71.4
1787234974013,5249424,74.1
1787234974068,5244384,74.1
1787234974122,5223328,74.8
1787234974179,5239776,74.8
1787234974235,5230320,74.8
1787234974299,5204608,75.2
1787234974362,5213248,75.2
1787234974425,5200496,77.2
1787234974483,5206640,77.2
1787234974549,5277760,76.4
1787234974612,5299792,76.4
1787234974671,5309504,79.0
1787234974732,5329024,79.0
1787234974796,5304560,79.2
1787234974853,5311456,79.2
1787234974917,5321440,78.1
1787234974982,5245152,78.1
1787234975039,5225584,76.5
1787234975103,5184768,76.5
1787234975162,5216160,77.6
1787234975225,5432912,77.6
1787234975280,5569440,80.1
1787234975338,5534208,80.1
1787234975393,5524848,77.1
1787234975457,5550400,77.1
1787234975520,5557232,74.5
1787234975581,5508640,74.5
1787234975638,5459728,72.0
1787234975704,5434304,72.0
1787234975768,5436496,68.2
1787234975834,5403744,68.2
1787234975899,5258832,68.3
1787234975954,5224784,68.3
1787234976015,5212224,68.8
1787234976076,5161792,68.8
1787234976134,5116224,69.6
1787234976188,5118896,69.6
1787234976244,5065408,69.6
1787234976300,5088064,71.5
1787234976358,5065776,71.5
1787234976425,5097696,71.8
1787234976489,5124400,71.8
1787234976551,5115088,73.8
1787234976614,4991616,73.8
1787234976672,4989936,72.0
1787234976736,4971904,72.0
1787234976799,4952064,75.3
1787234976862,4946320,75.3
1787234976920,4911600,77.1
1787234976978,4931360,77.1
1787234977032,4928256,78.8
1787234977092,4934416,78.8
1787234977149,5021232,78.7
1787234977209,5126448,78.7
1787234977265,5186992,76.9
1787234977328,5194352,76.9
1787234977388,5231904,76.7
1787234977445,5220016,76.7
1787234977509,5246480,77.1
1787234977565,5231920,77.1
1787234977623,5211888,77.1
1787234977680,5310496,77.7
1787234977746,5332512,77.7
1787234977812,5302976,77.5
1787234977877,5295776,77.5
1787234977942,5248624,77.7
1787234978006,5175072,75.4
1787234978063,5164736,75.4
1787234978130,5144736,76.5
1787234978185,5138368,76.5
1787234978245,5057856,76.5
1787234978309,4799968,77.8
1787234978365,4836384,77.8
1787234978422,4830992,74.7
1787234978484,4834976,74.7
1787234978543,4855360,76.7
1787234978600,4817568,76.7
1787234978665,4787152,76.9
1787234978721,4797808,76.9
1787234978785,4768992,75.3
1787234978846,4759936,75.3
1787234978904,4768352,76.3
1787234978968,4751472,76.3
1787234979033,4726464,75.8
1787234979095,4734752,75.8
1787234979158,4742752,76.6
1787234979223,4724464,76.6
1787234979281,4705024,77.2
1787234979336,4764800,77.2
1787234979398,4792400,77.1
1787234979464,4829040,77.1
1787234979518,4899504,75.7
1787234979582,4878544,75.7
1787234979638,4919328,79.8
1787234979694,4956320,79.8
1787234979758,4957696,77.2
1787234979814,4965520,77.2
1787234979874,5022640,77.2
1787234979937,5102608,78.2
1787234980002,5109744,78.2
1787234980063,5084224,80.4
1787234980123,5161856,80.4
1787234980181,5144768,79.4
1787234980241,5199936,79.4
1787234980298,5167584,78.8
1787234980361,5182800,78.8
1787234980417,5263968,79.6
1787234980482,5250960,79.6
1787234980546,5278176,77.2
1787234980606,5223808,77.2
1787234980666,5166304,76.7
1787234980721,5171552,76.7
1787234980787,5145136,77.4
1787234980846,5174720,77.4
1787234980903,5136432,77.1
1787234980961,5123424,77.1
1787234981024,5146656,77.5
1787234981087,5133440,77.5
1787234981152,5018544,75.3
1787234981217,4970720,75.3
1787234981280,4993904,75.7
1787234981335,5021888,75.7
1787234981395,5060896,76.5
1787234981460,5086032,76.5
1787234981525,5081968,77.1
1787234981590,4946976,77.1
1787234981655,4987696,76.1
1787234981719,4968640,76.1
1787234981783,4920912,76.6
1787234981846,4942688,76.6
1787234981911,4846672,76.5
1787234981967,4755024,76.5
1787234982023,4754176,75.3
1787234982088,4734944,75.3
1787234982145,4753424,77.5
1787234982202,4760880,77.5
1787234982259,4755920,77.2
1787234982319,4781568,77.2
1787234982377,4787936,77.2
1787234982431,4762800,77.5
1787234982497,4799200,77.5
1787234982558,4838576,78.4
1787234982615,4941968,78.4
1787234982672,4938944,79.4
1787234982730,4940768,79.4
1787234982794,4917936,77.2
1787234982853,4880608,77.2
1787234982912,4884496,76.8
1787234982975,4858800,76.8
1787234983039,4805056,77.8
1787234983103,4851328,77.8
1787234983165,4885600,75.6
1787234983222,4810064,75.6
1787234983286,4640304,76.9
1787234983346,4766080,76.9
1787234983400,4787552,74.7
1787234983459,4827264,74.7
1787234983522,4844096,77.1
1787234983585,4819712,77.1
1787234983641,4848256,77.7
1787234983696,4856272,77.7
1787234983761,4818160,77.0
1787234983822,4828384,77.0
1787234983886,4818784,76.5
1787234983945,4670384,76.5
1787234984011,4624560,75.0
1787234984073,4563456,75.0
1787234984129,4624640,75.0
1787234984191,4642880,76.0
1787234984251,4643040,76.0
1787234984308,4635728,77.3
1787234984365,4627616,77.3
1787234984420,4703936,77.2
1787234984475,4751200,77.2
1787234984539,4832864,79.2
1787234984593,4951840,79.2
1787234984653,4985056,80.9
1787234984718,5002704,80.9
1787234984779,4962368,78.9
1787234984843,4921712,78.9
1787234984904,4920336,78.7
1787234984966,4963744,78.7
1787234985029,4948528,78.6
1787234985092,4930720,78.6
1787234985152,4918848,77.8
1787234985213,4879216,77.8
1787234985268,4913648,78.0
1787234985331,5015392,78.0
1787234985393,5088480,77.8
1787234985451,5115216,77.8
1787234985516,5102064,77.8
1787234985577,5119312,77.8
1787234985640,5086912,77.9
1787234985697,5146976,77.9
1787234985756,5098144,77.9
1787234985811,5046464,77.4
1787234985875,5015808,77.4
1787234985940,4906016,76.4
1787234986003,4916912,76.4
1787234986065,4908816,77.1
1787234986128,4925792,77.1
1787234986193,4941936,77.7
1787234986257,4881984,77.7
1787234986320,4799600,78.8
1787234986374,4763600,78.8
1787234986429,4647408,76.2
1787234986488,4649808,76.2
1787234986544,4655664,76.6
1787234986602,4634544,76.6
1787234986660,4617728,77.5
1787234986717,4599888,77.5
1787234986779,4589216,77.5
1787234986839,4604000,77.5
1787234986904,4583984,77.7
1787234986967,4586448,77.7
1787234987023,4558112,78.9
1787234987078,4548416,78.9
1787234987143,4605344,79.6
1787234987198,4588752,79.6
1787234987254,4632496,79.6
1787234987311,4686624,79.2
1787234987377,4686896,79.2
1787234987441,4681472,78.9
1787234987504,4725536,78.9
1787234987562,4733072,78.6
1787234987618,4773696,78.6
1787234987675,4828960,77.5
1787234987739,4899600,77.5
1787234987805,4899584,76.1
1787234987865,4906800,76.1
1787234987924,4934304,77.2
1787234987980,4979792,77.2
1787234988044,4938768,77.7
1787234988107,4920624,77.7
1787234988168,4823712,76.9
1787234988229,4839648,76.9
1787234988292,4788624,76.7
1787234988357,4803056,76.7
1787234988416,4815168,77.1
1787234988479,4836224,77.1
1787234988536,4810512,76.5
1787234988590,4828896,76.5
1787234988647,4767632,76.3
1787234988712,4730976,76.3
1787234988778,4569216,73.6
1787234988834,4613248,73.6
1787234988898,4610144,77.0
1787234988961,4546448,77.0
1787234989023,4488752,74.4
1787234989088,4524112,74.4
1787234989148,4548480,77.6
1787234989213,4523824,77.6
1787234989271,4569072,76.6
1787234989328,4540208,76.6
1787234989382,4547808,76.6
1787234989446,4539664,77.6
1787234989506,4562000,77.6
1787234989562,4575472,79.8
1787234989622,4551456,79.8
1787234989683,4522064,78.1
1787234989746,4521536,78.1
1787234989803,4512336,78.1
1787234989866,4539456,78.1
1787234989920,4474816,75.9
1787234989983,4465920,75.9
1787234990041,4495888,77.1
1787234990105,4533056,77.1
1787234990166,4597904,77.2
1787234990230,4593376,77.2
1787234990289,4624080,78.0
1787234990350,4620944,78.0
1787234990405,4657536,78.2
1787234990470,4655008,78.2
1787234990527,4649056,78.7
1787234990590,4646688,78.7
1787234990651,4675568,77.6
1787234990711,4675376,77.6
1787234990778,4657360,77.2
1787234990840,4697968,77.2
1787234990904,4669776,77.2
1787234990966,4711728,77.2
1787234991027,4725664,78.7
1787234991092,4689648,78.7
1787234991155,4689040,76.5
1787234991220,4644176,76.5
1787234991286,4737280,76.8
1787234991346,4716832,76.8
1787234991405,4694160,76.9
1787234991469,4745120,76.9
1787234991532,4741280,75.7
1787234991609,4402656,75.7
1787234991687,4327744,63.8
1787234991751,4160896,63.8
1787234991805,4114640,62.4
1787234991868,3833936,62.4
1787234991934,3557664,55.8
1787234991994,3512576,55.8
1787234992057,3459584,54.6
1787234992194,2819088,46.0
1787234992291,2471440,31.3
1787234992416,2147600,21.4
1787234992476,1978272,21.4
1787234992540,2011232,23.8
1787234992612,2088064,23.8
1787234992677,2081584,26.8
1787234992733,2099104,26.8
1787234992792,2133632,30.3
1787234992856,2219040,30.3
1787234992919,2050400,31.5
1787234992987,2045952,31.5
1787234993047,2029072,29.9
1787234993106,2022880,29.9
1787234993166,2126112,35.2
1787234993232,2209296,35.2
1787234993287,2253888,39.4
1787234993342,2376608,39.4
1787234993405,2427936,41.0
1787234993464,2445376,41.0
1787234993524,2468064,40.5
1787234993585,2500736,40.5
1787234993651,2584368,39.8
1787234993706,2535584,39.8
1787234993762,2607216,39.8
1787234993822,2610576,44.3
1787234993886,2723184,44.3
1787234993952,2797648,43.6
1787234994015,2937840,43.5
1787234994081,2969936,43.5
1787234994135,3059328,43.5
1787234994193,3146832,41.2
1787234994256,3275456,41.2
1787234994321,3408384,43.0
1787234994376,3501680,43.0
1787234994440,3596544,41.0
1787234994505,3528928,41.0
1787234994572,3534688,40.0
1787234994629,3522496,40.0
1787234994683,3512160,40.3
1787234994740,3548336,40.3
1787234994800,3568480,42.1
1787234994863,3633632,42.1
1787234994918,3553504,48.9
1787234994975,3556928,48.9
1787234995030,3635008,54.0
1787234995094,3793184,54.0
1787234995154,3805792,57.6
1787234995214,3809760,57.6
1787234995270,3890752,60.0
1787234995330,4057408,60.0
1787234995388,4110560,60.0
1787234995451,4135424,62.1
1787234995506,4157328,62.1
1787234995565,4193536,59.4
1787234995621,4201504,59.4
1787234995686,4231888,56.1
1787234995746,4243840,56.1
1787234995810,4241888,59.7
1787234995873,4292080,59.7
1787234995937,4321696,61.6
1787234995993,4349168,61.6
1787234996057,4344928,62.8
1787234996121,4309376,62.8
1787234996184,4331216,67.7
1787234996249,4337456,67.7
1787234996311,4317360,72.0
1787234996365,4325696,72.0
1787234996429,4300144,77.8
1787234996492,4302496,77.8
1787234996552,4313408,87.6
1787234996613,4321744,87.6
1787234996668,4322832,90.6
1787234996731,4317824,90.6
1787234996793,4292416,93.1
1787234996856,4293056,93.1
1787234996917,4193712,97.2
1787234996978,4179984,97.2
1787234997037,4170944,98.6
1787234997100,4182160,98.6
1787234997155,4191760,97.2
1787234997211,4201840,97.2
1787234997273,4211408,99.5
1787234997332,4204704,99.5
1787234997388,4197200,99.5
1787234997450,4196240,99.0
1787234997506,4206592,99.0
1787234997562,4168240,99.9
1787234997619,4150992,99.9
1787234997674,4126640,99.2
1787234997744,4114496,99.2
1787234997806,4125184,98.5
1787234997867,4076096,98.5
1787234997923,4049216,100.0
1787234997985,4038048,100.0
1787234998046,4048912,97.9
1787234998112,4046224,97.9
1787234998172,4056736,99.9
1787234998235,4023072,99.9
1787234998301,4017376,97.8
1787234998360,3808592,97.8
1787234998424,3820352,99.3
1787234998487,3832000,99.3
1787234998550,3812016,98.1
1787234998607,3822400,98.1
1787234998667,3833568,99.7
1787234998731,3845328,99.7
1787234998794,3856960,100.0
1787234998860,3840128,100.0
1787234998920,3802464,99.7
1787234998986,3711536,99.7
1787234999053,3707136,97.1
1787234999107,3701072,97.1
1787234999175,3689648,97.6
1787234999238,3683840,97.6
1787234999293,3682192,97.7
1787234999353,3655120,97.7
1787234999416,3666176,100.0
1787234999470,3659072,100.0
1787234999533,3651552,99.3
1787234999596,3639568,99.3
1787234999660,3650912,98.4
1787234999723,3662416,98.4
1787234999780,3673088,100.0
1787234999843,3683808,100.0
1787234999904,3673904,98.5
1787234999963,3670128,98.5
1787235000033,3565520,98.8
1787235000096,3473600,98.8
1787235000152,3483712,100.0
1787235000216,3495120,100.0
1787235000282,3479616,100.0
1787235000342,3490416,100.0
1787235000406,3474592,100.0
1787235000469,3476016,100.0
1787235000531,3486608,99.6
1787235000594,3480048,99.6
1787235000652,3462144,99.6
1787235000719,3456624,99.6
1787235000782,3433728,98.3
1787235000842,3444816,98.3
1787235000905,3430064,99.1
1787235000967,3439648,99.1
1787235001031,3428240,100.0
1787235001097,3426080,100.0
1787235001161,3432080,99.9
1787235001227,3426736,99.9
1787235001281,3406432,98.2
1787235001341,3275200,98.2
1787235001399,3285296,97.7
1787235001460,3296096,97.7
1787235001523,3307568,97.7
1787235001630,2866112,100.0
1787235001690,2876576,89.4
1787235001746,2832544,89.4
1787235001808,2842672,91.7
1787235001866,2799056,91.7
1787235001920,2767344,95.0
1787235001988,2725424,95.0
1787235002052,2736848,95.4
1787235002112,2747472,95.4
1787235002176,2731216,96.4
1787235002237,2742144,96.4
1787235002292,2723840,97.5
1787235002353,2735072,97.5
1787235002413,2723328,97.9
1787235002475,2693136,97.9
1787235002534,2680192,98.7
1787235002588,2690240,98.7
1787235002643,2662720,98.7
1787235002704,2673792,99.1
1787235002765,2685040,99.1
1787235002826,2686448,98.9
1787235002882,2673840,98.9
1787235002940,2683984,98.5
1787235003002,2695360,98.5
1787235003063,2706688,100.0
1787235003128,2718512,100.0
1787235003192,2730144,98.8
1787235003249,2740496,98.8
1787235003310,2751360,100.0
1787235003369,2762080,100.0
1787235003432,2773616,98.9
1787235003495,2785232,98.9
1787235003558,2796896,100.0
1787235003617,2807776,100.0
1787235003672,2817728,100.0
1787235003733,2828912,100.0
1787235003792,2839584,100.0
1787235003853,2851088,100.0
1787235003916,2862928,99.7
1787235003971,2872944,99.7
1787235004034,2884512,99.6
1787235004096,2895760,99.6
1787235004155,2906048,99.5
1787235004212,2915760,99.5
1787235004275,2926528,99.5
1787235004338,2937920,99.9
1787235004394,2948128,99.9
1787235004457,2817392,99.6
1787235004520,2828608,99.6
1787235004583,2789744,99.7
1787235004646,2783120,99.7
1787235004708,2770416,100.0
1787235004765,2759984,100.0
1787235004826,2755696,98.4
1787235004889,2734304,98.4
1787235004953,2708432,99.8
1787235005009,2707728,99.8
1787235005067,2680976,97.7
1787235005128,2661776,97.7
1787235005195,2654400,98.2
1787235005258,2638640,98.2
1787235005317,2647152,99.9
1787235005378,2615840,99.9
1787235005445,2608880,97.2
1787235005500,2618064,97.2
1787235005563,2609296,100.0
1787235005627,2602336,100.0
1787235005685,2587488,98.5
1787235005748,2570768,98.5
1787235005811,2564432,98.4
1787235005873,2550000,98.4
1787235005936,2560304,100.0
1787235005994,2543648,100.0
1787235006062,2519984,99.1
1787235006121,2530144,99.1
1787235006185,2525984,100.0
1787235006250,2523600,100.0
1787235006313,2534080,100.0
1787235006374,2518464,100.0
1787235006434,2516064,98.6
1787235006493,2505104,98.6
1787235006556,2438368,98.9
1787235006620,2426288,98.9
1787235006688,2417888,100.0
1787235006751,2429120,100.0
1787235006814,2413872,99.0
1787235006869,2405632,99.0
1787235006923,2404272,97.8
1787235006986,2397184,97.8
1787235007050,2373888,100.0
1787235007113,2371728,100.0
1787235007176,2382848,99.2
1787235007239,2385504,99.2
1787235007299,2377200,100.0
1787235007362,2364288,100.0
1787235007425,2350496,99.9
1787235007489,2339712,99.9
1787235007550,2339088,98.4
1787235007612,2313824,98.4
1787235007671,2324784,100.0
1787235007734,2317584,100.0
1787235007793,2310512,100.0
1787235007859,2294432,100.0
1787235007923,2305728,100.0
1787235007977,2297184,100.0
1787235008040,2281520,97.1
1787235008100,2266272,97.1
1787235008162,2277360,97.8
1787235008216,2264656,97.8
1787235008277,2249632,97.8
1787235008332,2259664,98.1
1787235008387,2236464,98.1
1787235008447,2221072,100.0
1787235008505,2231200,100.0
1787235008561,2241392,99.7
1787235008625,2221440,99.7
1787235008684,2206624,98.7
1787235008745,2217808,98.7
1787235008808,2211072,100.0
1787235008874,2199952,100.0
1787235008932,2190976,98.9
1787235008993,2201936,98.9
1787235009057,2203328,100.0
1787235009113,2146640,100.0
1787235009171,2147280,98.7
1787235009228,2143600,98.7
1787235009292,2142672,99.7
1787235009360,2108512,99.7
1787235009418,2118912,100.0
1787235009483,2117456,100.0
1787235009540,2098688,98.4
1787235009599,2081264,98.4
1787235009660,2065152,98.4
1787235009721,2075824,99.4
1787235009778,2066032,99.4
1787235009838,2076896,100.0
1787235009893,2036288,100.0
1787235009956,2047984,100.0
1787235010019,2058800,100.0
1787235010082,2070272,98.5
1787235010137,2053136,98.5
1787235010194,2063232,99.1
1787235010258,2074416,99.1
1787235010319,2068736,100.0
1787235010373,2078432,100.0
1787235010430,2068528,99.1
1787235010494,2056304,99.1
1787235010552,2066256,100.0
1787235010616,2051216,100.0
1787235010681,2040736,100.0
1787235010745,2052032,100.0
1787235010802,2062384,99.9
1787235010866,2049696,99.9
1787235010929,2061296,99.9
1787235010986,2063296,99.9
1787235011049,2070832,100.0
1787235011112,2052640,100.0
1787235011175,2063504,99.3
1787235011238,2053552,99.3
1787235011301,2040960,100.0
1787235011362,2029152,100.0
1787235011417,2038944,98.4
1787235011479,2031296,98.4
1787235011542,2042944,99.4
1787235011609,2028672,99.4
1787235011667,2039136,99.4
1787235011730,2033440,99.4
1787235011793,2044720,99.8
1787235011849,2040800,99.8
1787235011908,2030544,99.8
1787235011965,2018960,100.0
1787235012025,2029408,100.0
1787235012087,2016816,98.1
1787235012151,2007424,98.1
1787235012215,1999312,100.0
1787235012278,2010608,100.0
1787235012340,2021584,100.0
1787235012399,2011520,100.0
1787235012461,1994800,99.9
1787235012524,2005904,99.9
1787235012587,2017264,97.5
1787235012647,2008672,97.5
1787235012710,2020320,100.0
1787235012773,2031968,100.0
1787235012829,2041728,98.7
1787235012892,2053120,98.7
1787235012950,2063440,100.0
1787235013012,2046976,100.0
1787235013074,2057504,98.9
1787235013137,2048176,98.9
1787235013200,2032128,99.4
1787235013260,2026192,99.4
1787235013323,2020528,98.1
1787235013391,2008384,98.1
1787235013454,2019984,100.0
1787235013518,2006704,100.0
1787235013581,1970720,99.1
1787235013646,1945584,99.1
1787235013708,1931312,100.0
1787235013771,1943008,100.0
1787235013832,1954224,100.0
1787235013895,1944864,100.0
1787235013960,1947168,100.0
1787235014020,1949392,100.0
1787235014084,1937376,100.0
1787235014142,1947888,100.0
1787235014205,1941280,99.3
1787235014269,1952512,99.3
1787235014322,1961600,99.1
1787235014387,1945616,99.1
1787235014444,1937152,100.0
1787235014504,1948304,100.0
1787235014567,1938864,98.3
1787235014628,1949712,98.3
1787235014689,1960832,100.0
1787235014752,1949376,100.0
1787235014816,1939088,100.0
1787235014880,1909664,100.0
1787235014945,1909760,98.4
1787235015002,1889136,98.4
1787235015063,1870592,98.1
1787235015123,1881296,98.1
1787235015186,1874304,99.5
1787235015241,1883952,99.5
1787235015301,1862320,99.4
1787235015359,1828672,99.4
1787235015412,1838176,99.4
1787235015475,1813184,100.0
1787235015537,1824256,100.0
1787235015600,1835216,100.0
1787235015662,1844848,100.0
1787235015725,1855616,98.8
1787235015782,1844832,98.8
1787235015848,1828608,100.0
1787235015910,1839680,100.0
1787235015973,1851200,98.9
1787235016037,1838208,98.9
1787235016104,1825712,100.0
1787235016167,1835680,100.0
1787235016226,1845792,98.1
1787235016289,1835536,98.1
1787235016356,1831200,99.1
1787235016417,1842000,99.1
1787235016478,1826688,100.0
1787235016539,1813520,100.0
1787235016601,1824944,99.1
1787235016662,1806576,99.1
1787235016725,1782672,98.0
1787235016782,1793296,98.0
1787235016844,1776544,100.0
1787235016904,1787248,100.0
1787235016963,1787440,98.9
1787235017030,1771312,98.9
1787235017093,1782624,99.4
1787235017156,1766208,99.4
1787235017218,1777024,98.6
1787235017273,1756480,98.6
1787235017336,1730592,100.0
1787235017395,1741024,100.0
1787235017453,1751168,100.0
1787235017517,1718352,100.0
1787235017577,1691072,98.8
1787235017639,1662928,98.8
1787235017699,1674080,99.1
1787235017758,1654848,99.1
1787235017817,1647952,100.0
1787235017871,1657280,100.0
1787235017934,1639456,99.6
1787235017997,1650768,99.6
1787235018053,1660928,100.0
1787235018115,1647808,100.0
1787235018178,1659216,100.0
1787235018244,1650432,100.0
1787235018299,1660416,98.9
1787235018362,1671776,98.9
1787235018428,1669632,99.8
1787235018490,1655536,99.8
1787235018549,1666320,99.4
1787235018609,1677296,99.4
1787235018674,1665104,99.7
1787235018732,1675856,99.7
1787235018796,1639664,99.7
1787235018857,1614384,100.0
1787235018920,1587408,100.0
1787235018986,1560080,100.0
1787235019049,1547536,98.2
1787235019105,1531888,98.2
1787235019161,1541632,98.2
1787235019216,1530240,98.6
1787235019276,1540576,98.6
1787235019335,1522752,100.0
1787235019390,1518944,100.0
1787235019455,1510384,99.1
1787235019518,1501808,99.1
1787235019582,1501680,100.0
1787235019643,1481152,100.0
1787235019704,1438768,99.1
1787235019763,1419584,99.1
1787235019823,1429904,99.9
1787235019886,1415568,99.9
1787235019948,1426496,100.0
1787235020003,1413584,100.0
1787235020070,1403248,99.9
1787235020133,1392576,99.9
1787235020197,1345760,99.7
1787235020259,1338384,99.7
1787235020323,1326560,100.0
1787235020384,1337008,100.0
1787235020447,1342096,100.0
1787235020503,1335952,100.0
1787235020564,1325424,97.6
1787235020629,1327040,97.6
1787235020692,1337936,98.2
1787235020757,1324416,98.2
1787235020815,1330832,100.0
1787235020872,1319792,100.0
1787235020927,1329152,99.1
1787235020989,1322928,99.1
1787235021054,1319712,99.8
1787235021116,1315488,99.8
1787235021177,1311520,99.7
1787235021241,1316656,99.7
1787235021306,1304720,98.7
1787235021363,1307488,98.7
1787235021426,1304544,99.4
1787235021484,1289072,99.4
1787235021548,1280816,99.4
1787235021609,1291856,100.0
1787235021663,1273280,100.0
1787235021727,1284672,99.3
1787235021789,1278528,99.3
1787235021845,1277808,100.0
1787235021900,1254512,100.0
1787235021964,1265952,100.0
1787235022022,1258464,100.0
1787235022081,1259120,99.3
1787235022145,1262400,99.3
1787235022205,1249120,100.0
1787235022264,1259184,100.0
1787235022323,1246192,98.7
1787235022387,1236944,98.7
1787235022450,1247984,99.2
1787235022514,1227648,99.2
1787235022577,1224816,100.0
1787235022638,1235776,100.0
1787235022701,1235568,98.2
1787235022768,1229136,98.2
1787235022831,1127840,98.9
1787235022894,1139728,98.9
1787235022957,1151392,99.9
1787235023020,1162752,99.9
1787235023083,1174160,100.0
1787235023138,1183808,100.0
1787235023197,1194432,99.3
1787235023256,1204432,99.3
1787235023322,1186080,100.0
1787235023379,1196512,100.0
1787235023444,1183792,99.7
1787235023507,1194960,99.7
1787235023572,1206384,100.0
1787235023640,1177280,100.0
1787235023697,1187472,99.1
1787235023759,1198688,99.1
1787235023822,1195760,100.0
1787235023879,1206160,100.0
1787235023933,1193648,100.0
1787235023993,1204784,100.0
1787235024057,1216368,98.5
1787235024120,1228048,98.5
1787235024181,1239136,99.7
1787235024236,1249344,99.7
1787235024297,1260512,99.7
1787235024360,1271568,99.1
1787235024423,1282944,99.1
1787235024477,1292304,100.0
1787235024533,1301680,100.0
1787235024589,1311248,99.1
1787235024653,1322496,99.1
1787235024716,1333968,100.0
1787235024779,1344480,100.0
1787235024841,1355792,99.0
1787235024903,1366848,99.0
1787235024966,1377616,100.0
1787235025025,1388112,100.0
1787235025085,1395104,100.0
1787235025145,1369600,100.0
1787235025207,1360816,99.1
1787235025269,1361488,99.1
1787235025326,1371872,100.0
1787235025389,1382544,100.0
1787235025445,1359120,99.0
1787235025509,1340400,99.0
1787235025572,1351616,99.1
1787235025629,1344512,99.1
1787235025686,1349216,100.0
1787235025751,1340880,100.0
1787235025812,1339200,100.0
1787235025876,1349184,100.0
1787235025935,1291952,99.9
1787235025998,1253984,99.9
1787235026056,1218816,98.8
1787235026119,1185248,98.8
1787235026179,1196016,98.8
1787235026243,1206528,100.0
1787235026309,1192096,99.7
1787235026370,1201456,99.7
1787235026431,1211984,98.7
1787235026492,1222000,98.7
1787235026553,1232672,98.7
1787235026614,1223792,100.0
1787235026677,1197232,100.0
1787235026741,1181968,100.0
1787235026799,1192672,100.0
1787235026862,1186912,99.3
1787235026921,1156368,99.3
1787235026988,1150336,100.0
1787235027051,1162080,100.0
1787235027112,1158144,100.0
1787235027170,1167840,100.0
1787235027239,1154848,99.9
1787235027299,1143712,99.9
1787235027362,1155040,98.8
1787235027421,1152944,98.8
1787235027484,1163712,99.5
1787235027548,1174768,99.5
1787235027609,1182464,98.2
1787235027667,1183536,98.2
1787235027730,1174800,99.9
1787235027792,1171488,99.9
1787235027855,1176864,98.7
1787235027919,1152496,98.7
1787235027974,1162640,98.8
1787235028037,1154096,98.8
1787235028096,1164752,99.6
1787235028160,1148480,99.6
1787235028223,1159584,99.9
1787235028287,1150592,99.9
1787235028348,1160800,100.0
1787235028410,1148800,100.0
1787235028473,1160288,99.3
1787235028536,1157408,99.3
1787235028599,1139824,100.0
1787235028657,1150096,100.0
1787235028721,1135824,97.9
1787235028780,1126688,97.9
1787235028839,1137456,100.0
1787235028901,1137136,100.0
1787235028965,1130416,98.7
1787235029028,1122992,98.7
1787235029092,1055376,99.1
1787235029153,1030560,99.1
1787235029217,1019920,99.4
1787235029280,1031600,99.4
1787235029343,1023120,100.0
1787235029397,1032960,100.0
1787235029460,1006224,99.3
1787235029516,1016304,99.3
1787235029573,1026240,99.6
1787235029637,1037120,99.6
1787235029700,1013984,99.4
1787235029763,1025248,99.4
1787235029821,1035712,99.0
1787235029882,1032096,99.0
1787235029941,1019632,98.8
1787235030004,1016208,98.8
1787235030068,1027040,99.5
1787235030123,1026064,99.5
1787235030183,1024144,99.5
1787235030246,1035568,99.9
1787235030310,1024960,97.2
1787235030369,1026320,97.2
1787235030426,1036352,97.2
1787235030486,1041744,99.6
1787235030549,1047536,99.6
1787235030612,1049424,99.6
1787235030675,1060544,99.6
1787235030740,1063600,100.0
1787235030801,1074192,100.0
1787235030865,1085088,98.5
1787235030922,1082800,98.5
1787235030985,1092992,100.0
1787235031049,1069824,100.0
1787235031110,1047936,99.9
1787235031174,1058880,99.9
1787235031237,1053312,98.1
1787235031300,1053936,98.1
1787235031361,1061024,98.2
1787235031419,1070912,98.2
1787235031475,1074784,99.5
1787235031539,1077472,99.5
1787235031600,1065984,100.0
1787235031661,1076288,100.0
1787235031724,1087568,100.0
1787235031788,1092960,100.0
1787235031843,1096368,97.8
1787235031911,1058672,97.8
1787235031968,1068832,99.5
1787235032032,1080096,99.5
1787235032095,1075408,99.9
1787235032159,1081472,99.9
1787235032220,1092224,100.0
1787235032283,1086480,100.0
1787235032338,1082320,98.5
1787235032395,1091840,98.5
1787235032459,1078112,99.5
1787235032522,1089040,99.5
1787235032582,1099408,98.5
1787235032641,1100736,98.5
1787235032704,1112112,99.9
1787235032768,1099792,99.9
1787235032834,1099152,99.1
1787235032889,1104640,99.1
1787235032953,1104272,98.6
1787235033019,1103344,98.6
1787235033085,1100656,100.0
1787235033142,1110928,100.0
1787235033202,1109552,98.6
1787235033265,1120960,98.6
1787235033324,1100560,98.8
1787235033381,1110896,98.8
1787235033438,1120736,98.8
1787235033504,1108960,100.0
1787235033565,1119856,100.0
1787235033628,1108672,100.0
1787235033687,1119200,100.0
1787235033755,1117056,99.0
1787235033811,1127344,99.0
1787235033875,1124480,100.0
1787235033938,1121872,100.0
1787235034003,1118128,100.0
1787235034066,1129648,100.0
1787235034129,1135216,100.0
1787235034192,1143792,100.0
1787235034250,1146544,100.0
1787235034304,1155632,100.0
1787235034365,1166736,98.6
1787235034424,1174208,98.6
1787235034479,1159904,99.7
1787235034542,1151536,99.7
1787235034606,1140976,99.1
1787235034667,1151344,99.1
1787235034727,1152112,100.0
1787235034790,1162752,100.0
1787235034852,1156304,99.6
1787235034914,1141296,99.6
1787235034977,1152448,100.0
1787235035040,1163632,100.0
1787235035103,1147792,99.6
1787235035166,1158672,99.6
1787235035230,1169776,99.1
1787235035289,1163488,99.1
1787235035352,1167408,98.9
1787235035414,1158576,98.9
1787235035471,1168256,100.0
1787235035538,1152352,100.0
1787235035599,1162880,100.0
1787235035653,1172224,100.0
1787235035716,1162000,98.9
1787235035776,1172800,98.9
1787235035839,1177072,100.0
1787235035903,1173712,100.0
1787235035966,1164912,98.6
1787235036028,1175152,98.6
1787235036086,1184384,100.0
1787235036150,1185760,100.0
1787235036205,1174448,99.9
1787235036269,1186000,99.9
1787235036336,1178816,100.0
1787235036400,1190256,100.0
1787235036456,1186048,99.7
1787235036520,1186848,99.7
1787235036583,1181120,100.0
1787235036646,1191872,100.0
1787235036712,1190624,99.2
1787235036776,1192512,99.2
1787235036835,1180448,100.0
1787235036894,1191152,100.0
1787235036953,1189472,99.1
1787235037023,1174528,99.1
1787235037086,1185680,99.9
1787235037145,1196048,99.9
1787235037208,1199104,98.3
1787235037275,1198848,98.3
1787235037331,1208944,100.0
1787235037396,1219632,100.0
1787235037459,1216352,100.0
1787235037522,1208032,100.0
1787235037586,1219472,98.5
1787235037646,1230288,98.5
1787235037704,1220432,100.0
1787235037767,1231840,100.0
1787235037822,1213904,100.0
1787235037886,1224960,100.0
1787235037949,1220704,100.0
1787235038004,1211408,100.0
1787235038066,1222480,100.0
1787235038129,1212000,100.0
1787235038192,1223712,100.0
1787235038260,1218704,98.5
1787235038315,1226656,98.5
1787235038369,1226128,97.9
1787235038430,1231920,97.9
1787235038494,1243312,100.0
1787235038554,1239168,100.0
1787235038617,1250480,100.0
1787235038685,1207824,100.0
1787235038745,1218880,100.0
1787235038813,1170752,100.0
1787235038876,1182144,98.5
1787235038930,1192144,98.5
1787235038993,1164080,100.0
1787235039050,1174496,100.0
1787235039113,1186144,98.9
1787235039178,1189984,98.9
1787235039241,1201632,100.0
1787235039307,1191504,100.0
1787235039371,1197392,98.5
1787235039428,1185616,98.5
1787235039484,1196160,100.0
1787235039547,1188944,100.0
1787235039610,1200368,100.0
1787235039672,1211104,100.0
1787235039727,1220896,99.8
1787235039792,1210112,99.8
1787235039855,1221024,98.7
1787235039921,1220944,98.7
1787235039978,1231424,100.0
1787235040036,1236016,100.0
1787235040098,1245760,100.0
1787235040153,1239776,100.0
1787235040216,1250880,99.2
1787235040277,1244496,99.2
1787235040340,1207936,98.6
1787235040403,1219296,98.6
1787235040464,1230256,99.5
1787235040528,1240928,99.5
1787235040591,1233008,100.0
1787235040656,1224656,100.0
1787235040719,1235664,100.0
1787235040779,1245776,100.0
1787235040834,1217376,99.0
1787235040894,1190384,99.0
1787235040960,1149200,99.0
1787235041023,1153424,99.0
1787235041084,1150464,99.9
1787235041147,1160160,99.9
1787235041204,1169616,99.9
1787235041261,1166896,99.6
1787235041322,1138496,99.6
1787235041387,1150032,99.4
1787235041447,1146368,99.4
1787235041507,1143856,100.0
1787235041570,1123472,100.0
1787235041629,1124976,99.0
1787235041693,1123216,99.0
1787235041754,1134176,99.1
1787235041815,1134336,99.1
1787235041880,1080720,100.0
1787235041940,1091232,100.0
1787235042003,1087424,99.3
1787235042064,1085184,99.3
1787235042125,1079056,99.3
1787235042182,1089344,99.3
1787235042238,1075792,99.8
1787235042301,1086896,99.8
1787235042364,1097968,100.0
1787235042424,1108608,100.0
1787235042488,1119312,100.0
1787235042551,1130768,100.0
1787235042613,1141728,98.8
1787235042676,1144416,98.8
1787235042737,1136496,98.2
1787235042797,1122096,98.2
1787235042854,1116464,99.8
1787235042922,1095600,99.8
1787235042979,1105760,100.0
1787235043042,1108688,100.0
1787235043105,1119872,100.0
1787235043168,1099184,100.0
1787235043232,1110384,99.9
1787235043293,1117872,99.9
1787235043349,1108304,98.4
1787235043408,1119072,98.4
1787235043462,1123744,99.1
1787235043522,1123488,99.1
1787235043585,1134896,99.1
1787235043641,1136560,99.9
1787235043707,1145728,99.9
1787235043770,1157328,100.0
1787235043832,1155392,100.0
1787235043895,1152032,99.3
1787235043959,1156144,99.3
1787235044015,1166336,99.3
1787235044075,1150864,99.3
1787235044138,1162144,98.1
1787235044197,1172944,98.1
1787235044260,1147744,100.0
1787235044321,1158992,100.0
1787235044377,1165344,99.6
1787235044434,1153936,99.6
1787235044498,1165216,98.2
1787235044560,1176448,98.2
1787235044615,1161920,99.1
1787235044678,1173488,99.1
1787235044741,1160512,100.0
1787235044801,1171056,100.0
1787235044864,1163360,99.4
1787235044927,1174368,99.4
1787235044990,1179248,100.0
1787235045053,1166432,100.0
1787235045112,1177104,99.1
1787235045175,1169248,99.1
1787235045238,1180592,99.1
1787235045300,1179216,99.1
1787235045363,1190016,100.0
1787235045419,1199840,100.0
1787235045482,1195456,100.0
1787235045547,1207328,100.0
1787235045610,1218304,99.1
1787235045665,1209776,99.1
1787235045721,1219664,100.0
1787235045785,1206128,100.0
1787235045848,1216992,100.0
1787235045904,1203936,100.0
1787235045967,1214992,99.2
1787235046030,1209616,99.2
1787235046085,1219504,99.2
1787235046147,1226912,99.0
1787235046200,1235024,99.0
1787235046263,1239584,100.0
1787235046323,1250208,100.0
1787235046386,1255088,99.0
1787235046445,1259216,99.0
1787235046506,1250096,99.1
1787235046561,1228928,99.1
1787235046624,1240480,100.0
1787235046688,1251968,100.0
1787235046751,1243504,95.7
1787235046810,1243584,95.7
1787235046873,1243616,99.4
1787235046938,1237808,99.4
1787235046999,1237808,98.1
1787235047062,1255232,98.1
1787235047123,1343168,97.9
1787235047183,1402272,97.9
1787235047248,1465648,95.5
1787235047308,1512768,95.5
1787235047371,1561184,96.5
1787235047426,1610976,96.5
1787235047489,1669312,97.4
1787235047552,1718416,97.4
1787235047611,1768688,96.5
1787235047667,1821456,96.5
1787235047728,1845760,96.6
1787235047786,1902592,96.6
1787235047847,1973760,98.9
1787235047904,2018336,98.9
1787235047967,2086592,98.1
1787235048023,2154368,98.1
1787235048078,2211808,98.1
1787235048134,2268176,98.5
1787235048197,2355456,98.5
1787235048253,2455728,96.7
1787235048313,2560448,96.7
1787235048372,2670048,92.5
1787235048430,2772352,92.5
1787235048499,2866560,90.9
1787235048563,2972352,90.9
1787235048626,3053200,86.4
1787235048691,3135904,86.4
1787235048756,3223056,84.3
1787235048813,3307968,84.3
1787235048877,3393920,80.7
1787235048936,3451184,80.7
1787235048990,3480528,81.6
1787235049057,3511456,81.6
1787235049120,3621488,84.9
1787235049187,3728336,84.9
1787235049248,3813216,80.7
1787235049314,3926928,80.7
1787235049370,4004528,82.1
1787235049425,4070288,82.1
1787235049489,4165552,83.8
1787235049543,4256656,83.8
1787235049608,4359888,82.0
1787235049666,4442896,82.0
1787235049720,4503696,80.3
1787235049778,4570928,80.3
1787235049834,4583840,80.3
1787235049889,4595280,86.8
1787235049944,4623408,86.8
1787235050000,4669664,91.5
1787235050058,4712896,91.5
1787235050117,4714704,93.3
1787235050180,4764864,93.3
1787235050237,4801072,96.5
1787235050293,4840176,96.5
1787235050356,4879952,97.9
1787235050413,4918192,97.9
1787235050477,4952960,96.9
1787235050534,5000688,96.9
1787235050597,5045264,96.7
1787235050657,5100928,96.7
1787235050720,5144592,96.7
1787235050776,5183968,98.8
1787235050839,5226304,98.8
1787235050903,5265680,97.8
1787235050964,5302592,97.8
1787235051026,5358000,97.3
1787235051089,5405664,97.3
1787235051147,5447536,97.3
1787235051207,5496960,97.3
1787235051265,5531984,99.5
1787235051329,5543408,99.5
1787235051389,5543408,99.4
1787235051452,5533104,99.4
1787235051514,5580528,96.6
1787235051577,5610320,96.6
1787235051633,5599360,95.1
1787235051697,5585216,95.1
1787235051754,5584976,79.4
1787235051814,5571632,79.4
1787235051872,5591920,69.6
1787235051937,5581536,69.6
1787235052000,5628832,68.0
1787235052064,5625728,68.0
1787235052123,5646656,69.2
1787235052186,5684912,69.2
1787235052242,5693760,67.3
1787235052305,5711936,67.3
1787235052369,5736368,63.7
1787235052433,5755456,63.7
1787235052496,5768608,63.3
1787235052559,5808176,63.3
1787235052616,5818096,62.4
1787235052672,5853856,62.4
1787235052728,5881296,67.3
1787235052792,5917920,67.3
1787235052847,5939664,67.3
1787235052905,5933936,70.2
1787235052967,5956032,70.2
1787235053031,5991696,73.5
1787235053085,5987664,73.5
1787235053139,6027504,71.4
1787235053202,6038736,71.4
1787235053259,6069392,69.6
1787235053323,6104656,69.6
1787235053379,6108896,71.4
1787235053434,6104320,71.4
1787235053488,6124880,71.7
1787235053552,6148544,71.7
1787235053615,6163504,67.3
1787235053678,6178064,67.3
1787235053739,6190416,65.1
1787235053795,6206976,65.1
1787235053858,6245120,67.2
1787235053915,6242272,67.2
1787235053979,6285280,66.0
1787235054040,6316304,66.0
1787235054104,6338832,69.7
1787235054168,6375392,69.7
1787235054232,6403408,73.1
1787235054288,6447728,73.1
1787235054352,6461504,74.0
1787235054414,6497664,74.0
1787235054470,6513488,74.0
1787235054525,6551008,72.4
1787235054583,6560208,72.4
1787235054646,6584784,67.9
1787235054710,6629424,67.9
1787235054765,6642384,70.9
1787235054821,6678608,70.9
1787235054885,6727760,71.9
1787235054948,6765184,71.9
1787235055011,6795984,72.8
1787235055075,6824864,72.8
1787235055134,6833712,67.9
1787235055197,6864464,67.9
1787235055259,6879904,65.2
1787235055322,6916784,65.2
1787235055381,6939808,66.6
1787235055436,6911744,66.6
1787235055500,6939856,69.0
1787235055559,6974032,69.0
1787235055621,7015232,70.0
1787235055678,7032224,70.0
1787235055742,7037056,68.7
1787235055804,7054624,68.7
1787235055860,7087328,64.0
1787235055924,7097648,64.0
1787235055982,7096400,58.5
1787235056045,7134064,58.5
1787235056107,7164912,64.5
1787235056164,7192960,64.5
1787235056219,7223184,64.5
1787235056276,7239216,68.0
1787235056335,7257952,68.0
1787235056397,7281600,70.5
1787235056453,7286688,70.5
1787235056513,7320400,68.4
1787235056569,7328448,68.4
1787235056633,7359568,64.5
1787235056697,7381424,64.5
1787235056755,7409344,62.8
1787235056809,7444816,62.8
1787235056870,7475808,68.3
1787235056926,7496528,68.3
1787235056988,7528224,71.2
1787235057052,7555696,71.2
1787235057115,7573856,69.2
1787235057173,7601856,69.2
1787235057229,7617856,66.4
1787235057292,7636880,66.4
1787235057355,7656240,64.6
1787235057414,7664112,64.6
1787235057469,7697904,64.6
1787235057531,7740464,62.4
1787235057588,7781072,62.4
1787235057646,7795600,68.1
1787235057709,7841088,68.1
1787235057763,7842608,70.8
1787235057819,7849088,70.8
1787235057885,7852832,69.1
1787235057948,7905920,69.1
1787235058012,7938880,65.5
1787235058075,7949712,65.5
1787235058137,7976400,61.3
1787235058201,7971760,61.3
1787235058270,7972208,72.4
1787235058333,7972240,72.4
1787235058397,7972272,81.3
1787235058460,7972272,81.3
1787235058518,8004656,86.8
1787235058574,8064816,86.8
1787235058638,8120320,84.3
1787235058701,8175888,84.3
1787235058762,8214832,82.9
1787235058822,8252880,82.9
1787235058880,8267392,79.0
1787235058943,8285968,79.0
1787235059007,8310320,78.7
1787235059071,8340016,78.7
1787235059135,8371872,78.0
1787235059198,8416416,78.0
1787235059260,8452304,76.7
1787235059319,8496048,76.7
1787235059374,8506880,77.4
1787235059438,8546608,77.4
1787235059501,8581216,74.2
1787235059565,8613680,74.2
1787235059623,8635808,72.0
1787235059680,8669808,72.0
1787235059736,8694528,73.3
1787235059796,8741808,73.3
1787235059859,8758288,73.6
1787235059922,8776528,73.6
1787235059984,8801072,72.9
1787235060043,8690112,72.9
1787235060105,8687728,72.9
1787235060159,8722960,72.6
1787235060213,8749664,72.6
1787235060269,8777376,71.6
1787235060330,8788336,71.6
1787235060385,8819936,70.2
1787235060449,8863296,70.2
1787235060507,8905744,72.3
1787235060570,8957392,72.3
1787235060634,8996432,75.1
1787235060688,9023104,75.1
1787235060752,9054272,74.5
1787235060806,9074256,74.5
1787235060867,9117904,72.0
1787235060928,9128640,72.0
1787235060992,9151616,68.2
1787235061055,9178160,68.2
1787235061111,9199376,70.2
1787235061173,9232704,70.2
1787235061236,9268128,72.7
1787235061293,9301392,72.7
1787235061350,9324896,72.7
1787235061413,9363424,73.2
1787235061475,9403920,73.2
1787235061538,9423280,73.9
1787235061600,9454480,73.9
1787235061658,9491152,71.5
1787235061721,9535232,71.5
1787235061777,9568576,73.9
1787235061841,9603024,73.9
1787235061902,9605936,74.3
1787235061965,9624096,74.3
1787235062023,9623344,73.6
1787235062082,9653120,73.6
1787235062141,9664032,72.7
1787235062205,9655632,72.7
1787235062259,9674128,70.9
1787235062316,9681088,70.9
1787235062375,9712928,73.5
1787235062429,9742816,73.5
1787235062493,9774848,76.1
1787235062552,9808032,76.1
1787235062612,9836864,75.1
1787235062667,9886896,75.1
1787235062721,9914688,75.1
1787235062779,9922208,75.6
1787235062842,9984112,75.6
1787235062902,10010544,73.1
1787235062965,10033136,73.1
1787235063029,10069344,74.8
1787235063089,10080496,74.8
1787235063152,10107264,75.2
1787235063214,10142704,75.2
1787235063268,10181312,73.6
1787235063328,10252592,73.6
1787235063384,10288304,71.3
1787235063447,10309344,71.3
1787235063506,10333056,70.0
1787235063568,10374048,70.0
1787235063628,10407136,71.8
1787235063690,10453120,71.8
1787235063748,10491120,76.6
1787235063803,10516144,76.6
1787235063866,10558944,76.2
1787235063919,10575568,76.2
1787235063973,10592976,76.2
1787235064036,10621184,74.1
1787235064095,10647104,74.1
1787235064157,10679152,70.6
1787235064211,10673792,70.6
1787235064270,10724768,70.2
1787235064333,10770496,70.2
1787235064394,10800704,74.5
1787235064453,10838624,74.5
1787235064511,10861024,71.4
1787235064574,10888368,71.4
1787235064634,10906832,72.8
1787235064691,10935360,72.8
1787235064746,10959088,71.3
1787235064806,10995824,71.3
1787235064871,11030496,73.0
1787235064934,11062640,73.0
1787235064995,11102048,73.8
1787235065056,11118992,73.8
1787235065109,11144944,73.8
1787235065171,11157600,74.5
1787235065228,11178272,74.5
1787235065286,11215920,75.2
1787235065341,11238112,75.2
1787235065396,11222016,72.3
1787235065452,11249696,72.3
1787235065510,11278608,76.6
1787235065564,11310464,76.6
1787235065626,11333136,77.3
1787235065684,11361472,77.3
1787235065742,11381600,76.5
1787235065805,11403392,76.5
1787235065865,11420864,74.6
1787235065925,11438720,74.6
1787235065984,11472320,74.6
1787235066047,11510368,72.8
1787235066108,11539616,72.8
1787235066172,11556112,73.8
1787235066230,11579840,73.8
1787235066289,11613696,75.2
1787235066352,11653664,75.2
1787235066414,11684416,73.0
1787235066477,11707808,73.0
1787235066535,11732928,72.1
1787235066599,11780736,72.1
1787235066656,11818672,74.3
1787235066718,11843040,74.3
1787235066781,11880704,76.0
1787235066847,11918832,76.0
1787235066911,11996848,75.1
1787235066975,12006000,75.1
1787235067038,12010560,71.2
1787235067097,12025824,71.2
1787235067155,12025824,61.0
1787235067219,12001104,61.0
1787235067277,12001104,38.1
1787235067337,12001104,38.1
