unix_ms,rss_kb,cpu_pct
1787235069529,96672,14.7
1787235069592,105760,14.7
1787235069652,634560,17.5
1787235069711,634560,17.5
1787235069774,634608,49.6
1787235069837,1163104,49.6
1787235069899,1163104,69.2
1787235069962,1206608,69.2
1787235070018,1346976,79.3
1787235070081,1506016,79.3
1787235070144,1663008,88.5
1787235070207,1820448,88.5
1787235070270,1977600,91.1
1787235070333,2133616,91.1
1787235070393,2223136,96.0
1787235070449,2232544,96.0
1787235070512,2242976,95.8
1787235070572,2253376,95.8
1787235070633,2264320,98.9
1787235070690,2274448,98.9
1787235070746,2284688,97.6
1787235070804,2294768,97.6
1787235070862,2304720,97.6
1787235070925,2315536,100.0
1787235070988,2326816,100.0
1787235071051,2338288,98.5
1787235071112,2348944,98.5
1787235071167,2358016,100.0
1787235071221,2368048,100.0
1787235071284,2379344,98.8
1787235071348,2390640,98.8
1787235071405,2400896,100.0
1787235071462,2411040,100.0
1787235071523,2421440,99.7
1787235071582,2431616,99.7
1787235071643,2441872,100.0
1787235071706,2453120,100.0
1787235071769,2464128,99.9
1787235071825,2473712,99.9
1787235071879,2483344,98.4
1787235071932,2492992,98.4
1787235071992,2504000,98.4
1787235072050,2514384,100.0
1787235072107,2524704,100.0
1787235072167,2535520,100.0
1787235072230,2546784,100.0
1787235072293,2557968,100.0
1787235072356,2568864,100.0
1787235072413,2579248,97.9
1787235072473,2590240,97.9
1787235072528,2600032,100.0
1787235072582,2609728,100.0
1787235072645,2621168,100.0
1787235072705,2632304,100.0
1787235072766,2643488,99.4
1787235072821,2653728,99.4
1787235072883,2665184,100.0
1787235072946,2676864,100.0
1787235073006,2687936,99.2
1787235073065,2698832,99.2
1787235073124,2709552,98.8
1787235073183,2720352,98.8
1787235073246,2732192,98.8
1787235073301,2742528,100.0
1787235073359,2752576,100.0
1787235073419,2752576,99.1
1787235073482,2752576,99.1
1787235073545,2752528,100.0
1787235073601,2760752,100.0
1787235073664,2772000,99.1
1787235073727,2782960,99.1
1787235073787,2793776,100.0
1787235073851,2804912,100.0
1787235073914,2816672,99.0
1787235073977,2827680,99.0
1787235074031,2836976,100.0
1787235074088,2847392,100.0
1787235074143,2856976,100.0
1787235074206,2868096,100.0
1787235074269,2879584,99.7
1787235074327,2890160,99.7
1787235074387,2901360,100.0
1787235074451,2911936,100.0
1787235074514,2923424,99.1
1787235074569,2933312,99.1
1787235074632,2944400,100.0
1787235074693,2955184,100.0
1787235074754,2966096,99.2
1787235074813,2976768,99.2
1787235074876,2987744,98.9
1787235074939,2998400,98.9
1787235075001,3008768,99.3
1787235075055,3017104,99.3
1787235075110,3026320,99.3
1787235075173,3037600,100.0
1787235075236,3048912,100.0
1787235075298,3059824,100.0
1787235075362,3071168,100.0
1787235075425,3081392,99.0
1787235075488,3092816,99.0
1787235075551,3102688,100.0
1787235075607,3112288,100.0
1787235075667,3121776,99.0
1787235075728,3132240,99.0
1787235075791,3143376,100.0
1787235075854,3154688,100.0
1787235075911,3165232,99.0
1787235075972,3176368,99.0
1787235076035,3187824,100.0
1787235076091,3197856,100.0
1787235076151,3208736,100.0
1787235076213,3219904,100.0
1787235076268,3229888,100.0
1787235076328,3239888,100.0
1787235076383,3249664,99.1
1787235076445,3260544,99.1
1787235076506,3271392,98.8
1787235076567,3282160,98.8
1787235076629,3293232,98.8
1787235076691,3304432,100.0
1787235076755,3315376,100.0
1787235076818,3326368,100.0
1787235076879,3337440,100.0
1787235076942,3348352,99.2
1787235077005,3359648,99.2
1787235077065,3370320,100.0
1787235077125,3381088,100.0
1787235077179,3390528,99.1
1787235077239,3401088,99.1
1787235077302,3412448,99.9
1787235077365,3423760,99.9
1787235077428,3435072,100.0
1787235077487,3445408,100.0
1787235077545,3456000,99.4
1787235077607,3467360,99.4
1787235077666,3478240,100.0
1787235077725,3488464,100.0
1787235077787,3499824,99.1
1787235077850,3511168,99.1
1787235077912,3522128,100.0
1787235077975,3533680,100.0
1787235078034,3544608,99.3
1787235078095,3552256,99.3
1787235078157,3552256,100.0
1787235078218,3552256,100.0
1787235078274,3552256,99.1
1787235078336,3552256,99.1
1787235078393,3552256,100.0
1787235078456,3552256,100.0
1787235078510,3552256,97.8
1787235078567,3552256,97.8
1787235078624,3552256,97.8
1787235078687,3552256,100.0
1787235078743,3556464,100.0
1787235078799,3566624,99.3
1787235078862,3577984,99.3
1787235078925,3589440,100.0
1787235078988,3601200,100.0
1787235079051,3612784,100.0
1787235079109,3623568,100.0
1787235079172,3635168,99.1
1787235079232,3645920,99.1
1787235079295,3656992,100.0
1787235079349,3666176,100.0
1787235079409,3676592,100.0
1787235079473,3687744,100.0
1787235079535,3699360,99.4
1787235079593,3709312,99.4
1787235079651,3719680,100.0
1787235079714,3730832,100.0
1787235079768,3740160,99.7
1787235079831,3751504,99.7
1787235079894,3762880,98.3
1787235079957,3774048,98.3
1787235080012,3784144,99.3
1787235080071,3794048,99.3
1787235080134,3805360,99.3
1787235080192,3815264,99.1
1787235080246,3824912,99.1
1787235080309,3836240,100.0
1787235080363,3845968,100.0
1787235080426,3857264,99.3
1787235080489,3868400,99.3
1787235080551,3878976,100.0
1787235080611,3888592,100.0
1787235080672,3898368,99.7
1787235080728,3907872,99.7
1787235080788,3918608,100.0
1787235080849,3929392,100.0
1787235080907,3939680,99.2
1787235080967,3950656,99.2
1787235081030,3961152,100.0
1787235081092,3972464,100.0
1787235081153,3981712,99.1
1787235081216,3992496,99.1
1787235081279,4002864,100.0
1787235081339,4013152,100.0
1787235081402,4024464,98.5
1787235081456,4034464,98.5
1787235081516,4045424,100.0
1787235081580,4056928,100.0
1787235081643,4068192,100.0
1787235081703,4079008,100.0
1787235081766,4090192,99.7
1787235081820,4099696,99.7
1787235081881,4110688,99.7
1787235081941,4120624,100.0
1787235082004,4131664,100.0
1787235082067,4142768,98.5
1787235082128,4153760,98.5
1787235082191,4165056,100.0
1787235082247,4175216,100.0
1787235082308,4186128,99.4
1787235082368,4196464,99.4
1787235082431,4207920,100.0
1787235082490,4218560,100.0
1787235082543,4228272,99.3
1787235082604,4239376,99.3
1787235082660,4249520,100.0
1787235082723,4260752,100.0
1787235082785,4271712,99.1
1787235082847,4282352,99.1
1787235082902,4292128,100.0
1787235082957,4301488,100.0
1787235083020,4312592,99.1
1787235083076,4322176,99.1
1787235083137,4332736,99.1
1787235083201,4343904,100.0
1787235083258,4354096,100.0
1787235083318,4364448,99.0
1787235083373,4374144,99.0
1787235083427,4383776,100.0
1787235083482,4393792,100.0
1787235083545,4405072,99.0
1787235083603,4415520,99.0
1787235083662,4426320,100.0
1787235083726,4437680,100.0
1787235083780,4447488,100.0
1787235083843,4458784,100.0
1787235083906,4469872,99.4
1787235083963,4480192,99.4
1787235084026,4491488,100.0
1787235084081,4501504,100.0
1787235084140,4512192,97.7
1787235084194,4521680,97.7
1787235084251,4531664,97.7
1787235084308,4540672,100.0
1787235084371,4551408,100.0
1787235084434,4562256,100.0
1787235084497,4573584,100.0
1787235084556,4583952,99.1
1787235084618,4594624,99.1
1787235084681,4605936,100.0
1787235084744,4616560,100.0
1787235084799,4626128,99.0
1787235084855,4635888,99.0
1787235084915,4646544,100.0
1787235084978,4657744,100.0
1787235085041,4668256,99.0
1787235085095,4678032,99.0
1787235085157,4689024,100.0
1787235085220,4699808,100.0
1787235085283,4710848,100.0
1787235085337,4720480,100.0
1787235085399,4731440,98.8
1787235085462,4742064,98.8
1787235085523,4751728,99.7
1787235085582,4751728,99.7
1787235085645,4751728,98.9
1787235085702,4751728,98.9
1787235085759,4751728,98.9
1787235085814,4751728,100.0
1787235085878,4751728,100.0
1787235085936,4751728,98.2
1787235086000,4751728,98.2
1787235086064,4751728,100.0
1787235086123,4751728,100.0
1787235086184,4751728,99.6
1787235086248,4751728,99.6
1787235086303,4751728,98.3
1787235086367,4751728,98.3
1787235086425,4751728,100.0
1787235086489,4751728,100.0
1787235086552,4751728,100.0
1787235086611,4751728,100.0
1787235086671,4751728,99.6
1787235086731,4751728,99.6
1787235086785,4751728,100.0
1787235086847,4751728,100.0
1787235086909,4755632,99.3
1787235086963,4765152,99.3
1787235087023,4774448,99.8
1787235087080,4783968,99.8
1787235087139,4794304,99.8
1787235087193,4803952,99.9
1787235087256,4815440,99.9
1787235087320,4827184,100.0
1787235087375,4836176,100.0
1787235087439,4847968,98.5
1787235087501,4857792,98.5
1787235087565,4868144,100.0
1787235087620,4877632,100.0
1787235087683,4887696,98.8
1787235087746,4899168,98.8
1787235087802,4909248,100.0
1787235087865,4920928,100.0
1787235087921,4931248,98.9
1787235087984,4942528,98.9
1787235088047,4953792,100.0
1787235088103,4964048,100.0
1787235088163,4974944,100.0
1787235088221,4985376,100.0
1787235088276,4994768,99.7
1787235088340,5005984,99.7
1787235088402,5017104,100.0
1787235088464,5028208,100.0
1787235088520,5038384,100.0
1787235088580,5049360,100.0
1787235088636,5059376,100.0
1787235088692,5069408,100.0
1787235088755,5080128,100.0
1787235088811,5090000,100.0
1787235088874,5100832,100.0
1787235088937,5112128,98.4
1787235088991,5122000,98.4
1787235089045,5131968,100.0
1787235089108,5143504,100.0
1787235089163,5153520,98.8
1787235089227,5164912,98.8
1787235089286,5175584,99.6
1787235089344,5185840,99.6
1787235089401,5195744,99.4
1787235089455,5205088,99.4
1787235089518,5216560,99.4
1787235089581,5227920,100.0
1787235089643,5238848,100.0
1787235089706,5250048,99.9
1787235089764,5260656,99.9
1787235089827,5272192,100.0
1787235089890,5283600,100.0
1787235089943,5293120,99.3
1787235090003,5303664,99.3
1787235090066,5314928,100.0
1787235090126,5325904,100.0
1787235090189,5337232,99.1
1787235090252,5348640,99.1
1787235090309,5359360,100.0
1787235090372,5371008,100.0
1787235090432,5381952,99.1
1787235090492,5392944,99.1
1787235090546,5402512,100.0
1787235090601,5412576,100.0
1787235090664,5423072,99.0
1787235090727,5433712,99.0
1787235090784,5443680,100.0
1787235090842,5454464,100.0
1787235090902,5464928,98.3
1787235090958,5474672,98.3
1787235091021,5486144,98.3
1787235091082,5496672,100.0
1787235091142,5507072,100.0
1787235091199,5517424,99.3
1787235091263,5529056,99.3
1787235091320,5539808,100.0
1787235091383,5550544,100.0
1787235091446,5562256,99.1
1787235091504,5572272,99.1
1787235091567,5583232,100.0
1787235091625,5593408,100.0
1787235091688,5604624,99.1
1787235091751,5615808,99.1
1787235091814,5626688,100.0
1787235091877,5637824,100.0
1787235091941,5647680,99.0
1787235092004,5658112,99.0
1787235092066,5668752,100.0
1787235092126,5679600,100.0
1787235092180,5689424,99.0
1787235092243,5700704,99.0
1787235092296,5710400,100.0
1787235092359,5720960,100.0
1787235092413,5730832,99.0
1787235092473,5739920,99.0
1787235092528,5749280,99.0
1787235092585,5758400,100.0
1787235092643,5768544,100.0
1787235092706,5779792,99.0
1787235092769,5791328,99.0
1787235092832,5802544,100.0
1787235092895,5813984,100.0
1787235092958,5825424,100.0
1787235093015,5835520,100.0
1787235093078,5847088,99.1
1787235093141,5858368,99.1
1787235093204,5869456,100.0
1787235093267,5879792,100.0
1787235093324,5889952,99.1
1787235093384,5900656,99.1
1787235093448,5911872,100.0
1787235093511,5923056,100.0
1787235093573,5934016,99.0
1787235093635,5945328,99.0
1787235093694,5955584,100.0
1787235093751,5965824,100.0
1787235093813,5977008,99.0
1787235093877,5988304,99.0
1787235093939,5999712,100.0
1787235094002,6011072,100.0
1787235094065,6022272,99.0
1787235094118,6031536,99.0
1787235094181,6042656,100.0
1787235094244,6053712,100.0
1787235094307,6064864,99.0
1787235094370,6075536,99.0
1787235094426,6085392,100.0
1787235094484,6096240,100.0
1787235094541,6106704,99.0
1787235094596,6116896,99.0
1787235094653,6127088,99.0
1787235094706,6136864,100.0
1787235094763,6147392,100.0
1787235094823,6157872,99.0
1787235094876,6167280,99.0
1787235094939,6178320,100.0
1787235094992,6187680,100.0
1787235095046,6197312,99.0
1787235095101,6207616,99.0
1787235095157,6217888,99.0
1787235095220,6229328,100.0
1787235095283,6241008,99.2
1787235095341,6251648,99.2
1787235095404,6262944,99.2
1787235095467,6274272,100.0
1787235095530,6285760,100.0
1787235095587,6295792,100.0
1787235095650,6306496,100.0
1787235095713,6317264,99.7
1787235095776,6328640,99.7
1787235095839,6340192,100.0
1787235095895,6349936,100.0
1787235095955,6360896,99.3
1787235096013,6371152,99.3
1787235096076,6381984,100.0
1787235096135,6392480,100.0
1787235096198,6403664,98.8
1787235096261,6415056,98.8
1787235096324,6426304,100.0
1787235096384,6436992,100.0
1787235096442,6447568,99.0
1787235096501,6457888,99.0
1787235096556,6467856,100.0
1787235096619,6479232,100.0
1787235096682,6490608,99.0
1787235096740,6500576,99.0
1787235096803,6511872,100.0
1787235096866,6522832,100.0
1787235096929,6532384,99.0
1787235096992,6542864,99.0
1787235097054,6551152,100.0
1787235097117,6551152,100.0
1787235097180,6551152,99.0
1787235097243,6551152,99.0
1787235097303,6551152,100.0
1787235097363,6551152,100.0
1787235097421,6551152,100.0
1787235097484,6551152,100.0
1787235097546,6551152,99.8
1787235097606,6551152,99.8
1787235097668,6551152,99.3
1787235097728,6551152,99.3
1787235097784,6551152,99.3
1787235097847,6551152,100.0
1787235097904,6551152,100.0
1787235097967,6551152,99.0
1787235098030,6551152,99.0
1787235098093,6551152,100.0
1787235098153,6551152,100.0
1787235098213,6551152,99.3
1787235098276,6551152,99.3
1787235098339,6551152,100.0
1787235098402,6551152,100.0
1787235098456,6551152,99.1
1787235098519,6551152,99.1
1787235098577,6551152,100.0
1787235098639,6551152,100.0
1787235098702,6551152,99.1
1787235098756,6551152,99.1
1787235098818,6551152,100.0
1787235098882,6551152,100.0
1787235098941,6551152,99.0
1787235098999,6551152,99.0
1787235099062,6551152,100.0
1787235099125,6551152,100.0
1787235099183,6551152,99.0
1787235099246,6551152,99.0
1787235099310,6551152,100.0
1787235099373,6551152,100.0
1787235099436,6553728,99.0
1787235099495,6564224,99.0
1787235099555,6574672,100.0
1787235099618,6585584,100.0
1787235099681,6595696,99.0
1787235099737,6605984,99.0
1787235099796,6615408,100.0
1787235099859,6625312,100.0
1787235099917,6635360,99.0
1787235099978,6644912,99.0
1787235100041,6656256,99.6
1787235100103,6667280,99.6
1787235100160,6677664,99.6
1787235100214,6687072,99.5
1787235100269,6696864,99.5
1787235100332,6708000,99.9
1787235100391,6718496,99.9
1787235100445,6728336,100.0
1787235100508,6739568,100.0
1787235100566,6749984,99.3
1787235100623,6759536,99.3
1787235100683,6770304,100.0
1787235100741,6780512,100.0
1787235100801,6791264,99.1
1787235100862,6802048,99.1
1787235100924,6813120,100.0
1787235100985,6824000,100.0
1787235101044,6834368,99.1
1787235101106,6845568,99.1
1787235101164,6856032,99.1
1787235101227,6867296,100.0
1787235101291,6878752,100.0
1787235101354,6890192,100.0
1787235101413,6900960,100.0
1787235101466,6910528,99.7
1787235101524,6921024,99.7
1787235101587,6932272,100.0
1787235101648,6943152,100.0
1787235101707,6953408,99.3
1787235101762,6962960,99.3
1787235101822,6973936,100.0
1787235101885,6985472,100.0
1787235101948,6997088,99.1
1787235102011,7008608,99.1
1787235102072,7019712,100.0
1787235102134,7030960,100.0
1787235102187,7040176,99.1
1787235102250,7051280,99.1
1787235102305,7061392,100.0
1787235102368,7073120,100.0
1787235102432,7084880,99.6
1787235102489,7095504,99.6
1787235102549,7106560,100.0
1787235102610,7118032,100.0
1787235102673,7129744,99.8
1787235102736,7141200,99.8
1787235102799,7152672,100.0
1787235102862,7164176,100.0
1787235102925,7175120,100.0
1787235102986,7185648,100.0
1787235103050,7196832,100.0
1787235103110,7207856,100.0
1787235103173,7219344,99.6
1787235103228,7228816,99.6
1787235103291,7240432,99.6
1787235103349,7250672,99.2
1787235103412,7261904,99.2
1787235103476,7273488,100.0
1787235103539,7285088,100.0
1787235103602,7296688,99.1
1787235103664,7307376,99.1
1787235103727,7318928,100.0
1787235103786,7329376,100.0
1787235103849,7340480,99.0
1787235103912,7351696,99.0
1787235103975,7363120,100.0
1787235104035,7373824,100.0
1787235104098,7385008,100.0
1787235104160,7396032,100.0
1787235104217,7405392,99.7
1787235104279,7415264,99.7
1787235104341,7425712,100.0
1787235104404,7437088,100.0
1787235104467,7448240,99.3
1787235104527,7458736,99.3
1787235104590,7469168,100.0
1787235104653,7480304,100.0
1787235104706,7490016,99.1
1787235104769,7499744,99.1
1787235104832,7510688,100.0
1787235104893,7520512,100.0
1787235104956,7531200,99.1
1787235105016,7541728,99.1
1787235105079,7552752,100.0
1787235105142,7563824,100.0
1787235105197,7573536,99.0
1787235105254,7583504,99.0
1787235105316,7594784,100.0
1787235105379,7605712,100.0
1787235105442,7616784,99.0
1787235105505,7628144,99.0
1787235105566,7638400,100.0
1787235105625,7649152,100.0
1787235105688,7660416,99.8
1787235105745,7670656,99.8
1787235105809,7681952,98.4
1787235105872,7693056,98.4
1787235105935,7704368,100.0
1787235105994,7714480,100.0
1787235106056,7725696,99.4
1787235106118,7736656,99.4
1787235106171,7746272,99.4
1787235106226,7756064,100.0
1787235106289,7767536,100.0
1787235106349,7778464,99.2
1787235106404,7788528,99.2
1787235106460,7798384,100.0
1787235106523,7809680,100.0
1787235106585,7820768,99.1
1787235106649,7831920,99.1
1787235106706,7841936,99.4
1787235106769,7853536,99.4
1787235106824,7863328,98.7
1787235106883,7874112,98.7
1787235106945,7884672,100.0
1787235107008,7896064,100.0
1787235107067,7906752,100.0
1787235107127,7917664,100.0
1787235107190,7928896,99.4
1787235107247,7939248,99.4
1787235107303,7949152,99.7
1787235107357,7959024,99.7
1787235107420,7970672,99.7
1787235107483,7981792,99.7
1787235107546,7993120,99.7
1787235107609,8004592,100.0
1787235107672,8016016,100.0
1787235107736,8027504,100.0
1787235107796,8038256,100.0
1787235107856,8049056,100.0
1787235107919,8059856,100.0
1787235107982,8070848,98.7
1787235108045,8082208,98.7
1787235108108,8093776,100.0
1787235108161,8102816,100.0
1787235108224,8113600,100.0
1787235108280,8123648,100.0
1787235108333,8132944,99.6
1787235108393,8143712,99.6
1787235108451,8154208,100.0
1787235108512,8165344,100.0
1787235108570,8176032,99.3
1787235108633,8186560,99.3
1787235108696,8198240,100.0
1787235108757,8209056,100.0
1787235108821,8220160,99.1
1787235108884,8231216,99.1
1787235108940,8241376,99.6
1787235108996,8251200,99.6
1787235109055,8261520,98.5
1787235109113,8271856,98.5
1787235109172,8282192,98.5
1787235109233,8291696,99.7
1787235109296,8302224,99.7
1787235109359,8313696,100.0
1787235109421,8324880,100.0
1787235109483,8336032,98.8
1787235109545,8347456,98.8
1787235109603,8356912,100.0
1787235109666,8368000,100.0
1787235109729,8377312,100.0
1787235109793,8388160,100.0
1787235109856,8398496,100.0
1787235109919,8409520,100.0
1787235109982,8420848,98.5
1787235110039,8431472,98.5
1787235110092,8441200,100.0
1787235110148,8451360,100.0
1787235110206,8461792,100.0
1787235110269,8472944,100.0
1787235110332,8484352,99.1
1787235110391,8494816,99.1
1787235110445,8504496,100.0
1787235110506,8514928,100.0
1787235110567,8525808,99.0
1787235110630,8536784,99.0
1787235110691,8547600,100.0
1787235110749,8557968,100.0
1787235110812,8568640,99.0
1787235110866,8577792,99.0
1787235110922,8587392,99.0
1787235110985,8597968,100.0
1787235111048,8609056,100.0
1787235111102,8618512,99.0
1787235111163,8629376,99.0
1787235111221,8639984,100.0
1787235111276,8650064,100.0
1787235111339,8661456,99.0
1787235111393,8671168,99.0
1787235111457,8682416,100.0
1787235111519,8693552,100.0
1787235111583,8704736,99.6
1787235111646,8715312,99.6
1787235111708,8726704,100.0
1787235111767,8737456,100.0
1787235111822,8747488,99.2
1787235111885,8758960,99.2
1787235111939,8768736,100.0
1787235111998,8779488,100.0
1787235112061,8791088,99.2
1787235112123,8802464,99.2
1787235112186,8813984,99.7
1787235112247,8825248,99.7
1787235112305,8836016,99.7
1787235112368,8847600,99.6
1787235112431,8859200,99.6
1787235112485,8869168,100.0
1787235112546,8880224,100.0
1787235112609,8891728,100.0
1787235112667,8902016,100.0
1787235112730,8913264,99.9
1787235112793,8924624,99.9
1787235112856,8935248,100.0
1787235112911,8945136,100.0
1787235112974,8956192,99.6
1787235113038,8967680,99.6
1787235113100,8979216,100.0
1787235113162,8989968,100.0
1787235113225,9001664,99.3
1787235113284,9012064,99.3
1787235113347,9023376,100.0
1787235113404,9033904,100.0
1787235113462,9044240,99.1
1787235113519,9054448,99.1
1787235113575,9064208,100.0
1787235113635,9074816,100.0
1787235113698,9085904,99.0
1787235113753,9095360,99.0
1787235113808,9105056,99.0
1787235113871,9116352,100.0
1787235113924,9125712,100.0
1787235113982,9135648,99.0
1787235114045,9146720,99.0
1787235114106,9157296,100.0
1787235114169,9166960,100.0
1787235114232,9177728,99.0
1787235114295,9188656,99.0
1787235114358,9199888,100.0
1787235114418,9210640,100.0
1787235114475,9220848,99.0
1787235114533,9230208,99.0
1787235114586,9239984,100.0
1787235114648,9250352,100.0
1787235114711,9250352,99.0
1787235114774,9250352,99.0
1787235114828,9250352,99.8
1787235114892,9250352,99.8
1787235114950,9250352,100.0
1787235115013,9250352,100.0
1787235115072,9250352,100.0
1787235115136,9250352,100.0
1787235115196,9250352,98.7
1787235115252,9250352,98.7
1787235115316,9250352,98.7
1787235115379,9250352,100.0
1787235115439,9250352,100.0
1787235115502,9250352,100.0
1787235115565,9250352,100.0
1787235115624,9250352,99.6
1787235115679,9250352,99.6
1787235115738,9250352,100.0
1787235115802,9250352,100.0
1787235115860,9250352,99.3
1787235115923,9250352,99.3
1787235115986,9250352,100.0
1787235116044,9250352,100.0
1787235116103,9250352,99.1
1787235116166,9250352,99.1
1787235116230,9250352,100.0
1787235116287,9250352,100.0
1787235116342,9250352,99.1
1787235116397,9250352,99.1
1787235116460,9250368,100.0
1787235116522,9250368,100.0
1787235116584,9250368,99.1
1787235116644,9250368,99.1
1787235116708,9250368,98.2
1787235116770,9250368,98.2
1787235116831,9250368,100.0
1787235116892,9250368,100.0
1787235116953,9250368,100.0
1787235117014,9250368,100.0
1787235117070,9250368,98.6
1787235117125,9250368,98.6
1787235117178,9250368,98.6
1787235117240,9250368,100.0
1787235117303,9250368,100.0
1787235117358,9250368,99.0
1787235117418,9250368,99.0
1787235117474,9250368,100.0
1787235117534,9250368,100.0
1787235117592,9250368,99.0
1787235117653,9250368,99.0
1787235117708,9250368,100.0
1787235117769,9250368,100.0
1787235117832,9250368,99.0
1787235117893,9250368,99.0
1787235117956,9250368,100.0
1787235118019,9250368,100.0
1787235118081,9250368,99.0
1787235118143,9250368,99.0
1787235118203,9250368,100.0
1787235118264,9250368,100.0
1787235118324,9250368,99.6
1787235118378,9250368,99.6
1787235118441,9250368,99.6
1787235118500,9250368,100.0
1787235118554,9250368,100.0
1787235118614,9256512,99.3
1787235118677,9267200,99.3
1787235118740,9277392,100.0
1787235118795,9286880,100.0
1787235118857,9297968,99.1
1787235118912,9307904,99.1
1787235118975,9319504,100.0
1787235119031,9329472,100.0
1787235119090,9339824,99.0
1787235119153,9350976,99.0
1787235119213,9361824,100.0
1787235119273,9372384,100.0
1787235119336,9382992,99.0
1787235119399,9393024,99.0
1787235119462,9404128,100.0
1787235119525,9415056,100.0
1787235119588,9426336,99.0
1787235119651,9437600,99.0
1787235119714,9448880,100.0
1787235119776,9460096,100.0
1787235119837,9470672,100.0
1787235119898,9481520,100.0
1787235119956,9492128,99.5
1787235120019,9503248,99.5
1787235120082,9514672,98.7
1787235120145,9526208,98.7
1787235120208,9537840,100.0
1787235120271,9549264,100.0
1787235120334,9560752,98.9
1787235120397,9572080,98.9
1787235120455,9582656,100.0
1787235120517,9593232,100.0
1787235120577,9604176,99.0
1787235120631,9614272,99.0
1787235120694,9625840,99.0
1787235120748,9635760,100.0
1787235120812,9647216,100.0
1787235120868,9657408,99.7
1787235120930,9668560,99.7
1787235120993,9680032,99.8
1787235121047,9689744,99.8
1787235121106,9700592,100.0
1787235121167,9712032,100.0
1787235121231,9723648,99.3
1787235121293,9735008,99.3
1787235121356,9746448,100.0
1787235121416,9757680,100.0
1787235121478,9769136,99.1
1787235121541,9780704,99.1
1787235121601,9791216,100.0
1787235121662,9802096,100.0
1787235121725,9812896,99.1
1787235121786,9823424,99.1
1787235121849,9834368,100.0
1787235121913,9845520,100.0
1787235121966,9854976,99.0
1787235122021,9864416,99.0
1787235122081,9875392,100.0
1787235122144,9886800,100.0
1787235122207,9897680,99.0
1787235122270,9909168,99.0
1787235122326,9919456,99.8
1787235122388,9931104,99.8
1787235122451,9942656,99.7
1787235122515,9953504,99.7
1787235122569,9963472,99.7
1787235122628,9973824,100.0
1787235122686,9984128,100.0
1787235122749,9995504,99.3
1787235122812,10006672,99.3
1787235122867,10015904,100.0
1787235122926,10026400,100.0
1787235122989,10037648,99.1
1787235123049,10046752,99.1
1787235123111,10057344,100.0
1787235123176,10068368,100.0
1787235123239,10079776,99.1
1787235123302,10091040,99.1
1787235123365,10102544,100.0
1787235123419,10111216,100.0
1787235123474,10121200,99.3
1787235123537,10132240,99.3
1787235123598,10141264,100.0
1787235123658,10151808,100.0
1787235123721,10162032,99.4
1787235123775,10171760,99.4
1787235123838,10182880,100.0
1787235123901,10194448,100.0
1787235123960,10205040,100.0
1787235124018,10215504,100.0
1787235124072,10225264,100.0
1787235124129,10235600,98.8
1787235124192,10246848,98.8
1787235124248,10256944,100.0
1787235124309,10267328,100.0
1787235124372,10277936,100.0
1787235124429,10288128,100.0
1787235124491,10299216,100.0
1787235124554,10310544,100.0
1787235124612,10320720,99.4
1787235124675,10331888,99.4
1787235124738,10343312,100.0
1787235124800,10354272,100.0
1787235124864,10365632,99.2
1787235124924,10376304,99.2
1787235124987,10387568,100.0
1787235125050,10399008,100.0
1787235125111,10410016,99.1
1787235125170,10420448,99.1
1787235125225,10430304,99.5
1787235125289,10441728,99.5
1787235125351,10452992,100.0
1787235125413,10463968,100.0
1787235125474,10473984,99.2
1787235125537,10485504,99.2
1787235125598,10496800,100.0
1787235125653,10506800,100.0
1787235125716,10518048,99.1
1787235125779,10529232,99.1
1787235125842,10540560,100.0
1787235125905,10551808,100.0
1787235125968,10563280,100.0
1787235126032,10574944,100.0
1787235126096,10586528,100.0
1787235126157,10597968,100.0
1787235126221,10609600,98.6
1787235126282,10620912,98.6
1787235126345,10632464,99.1
1787235126408,10644080,99.1
1787235126465,10654624,100.0
1787235126527,10666096,100.0
1787235126589,10677168,99.1
1787235126652,10688640,99.1
1787235126716,10699616,100.0
1787235126779,10710688,100.0
1787235126832,10720192,100.0
1787235126895,10731728,99.0
1787235126956,10742272,99.0
1787235127019,10753440,100.0
1787235127081,10764592,100.0
1787235127144,10775536,99.0
1787235127202,10786240,99.0
1787235127265,10797504,100.0
1787235127328,10808704,100.0
1787235127392,10820448,99.0
1787235127455,10830752,99.0
1787235127518,10841872,99.9
1787235127577,10851856,99.9
1787235127640,10862848,100.0
1787235127703,10874240,100.0
1787235127763,10884800,99.4
1787235127826,10895744,99.4
1787235127882,10905712,100.0
1787235127936,10915344,100.0
1787235127999,10925184,99.1
1787235128062,10935456,99.1
1787235128124,10946400,100.0
1787235128187,10957904,100.0
1787235128244,10968368,99.0
1787235128307,10979792,99.0
1787235128369,10989856,100.0
1787235128432,11001488,100.0
1787235128488,11011456,99.0
1787235128546,11020144,99.0
1787235128609,11031296,100.0
1787235128672,11041440,100.0
1787235128735,11052800,99.0
1787235128798,11063968,99.0
1787235128862,11075392,100.0
1787235128925,11086688,100.0
1787235128981,11096720,100.0
1787235129039,11106976,100.0
1787235129098,11117552,99.6
1787235129157,11128064,99.6
1787235129213,11137968,99.4
1787235129276,11148848,99.4
1787235129339,11159552,99.9
1787235129393,11169360,99.9
1787235129449,11179184,99.9
1787235129512,11190512,100.0
1787235129572,11201120,100.0
1787235129635,11212384,99.4
1787235129696,11223344,99.4
1787235129758,11234336,100.0
1787235129822,11245712,100.0
1787235129885,11257120,99.1
1787235129944,11267504,99.1
1787235130007,11278816,100.0
1787235130070,11290432,100.0
1787235130134,11301824,99.1
1787235130197,11313056,99.1
1787235130258,11324336,100.0
1787235130322,11335504,100.0
1787235130376,11345312,99.0
1787235130439,11355904,99.0
1787235130502,11367120,100.0
1787235130565,11378352,100.0
1787235130623,11388928,100.0
1787235130687,11400336,100.0
1787235130744,11410704,100.0
1787235130807,11422048,100.0
1787235130871,11433488,99.6
1787235130932,11444368,99.6
1787235130996,11456176,99.8
1787235131055,11461616,99.8
1787235131119,11459760,99.4
1787235131182,11468704,99.4
1787235131245,11473456,100.0
1787235131309,11480240,100.0
1787235131369,11483328,99.2
1787235131428,11485632,99.2
1787235131492,11484912,100.0
1787235131547,11481376,100.0
1787235131607,11475408,99.6
1787235131665,11484112,99.6
1787235131728,11491424,100.0
1787235131791,11502240,100.0
1787235131851,11511888,99.0
1787235131915,11495648,99.0
1787235131973,11500560,100.0
1787235132036,11510944,100.0
1787235132094,11510064,99.1
1787235132153,11496688,99.1
1787235132217,11494608,98.5
1787235132276,11490544,98.5
1787235132342,11473488,98.5
1787235132396,11479808,99.2
1787235132459,11491376,99.2
1787235132516,11501152,100.0
1787235132572,11489280,100.0
1787235132637,11482048,100.0
1787235132694,11477392,100.0
1787235132757,11478464,99.7
1787235132818,11467264,99.7
1787235132880,11455840,98.3
1787235132941,11465376,98.3
1787235133004,11450384,100.0
1787235133066,11398672,100.0
1787235133128,11330496,99.2
1787235133189,11295120,99.2
1787235133252,11306368,99.3
1787235133317,11299456,99.3
1787235133371,11309216,100.0
1787235133434,11284976,100.0
1787235133493,11293760,100.0
1787235133556,11277312,100.0
1787235133613,11286512,99.1
1787235133676,11186800,99.1
1787235133743,11063232,99.3
1787235133797,10838432,99.3
1787235133861,10727072,100.0
1787235133921,10649072,100.0
1787235133985,10604544,98.8
1787235134044,10592336,98.8
1787235134107,10582608,99.6
1787235134166,10568256,99.6
1787235134222,10550096,99.3
1787235134279,10559088,99.3
1787235134341,10540400,99.3
1787235134403,10550928,99.9
1787235134466,10541184,98.5
1787235134529,10536672,98.5
1787235134590,10529552,98.5
1787235134643,10514272,99.9
1787235134704,10459776,99.9
1787235134767,10409776,100.0
1787235134822,10371008,100.0
1787235134885,10382160,99.1
1787235134948,10359056,99.1
1787235135010,10339648,99.8
1787235135072,10321072,99.8
1787235135167,10304816,100.0
1787235135230,10286976,99.1
1787235135293,10298384,99.1
1787235135356,10243248,100.0
1787235135414,10253632,100.0
1787235135481,10199952,100.0
1787235135543,10211504,100.0
1787235135602,10222368,99.5
1787235135662,10233424,99.5
1787235135716,10188592,99.5
1787235135776,10103472,100.0
1787235135845,10044784,98.6
1787235135908,10020272,98.6
1787235135971,10005616,99.1
1787235136025,9993376,99.1
1787235136091,9978800,99.1
1787235136154,9990272,99.4
1787235136217,9967024,99.4
1787235136279,9978304,100.0
1787235136341,9958000,100.0
1787235136404,9932928,100.0
1787235136461,9943376,100.0
1787235136526,9925248,99.3
1787235136588,9936640,99.3
1787235136649,9906032,100.0
1787235136712,9916768,100.0
1787235136775,9927536,99.1
1787235136838,9938752,99.1
1787235136897,9923808,100.0
1787235136966,9901968,100.0
1787235137028,9913392,97.8
1787235137091,9898944,97.8
1787235137160,9874688,100.0
1787235137220,9885408,100.0
1787235137280,9896368,100.0
1787235137340,9875632,100.0
1787235137405,9845984,98.8
1787235137464,9822928,98.8
1787235137527,9833824,100.0
1787235137587,9844544,100.0
1787235137641,9854112,98.9
1787235137697,9863872,98.9
1787235137760,9844752,100.0
1787235137829,9819152,100.0
1787235137885,9829136,99.0
1787235137951,9811408,99.0
1787235138013,9821152,100.0
1787235138067,9808656,100.0
1787235138128,9819472,99.1
1787235138191,9792352,99.1
1787235138254,9803648,100.0
1787235138317,9790352,100.0
1787235138373,9773872,99.0
1787235138434,9785120,99.0
1787235138497,9794848,100.0
1787235138561,9758560,100.0
1787235138619,9768016,99.0
1787235138680,9778896,99.0
1787235138743,9768880,100.0
1787235138798,9744640,100.0
1787235138861,9756048,99.0
1787235138926,9727008,99.0
1787235138989,9738336,100.0
1787235139051,9721568,100.0
1787235139114,9732848,99.0
1787235139181,9719408,99.0
1787235139244,9730352,100.0
1787235139299,9709360,100.0
1787235139358,9689216,99.5
1787235139421,9700192,99.5
1787235139484,9686432,100.0
1787235139540,9696304,100.0
1787235139597,9677248,100.0
1787235139660,9663120,99.3
1787235139723,9674112,99.3
1787235139783,9646080,100.0
1787235139839,9655840,100.0
1787235139902,9640592,99.1
1787235139965,9636480,99.1
1787235140030,9622128,100.0
1787235140092,9633584,100.0
1787235140159,9606016,99.1
1787235140213,9616016,99.1
1787235140282,9589264,100.0
1787235140338,9599648,100.0
1787235140396,9585008,99.0
1787235140452,9595264,99.0
1787235140511,9548032,100.0
1787235140574,9559552,100.0
1787235140634,9570320,99.0
1787235140697,9548352,99.0
1787235140762,9489888,100.0
1787235140825,9470112,100.0
1787235140891,9455408,100.0
1787235140958,9445920,100.0
1787235141021,9457216,98.9
1787235141080,9428848,98.9
1787235141133,9438720,100.0
1787235141188,9429792,100.0
1787235141252,9411744,99.0
1787235141313,9393136,99.0
1787235141376,9404560,100.0
1787235141436,9372816,100.0
1787235141490,9363232,93.6
1787235141552,9378416,93.6
1787235141615,9427904,95.1
1787235141675,9417904,95.1
1787235141738,9397920,92.2
1787235141797,9411456,92.2
1787235141861,9390320,89.8
1787235141920,9384096,89.8
1787235141982,9374768,89.9
1787235142046,9359408,89.9
1787235142108,9352880,90.1
1787235142173,9375936,90.1
1787235142236,9414832,93.0
1787235142297,9420560,93.0
1787235142363,9417712,94.3
1787235142427,9419600,94.3
1787235142485,8909616,91.2
1787235142545,8721584,91.2
1787235142605,8716560,91.2
1787235142663,8722208,93.7
1787235142732,8689856,91.0
1787235142789,8607696,91.0
1787235142852,8397920,91.0
1787235142907,8258320,90.7
1787235142969,8276256,90.7
1787235143028,8300480,95.7
1787235143090,8325744,95.7
1787235143158,8303712,95.8
1787235143218,8078848,95.8
1787235143272,8041072,91.5
1787235143335,7901312,91.5
1787235143389,7871552,90.8
1787235143450,7858256,90.8
1787235143511,7753360,90.9
1787235143568,7664608,90.9
1787235143630,7607456,89.7
1787235143693,7556480,89.7
1787235143754,7542640,86.7
1787235143816,7504736,86.7
1787235143873,7520352,89.4
1787235143938,7516208,89.4
1787235144002,7543552,92.4
1787235144065,7573536,92.4
1787235144128,7556432,91.7
1787235144193,7541952,91.7
1787235144256,7549232,94.1
1787235144314,7561136,94.1
1787235144371,7552608,95.5
1787235144428,7562560,95.5
1787235144495,7548512,98.7
1787235144558,7547584,98.7
1787235144617,7539504,95.6
1787235144674,7520512,95.6
1787235144741,7354608,87.6
1787235144795,7407520,87.6
1787235144850,7577280,87.6
1787235144912,7775184,85.9
1787235144966,7947488,85.9
1787235145026,8132368,80.7
1787235145081,8342208,80.7
1787235145147,8575840,81.1
1787235145202,8788880,81.1
1787235145262,9014288,80.9
1787235145319,9214592,80.9
1787235145376,9417488,79.8
1787235145432,9578672,79.8
1787235145495,9788432,79.2
1787235145551,9930496,79.2
1787235145607,10021600,79.2
1787235145673,10001168,79.3
1787235145736,9974352,82.0
1787235145801,9955744,82.0
1787235145864,9931008,87.1
1787235145924,9701328,87.1
1787235145991,9468064,85.3
1787235146049,9418992,85.3
1787235146104,9407472,85.3
1787235146159,9390240,90.0
1787235146215,9290224,90.0
1787235146278,9228800,92.9
1787235146341,9197760,92.9
1787235146394,9204176,91.8
1787235146454,9155536,91.8
1787235146518,9047328,92.5
1787235146574,8897488,92.5
1787235146632,8802272,92.5
1787235146687,8851456,92.5
1787235146751,8848656,92.1
1787235146816,8890144,92.1
1787235146876,8875712,91.0
1787235146939,8824960,91.0
1787235147002,8763408,92.8
1787235147066,8708064,92.8
1787235147121,8708224,96.4
1787235147178,8449584,96.4
1787235147236,8490048,89.1
1787235147299,8446256,89.1
1787235147363,8430288,91.6
1787235147423,8392560,91.6
1787235147487,8370208,90.9
1787235147546,8351680,90.9
1787235147609,8330112,90.9
1787235147668,8335680,92.6
1787235147726,8318256,92.6
1787235147790,8303664,91.0
1787235147853,8288400,91.0
1787235147909,8284624,89.2
1787235147974,8290064,89.2
1787235148035,8299584,92.2
1787235148098,8320480,92.2
1787235148161,8297424,95.7
1787235148224,8288528,95.7
1787235148289,8277040,92.7
1787235148343,8270016,92.7
1787235148398,8272720,95.7
1787235148458,8330240,95.7
1787235148523,8290896,91.0
1787235148590,8290032,91.0
1787235148645,8295072,90.9
1787235148701,8321408,90.9
1787235148761,8278544,91.2
1787235148818,8327328,91.2
1787235148878,8286064,91.0
1787235148933,8347872,91.0
1787235148996,8345760,90.5
1787235149060,8317552,90.5
1787235149117,8353856,92.4
1787235149176,8441904,92.4
1787235149230,8489888,92.4
1787235149292,8563936,90.6
1787235149354,8640320,90.6
1787235149411,8618272,92.2
1787235149466,8623440,92.2
1787235149525,8628336,93.7
1787235149580,8625360,93.7
1787235149644,8671536,96.4
1787235149708,8719776,96.4
1787235149773,8720768,96.1
1787235149831,8788560,96.1
1787235149894,8844080,98.7
1787235149956,8834448,98.7
1787235150015,8806864,96.6
1787235150077,8755248,96.6
1787235150139,8749568,97.1
1787235150201,8761744,97.1
1787235150265,8729120,95.2
1787235150329,8675312,95.2
1787235150386,8663904,95.4
1787235150449,8662592,95.4
1787235150510,8663952,97.0
1787235150575,8675504,97.0
1787235150639,8690400,97.9
1787235150703,8614528,97.9
1787235150769,8561984,97.1
1787235150835,8537424,97.1
1787235150895,8520768,99.3
1787235150951,8514256,99.3
1787235151013,8518032,97.2
1787235151076,8530032,97.2
1787235151134,8533536,98.2
1787235151193,8536144,98.2
1787235151252,8522624,98.1
1787235151315,8473504,98.1
1787235151375,8381344,100.0
1787235151440,8382928,100.0
1787235151503,8367696,98.4
1787235151562,8340720,98.4
1787235151625,8304672,98.8
1787235151685,8315344,98.8
1787235151748,8326496,99.3
1787235151809,8327760,99.3
1787235151872,8317312,100.0
1787235151935,8312096,100.0
1787235151993,8312736,99.3
1787235152054,8303760,99.3
1787235152117,8315392,100.0
1787235152176,8299392,100.0
1787235152239,8296832,100.0
1787235152302,8295424,100.0
1787235152358,8272192,100.0
1787235152422,8256800,99.8
1787235152485,8250480,99.8
1787235152542,8227504,98.6
1787235152599,8224816,98.6
1787235152659,8213456,100.0
1787235152722,8208480,100.0
1787235152785,8175008,99.4
1787235152849,8112800,99.4
1787235152912,8102944,99.2
1787235152979,8096736,99.2
1787235153034,8091520,100.1
1787235153098,8062816,100.1
1787235153161,8073360,100.0
1787235153220,8084304,100.0
1787235153284,8065248,99.1
1787235153347,8058672,99.1
1787235153410,8069360,99.6
1787235153472,8069504,99.6
1787235153526,8079216,100.0
1787235153593,8036704,100.0
1787235153649,8046896,98.7
1787235153710,8039472,98.7
1787235153773,8029440,99.8
1787235153837,7999376,99.8
1787235153901,7984288,98.4
1787235153960,7995216,98.4
1787235154022,7964848,100.0
1787235154077,7974368,100.0
1787235154140,7963728,99.3
1787235154197,7968560,99.3
1787235154262,7917456,100.0
1787235154321,7902640,100.0
1787235154384,7899008,100.0
1787235154439,7882400,100.0
1787235154502,7893648,99.0
1787235154563,7905008,99.0
1787235154621,7879472,99.6
1787235154685,7870960,99.6
1787235154742,7879824,98.5
1787235154803,7862704,98.5
1787235154861,7857296,98.5
1787235154920,7848256,100.0
1787235154980,7831568,100.0
1787235155038,7827264,100.0
1787235155099,7800640,100.0
1787235155164,7791984,98.4
1787235155228,7792960,98.4
1787235155291,7798464,99.1
1787235155352,7784128,99.1
1787235155416,7763824,99.1
1787235155471,7773872,99.1
1787235155530,7784928,100.0
1787235155588,7771936,100.0
1787235155646,7756432,100.0
1787235155706,7720256,100.0
1787235155771,7695488,100.0
1787235155828,7686272,100.0
1787235155893,7694032,99.7
1787235155953,7680160,99.7
1787235156016,7687648,99.6
1787235156073,7695920,99.6
1787235156134,7690976,98.9
1787235156189,7696384,98.9
1787235156251,7676784,99.1
1787235156315,7688144,99.1
1787235156378,7683296,100.0
1787235156446,7669888,100.0
1787235156502,7679408,100.0
1787235156562,7690224,100.0
1787235156625,7702064,98.6
1787235156688,7682224,98.6
1787235156747,7692976,98.9
1787235156810,7676528,98.9
1787235156868,7667040,98.9
1787235156924,7675168,100.0
1787235156987,7662320,100.0
1787235157049,7665904,100.0
1787235157111,7677760,100.0
1787235157174,7682192,99.7
1787235157241,7653040,99.7
1787235157304,7664192,98.3
1787235157369,7630112,98.3
1787235157428,7620944,100.0
1787235157491,7611424,100.0
1787235157546,7620912,99.1
1787235157608,7632240,99.1
1787235157663,7640816,100.0
1787235157731,7583968,100.0
1787235157795,7595008,97.2
1787235157855,7595760,97.2
1787235157911,7546432,98.4
1787235157975,7558096,98.4
1787235158035,7545552,98.3
1787235158098,7536528,98.3
1787235158158,7523824,98.9
1787235158221,7516768,98.9
1787235158285,7454128,100.0
1787235158348,7465488,100.0
1787235158404,7474640,99.8
1787235158459,7441056,99.8
1787235158516,7451328,99.8
1787235158577,7462752,99.8
1787235158640,7474384,100.0
1787235158703,7461472,100.0
1787235158762,7451584,100.0
1787235158822,7434304,100.0
1787235158876,7424032,98.9
1787235158940,7413056,98.9
1787235159003,7424192,99.6
1787235159063,7417088,99.6
1787235159127,7408960,99.2
1787235159190,7419152,99.2
1787235159246,7413168,99.2
1787235159305,7403136,100.0
1787235159368,7396848,100.0
1787235159428,7378992,100.0
1787235159489,7389744,100.0
1787235159556,7378928,100.0
1787235159619,7390544,100.0
1787235159682,7383840,99.1
1787235159745,7372192,99.1
1787235159804,7358784,99.6
1787235159868,7370592,99.6
1787235159935,7359040,99.2
1787235159998,7351024,99.2
1787235160059,7361936,100.0
1787235160122,7342432,100.0
1787235160183,7329376,98.8
1787235160243,7307056,98.8
1787235160305,7276384,98.7
1787235160365,7287472,98.7
1787235160422,7297968,99.5
1787235160483,7289760,99.5
1787235160547,7271376,98.2
1787235160607,7282336,98.2
1787235160670,7234304,100.0
1787235160733,7191040,100.0
1787235160793,7162032,100.0
1787235160850,7111680,100.0
1787235160918,7092800,96.7
1787235160981,7104656,96.7
1787235161037,7098704,97.6
1787235161092,7080576,97.6
1787235161154,7066256,100.0
1787235161216,7077648,100.0
1787235161279,7070256,99.7
1787235161335,7061440,99.7
1787235161392,7029824,98.3
1787235161451,7040224,98.3
1787235161514,7010608,99.5
1787235161572,6978464,99.5
1787235161631,6969776,98.8
1787235161692,6980656,98.8
1787235161746,6965696,98.8
1787235161811,6957264,100.0
1787235161867,6967216,100.0
1787235161928,6953584,98.6
1787235161992,6863760,98.6
1787235162055,6860144,100.0
1787235162109,6869936,100.0
1787235162173,6841344,100.0
1787235162236,6852816,100.0
1787235162299,6845664,98.2
1787235162363,6836032,98.2
1787235162427,6823232,99.6
1787235162489,6834448,99.6
1787235162549,6845232,100.0
1787235162608,6823376,100.0
1787235162672,6821232,98.7
1787235162735,6801856,98.7
1787235162801,6805328,100.0
1787235162860,6758304,100.0
1787235162923,6749296,99.5
1787235162984,6747552,99.5
1787235163042,6746448,100.0
1787235163108,6736288,100.0
1787235163175,6732800,98.7
1787235163237,6742480,98.7
1787235163290,6736080,100.0
1787235163353,6723104,100.0
1787235163414,6707824,99.5
1787235163477,6719312,99.5
1787235163538,6730480,100.0
1787235163599,6716880,100.0
1787235163663,6722080,100.0
1787235163727,6713072,100.0
1787235163784,6683824,98.4
1787235163841,6694384,98.4
1787235163901,6690288,99.4
1787235163966,6684912,99.4
1787235164021,6694048,100.0
1787235164077,6703920,100.0
1787235164144,6680880,100.0
1787235164207,6672496,100.0
1787235164269,6675552,99.4
1787235164333,6666848,99.4
1787235164397,6678352,100.0
1787235164452,6673824,100.0
1787235164515,6657776,99.9
1787235164579,6599440,99.9
1787235164640,6610768,99.8
1787235164697,6540672,99.8
1787235164756,6527808,99.8
1787235164819,6502272,100.0
1787235164882,6495424,100.0
1787235164949,6474672,100.0
1787235165011,6459120,100.0
1787235165074,6443344,99.7
1787235165130,6429792,99.7
1787235165189,6409360,98.4
1787235165252,6421296,98.4
1787235165307,6398672,100.0
1787235165371,6410176,100.0
1787235165426,6385456,97.5
1787235165485,6306624,97.5
1787235165540,6292736,100.0
1787235165594,6260960,100.0
1787235165648,6270304,99.1
1787235165702,6257904,99.1
1787235165759,6244384,99.1
1787235165822,6221840,99.9
1787235165885,6199968,99.9
1787235165942,6184464,98.5
1787235166005,6178032,98.5
1787235166072,6171536,98.4
1787235166130,6145552,98.4
1787235166191,6102144,97.2
1787235166260,6081168,97.2
1787235166317,6091792,98.4
1787235166380,6102816,98.4
1787235166439,6113232,99.1
1787235166503,6111456,99.1
1787235166565,6090912,98.2
1787235166632,6054752,98.2
1787235166699,5964736,97.5
1787235166761,5943808,97.5
1787235166826,5923152,97.2
1787235166892,5911120,96.9
1787235166946,5920528,96.9
1787235167009,5886384,96.9
1787235167072,5897712,97.5
1787235167130,5882928,97.5
1787235167189,5877552,97.3
1787235167252,5873200,97.3
1787235167316,5861520,97.6
1787235167370,5870800,97.6
1787235167426,5862864,97.3
1787235167490,5854064,97.3
1787235167546,5834064,100.0
1787235167603,5843808,100.0
1787235167665,5827664,100.0
1787235167727,5824256,100.0
1787235167785,5832608,97.5
1787235167848,5826528,97.5
1787235167912,5784736,97.3
1787235167976,5795632,97.3
1787235168038,5770752,98.1
1787235168097,5744752,98.1
1787235168160,5754368,97.6
1787235168215,5734160,97.6
1787235168279,5724448,97.9
1787235168341,5710416,97.9
1787235168400,5720480,97.9
1787235168460,5700240,97.9
1787235168523,5692208,98.6
1787235168580,5683552,98.6
1787235168639,5693824,98.6
1787235168699,5663376,97.6
1787235168762,5674128,97.6
1787235168827,5636704,97.9
1787235168891,5647520,97.6
1787235168956,5578768,97.6
1787235169016,5584240,98.5
1787235169086,5549968,98.5
1787235169149,5560048,97.1
1787235169212,5547280,97.1
1787235169270,5557056,96.0
1787235169333,5553808,96.0
1787235169396,5547120,98.1
1787235169464,5532864,98.1
1787235169527,5521280,97.0
1787235169586,5505152,97.0
1787235169643,5514784,96.4
1787235169709,5433696,96.4
1787235169772,5445120,97.8
1787235169830,5419600,97.8
1787235169893,5414944,96.9
1787235169957,5396528,96.9
1787235170018,5407152,96.9
1787235170079,5374720,98.6
1787235170137,5337264,98.6
1787235170193,5328752,96.9
1787235170257,5339920,96.9
1787235170320,5330704,97.6
1787235170384,5312144,97.6
1787235170445,5322528,99.4
1787235170500,5268912,99.4
1787235170562,5279552,98.7
1787235170618,5262112,98.7
1787235170673,5271520,98.5
1787235170732,5259920,98.5
1787235170792,5250624,97.6
1787235170859,5238224,97.6
1787235170922,5240000,98.5
1787235170977,5249424,98.5
1787235171041,5260576,97.1
1787235171105,5271792,97.1
1787235171172,5249040,97.5
1787235171228,5258496,97.5
1787235171290,5250720,97.4
1787235171345,5236256,97.4
1787235171409,5226512,98.1
1787235171466,5219904,98.1
1787235171525,5217744,98.1
1787235171583,5208672,98.1
1787235171645,5219024,98.1
1787235171709,5226384,98.2
1787235171769,5225072,98.2
1787235171827,5114416,98.0
1787235171887,5042720,98.0
1787235171941,5051712,98.7
1787235172008,5044272,98.7
1787235172067,4913312,97.4
1787235172128,4818640,97.4
1787235172184,4828192,97.5
1787235172248,4839056,97.5
1787235172303,4848736,97.8
1787235172360,4858400,97.8
1787235172414,4867840,98.3
1787235172477,4878096,98.3
1787235172541,4889120,97.5
1787235172603,4899616,97.5
1787235172666,4909920,98.2
1787235172727,4920192,98.2
1787235172790,4930944,97.6
1787235172845,4939824,97.6
1787235172909,4950672,98.2
1787235172972,4961264,98.2
1787235173028,4970032,98.1
1787235173091,4979824,98.1
1787235173151,4989536,98.2
1787235173214,5000256,98.2
1787235173277,5010896,97.6
1787235173335,5020720,97.6
1787235173398,5007520,97.3
1787235173466,4986736,97.3
1787235173526,4997104,97.0
1787235173592,4965968,97.0
1787235173653,4958928,97.4
1787235173721,4946368,97.4
1787235173783,4956528,96.9
1787235173844,4950624,96.9
1787235173899,4952272,97.6
1787235173960,4929712,97.6
1787235174019,4921600,97.6
1787235174082,4932272,97.3
1787235174142,4925008,97.3
1787235174212,4904528,97.6
1787235174271,4887024,97.6
1787235174327,4897024,97.8
1787235174391,4886448,97.8
1787235174451,4878832,100.0
1787235174508,4873776,100.0
1787235174571,4863680,97.2
1787235174627,4873184,97.2
1787235174693,4865968,99.1
1787235174761,4841392,99.1
1787235174825,4852416,97.2
1787235174893,4839168,97.2
1787235174957,4828608,99.8
1787235175020,4810576,99.8
1787235175079,4800784,97.0
1787235175143,4797152,97.0
1787235175199,4807072,97.6
1787235175263,4786032,97.6
1787235175327,4797104,97.3
1787235175380,4790752,97.3
1787235175444,4801712,97.9
1787235175508,4796064,97.9
1787235175568,4790288,97.5
1787235175627,4799872,97.5
1787235175690,4791808,97.9
1787235175748,4781744,97.9
1787235175815,4768224,97.9
1787235175874,4764192,97.9
1787235175938,4775472,99.1
1787235175994,4763360,99.1
1787235176057,4757552,97.4
1787235176119,4750960,97.4
1787235176177,4756832,98.1
1787235176241,4764544,98.1
1787235176301,4761808,97.6
1787235176361,4751888,97.6
1787235176424,4742544,98.1
1787235176483,4752624,98.1
1787235176545,4725680,97.7
1787235176600,4719152,97.7
1787235176654,4709152,99.4
1787235176721,4695568,99.4
1787235176778,4686704,98.2
1787235176836,4681712,98.2
1787235176895,4691392,98.2
1787235176960,4668656,98.3
1787235177023,4656112,98.3
1787235177083,4666256,98.1
1787235177146,4639808,98.1
1787235177212,4601264,98.1
1787235177278,4602048,98.2
1787235177341,4574528,98.2
1787235177405,4584944,98.2
1787235177472,4552208,98.2
1787235177535,4563200,100.0
1787235177599,4556960,100.0
1787235177663,4532240,98.7
1787235177727,4542624,98.7
1787235177795,4529600,98.7
1787235177851,4517888,98.7
1787235177911,4527824,97.8
1787235177972,4501856,97.8
1787235178035,4497504,98.3
1787235178093,4507264,98.3
1787235178157,4495120,97.6
1787235178218,4469152,97.6
1787235178282,4479568,95.5
1787235178347,4448768,95.5
1787235178409,4458704,96.4
1787235178473,4440480,96.4
1787235178527,4449760,95.7
1787235178589,4419568,95.7
1787235178651,4399760,95.7
1787235178710,4409120,98.2
1787235178776,4401552,98.2
1787235178839,4365744,98.1
1787235178897,4322176,98.1
1787235178963,4318544,97.9
1787235179019,4327136,97.9
1787235179078,4316800,99.1
1787235179139,4279392,99.1
1787235179196,4273680,97.7
1787235179254,4283760,97.7
1787235179312,4266768,97.2
1787235179368,4276464,97.2
1787235179431,4265344,97.4
1787235179487,4274896,97.4
1787235179550,4259472,97.8
1787235179608,4239840,97.8
1787235179669,4250160,97.2
1787235179737,4233136,97.2
1787235179797,4243520,97.8
1787235179865,4226096,97.8
1787235179930,4224496,97.5
1787235179996,4192736,97.5
1787235180060,3926432,97.0
1787235180126,3902416,97.0
1787235180191,3912912,97.3
1787235180246,3866208,97.3
1787235180311,3877408,98.1
1787235180369,3866992,98.1
1787235180426,3876480,96.4
1787235180485,3852384,96.4
1787235180545,3862736,96.2
1787235180605,3855344,96.2
1787235180668,3866192,96.2
1787235180722,3855488,96.2
1787235180786,3839040,97.8
1787235180844,3848912,97.8
1787235180900,3846512,97.8
1787235180962,3842256,96.4
1787235181026,3823856,96.4
1787235181093,3818848,97.6
1787235181154,3812368,97.6
1787235181212,3796640,96.9
1787235181276,3790752,96.9
1787235181344,3779488,97.5
1787235181407,3790576,97.5
1787235181461,3778368,97.7
1787235181525,3753312,97.7
1787235181582,3763296,98.6
1787235181644,3743872,98.6
1787235181707,3755584,97.3
1787235181766,3739184,97.3
1787235181822,3748976,97.6
1787235181888,3736688,97.6
1787235181944,3693328,97.3
1787235182001,3694528,97.3
1787235182061,3675440,98.8
1787235182125,3674512,98.8
1787235182189,3657008,96.4
1787235182252,3643216,96.4
1787235182315,3622000,97.3
1787235182377,3610912,97.3
1787235182445,3594560,97.2
1787235182503,3604640,97.2
1787235182561,3585680,97.8
1787235182626,3596800,97.8
1787235182693,3538624,97.5
1787235182757,3549568,97.5
1787235182813,3559168,97.3
1787235182870,3569152,97.3
1787235182933,3580320,97.8
1787235182990,3565168,97.8
1787235183053,3504448,99.1
1787235183116,3515776,99.1
1787235183176,3484560,99.2
1787235183243,3468768,99.2
1787235183306,3479600,98.7
1787235183367,3440112,98.7
1787235183427,3418048,97.2
1787235183491,3428704,97.2
1787235183545,3437808,97.5
1787235183604,3447360,97.5
1787235183663,3456224,96.1
1787235183725,3466288,96.1
1787235183789,3461840,98.2
1787235183845,3449824,98.2
1787235183904,3434592,98.2
1787235183960,3402208,97.5
1787235184027,3401584,97.5
1787235184092,3389264,98.9
1787235184148,3381936,98.9
1787235184212,3353344,98.5
1787235184276,3364288,98.5
1787235184340,3354960,97.8
1787235184402,3348480,97.8
1787235184460,3353936,98.5
1787235184517,3363904,98.5
1787235184573,3351312,97.7
1787235184628,3350784,97.7
1787235184691,3342048,98.2
1787235184754,3352880,98.2
1787235184818,3337488,97.5
1787235184881,3323856,97.5
1787235184944,3304864,97.2
1787235185007,3301488,97.2
1787235185070,3302736,98.1
1787235185128,3288208,98.1
1787235185191,3283552,97.0
1787235185255,3268016,97.0
1787235185318,3278736,97.5
1787235185377,3267984,97.5
1787235185444,3244752,98.2
1787235185499,3254416,98.2
1787235185561,3265248,98.2
1787235185622,3275664,98.2
1787235185682,3271424,98.9
1787235185745,3258144,98.9
1787235185801,3246480,97.3
1787235185861,3256896,97.3
1787235185926,3247216,98.3
1787235185988,3243136,98.3
1787235186050,3233632,97.5
1787235186114,3221360,97.5
1787235186176,3220496,98.2
1787235186240,3206240,98.2
1787235186294,3215424,97.5
1787235186359,3205152,97.5
1787235186422,3192768,97.9
1787235186482,3181808,97.9
1787235186540,3191776,97.9
1787235186603,3183840,97.6
1787235186666,3163328,97.7
1787235186730,3141232,97.7
1787235186793,3152672,98.1
1787235186851,3139136,98.1
1787235186916,3118880,98.1
1787235186972,3080224,91.0
1787235187027,3204656,91.0
1787235187092,3146496,84.4
1787235187151,3173200,84.4
1787235187206,3166448,81.0
1787235187264,3177936,81.0
1787235187328,3192432,78.2
1787235187393,3218992,78.2
1787235187461,3236832,76.0
1787235187522,3267408,76.0
1787235187585,3327296,74.0
1787235187647,3439776,74.0
1787235187705,3611120,73.8
1787235187765,3666304,73.8
1787235187827,3642816,76.2
1787235187883,3733040,76.2
1787235187944,3780368,74.5
1787235188008,3920816,74.5
1787235188064,4104848,77.4
1787235188126,4262704,77.4
1787235188192,4373952,74.3
1787235188254,4485232,74.3
1787235188319,4580272,77.8
1787235188383,4684320,77.8
1787235188447,4805152,75.2
1787235188501,4894224,75.2
1787235188562,4988064,77.7
1787235188628,5152144,77.7
1787235188687,5259040,84.6
1787235188744,5343056,84.6
1787235188811,5436464,83.6
1787235188876,5506112,83.6
1787235188933,5580064,81.9
1787235188994,5636096,81.9
1787235189049,5700720,82.2
1787235189113,5729472,82.2
1787235189174,5750544,86.4
1787235189232,5744144,86.4
1787235189297,5720384,85.9
1787235189357,5700480,85.9
1787235189415,5638320,85.9
1787235189479,5586736,82.4
1787235189543,5626624,81.3
1787235189604,5651136,81.3
1787235189662,5720336,81.3
1787235189727,5736016,84.4
1787235189781,5750912,84.4
1787235189845,5843248,84.0
1787235189901,5828384,84.0
1787235189958,5868208,85.8
1787235190021,5840128,85.8
1787235190084,5811792,85.8
1787235190140,5743008,85.8
1787235190196,5720320,85.4
1787235190254,5666800,85.4
1787235190314,5596848,83.4
1787235190372,5545056,83.4
1787235190426,5548720,81.1
1787235190488,5631568,81.1
1787235190546,5665296,82.2
1787235190606,5655872,82.2
1787235190671,5711664,82.9
1787235190728,5726464,82.9
1787235190787,5702432,82.9
1787235190843,5729216,81.3
1787235190901,5689424,81.3
1787235190964,5693872,79.9
1787235191031,5669840,79.9
1787235191092,5662368,79.2
1787235191150,5641776,79.2
1787235191206,5668464,79.8
1787235191264,5653616,79.8
1787235191328,5720272,77.8
1787235191386,5733840,77.8
1787235191443,5742112,78.5
1787235191503,5739520,78.5
1787235191564,5674208,75.2
1787235191629,5689792,75.2
1787235191688,5692592,74.4
1787235191750,5679232,74.4
1787235191805,5694880,74.1
1787235191863,5670336,74.1
1787235191927,5691488,73.1
1787235191989,5725936,73.1
1787235192049,5696784,70.6
1787235192114,5705232,70.6
1787235192177,5780832,75.2
1787235192232,5785744,75.2
1787235192291,5796064,75.2
1787235192357,5850192,75.8
1787235192422,5789264,75.8
1787235192477,5815136,75.8
1787235192533,5800528,75.8
1787235192595,5779584,77.2
1787235192648,5897184,77.2
1787235192713,5976880,76.9
1787235192773,5871392,76.9
1787235192832,5870480,76.8
1787235192898,5873360,76.8
1787235192956,5809824,75.1
1787235193019,5852192,75.1
1787235193077,5866336,74.4
1787235193142,5846752,74.4
1787235193198,5831984,71.1
1787235193263,5849344,71.1
1787235193328,5832400,68.7
1787235193386,5833808,68.7
1787235193451,5757840,71.2
1787235193516,5712960,71.2
1787235193579,5658560,71.6
1787235193639,5665936,71.6
1787235193695,5641904,74.1
1787235193752,5660640,74.1
1787235193815,5637536,76.2
1787235193879,5623328,76.2
1787235193943,5663616,77.7
1787235194002,5630704,77.7
1787235194058,5608624,77.2
1787235194119,5620864,77.2
1787235194177,5654208,77.5
1787235194231,5661584,77.5
1787235194297,5626800,77.5
1787235194355,5629072,78.1
1787235194421,5718896,78.1
1787235194483,5605152,78.0
1787235194537,5598864,78.0
1787235194595,5582224,77.5
1787235194652,5573648,77.5
1787235194710,5578752,76.8
1787235194768,5595056,76.8
1787235194825,5582992,78.6
1787235194889,5509584,78.6
1787235194950,5455664,77.1
1787235195006,5472224,77.1
1787235195068,5459008,77.5
1787235195129,5368336,77.5
1787235195193,5381456,75.0
1787235195257,5423008,75.0
1787235195322,5448336,77.4
1787235195381,5382736,77.4
1787235195444,5392416,77.8
1787235195507,5341328,77.8
1787235195571,5324432,79.0
1787235195635,5343344,79.0
1787235195701,5316640,77.9
1787235195759,5318832,77.9
1787235195817,5288320,78.3
1787235195879,5220192,78.3
1787235195945,5165840,77.8
1787235196006,5194112,77.8
1787235196070,5261792,79.8
1787235196136,5249024,79.8
1787235196200,5442288,77.8
1787235196257,5499680,77.8
1787235196319,5433392,79.3
1787235196375,5363392,79.3
1787235196442,5373680,77.2
1787235196499,5432832,77.2
1787235196565,5455856,74.1
1787235196621,5451232,74.1
1787235196678,5549920,70.0
1787235196743,5528256,70.0
1787235196804,5507472,71.8
1787235196861,5485072,71.8
1787235196922,5489104,71.8
1787235196977,5443872,73.8
1787235197033,5415936,73.8
1787235197092,5347392,75.7
1787235197158,5338080,75.7
1787235197220,5351280,76.3
1787235197274,5275344,76.3
1787235197327,5252896,76.0
1787235197391,5268336,76.0
1787235197444,5284752,75.6
1787235197510,5245648,75.6
1787235197576,5234224,76.5
1787235197641,5239648,76.5
1787235197698,5375552,80.4
1787235197754,5642224,80.4
1787235197814,5618288,79.9
1787235197871,5606544,79.9
1787235197928,5653344,76.6
1787235197991,5641936,76.6
1787235198054,5619680,74.2
1787235198116,5676896,74.2
1787235198172,5707440,74.2
1787235198227,5698576,73.3
1787235198282,5705648,73.3
1787235198350,5690208,70.9
1787235198415,5606928,70.9
1787235198484,5585632,67.0
1787235198543,5618688,67.0
1787235198600,5622896,67.6
1787235198654,5669328,67.6
1787235198713,5619008,71.0
1787235198773,5627936,71.0
1787235198835,5589184,72.6
1787235198895,5596224,72.6
1787235198960,5577472,74.4
1787235199014,5496208,74.4
1787235199072,5452496,74.9
1787235199132,5426656,74.9
1787235199193,5421696,75.8
1787235199259,5418832,75.8
1787235199320,5399824,75.1
1787235199384,5352304,75.1
1787235199443,5338416,74.6
1787235199497,5340208,74.6
1787235199559,5279776,74.8
1787235199617,5255952,74.8
1787235199683,5219568,74.2
1787235199745,5167712,74.2
1787235199801,5104672,73.9
1787235199862,5099888,73.9
1787235199918,5115872,73.9
1787235199981,5138992,74.5
1787235200037,5142016,74.5
1787235200102,5093712,76.2
1787235200164,4992064,76.2
1787235200229,4991136,75.9
1787235200287,4973104,75.9
1787235200352,4959440,76.2
1787235200412,4967936,76.2
1787235200472,4994560,77.8
1787235200531,5018208,77.8
1787235200593,5012192,75.5
1787235200648,5021728,75.5
1787235200709,5007440,77.8
1787235200772,5032800,77.8
1787235200835,5004240,76.3
1787235200895,4963248,76.3
1787235200952,4988384,76.3
1787235201012,4974224,76.3
1787235201077,5008288,76.0
1787235201139,5004464,76.0
1787235201195,5016832,77.7
1787235201260,5076208,77.7
1787235201317,5033776,75.9
1787235201382,4995904,75.9
1787235201440,4928496,75.3
1787235201507,4832416,75.3
1787235201566,4795296,72.9
1787235201622,4876304,72.9
1787235201679,4868320,76.9
1787235201744,4874432,76.9
1787235201810,4844224,77.8
1787235201867,4846928,77.8
1787235201933,4841312,78.0
1787235201996,4843232,78.0
1787235202062,4864048,77.2
1787235202119,4825104,77.2
1787235202174,4846272,77.2
1787235202240,4833344,77.0
1787235202300,4856160,77.0
1787235202365,4866240,77.4
1787235202427,4938096,77.4
1787235202485,4949840,78.1
1787235202551,4911088,78.1
1787235202613,4977920,77.5
1787235202679,4946192,77.4
1787235202736,4959664,77.4
1787235202792,4953776,77.4
1787235202858,4936784,79.2
1787235202912,4962080,79.2
1787235202966,5001040,76.9
1787235203029,4908832,76.9
1787235203087,4957056,74.6
1787235203152,4965360,74.6
1787235203213,4932432,75.1
1787235203277,4975920,75.1
1787235203334,4973200,76.0
1787235203395,4986976,76.0
1787235203453,4925296,76.0
1787235203517,4857056,76.0
1787235203579,4824480,74.8
1787235203639,4825312,74.8
1787235203693,4838576,75.6
1787235203751,4806752,75.6
1787235203808,4775744,76.2
1787235203862,4796496,76.2
1787235203927,4790224,76.2
1787235203987,4817136,77.7
1787235204048,4814976,77.7
1787235204106,4805280,77.7
1787235204166,4790896,77.7
1787235204221,4766576,76.8
1787235204281,4746400,76.8
1787235204346,4773424,77.8
1787235204411,4800944,77.8
1787235204465,4866256,79.3
1787235204521,5005408,79.3
1787235204577,4992000,81.3
1787235204639,5022848,81.3
1787235204702,5076080,85.6
1787235204758,5118064,85.6
1787235204811,5183248,88.9
1787235204876,5241456,88.9
1787235204933,5249120,92.5
1787235204996,5280528,92.5
1787235205050,5326656,92.5
1787235205110,5352288,94.0
1787235205168,5372832,94.0
1787235205233,5412240,97.3
1787235205298,5434192,97.3
1787235205353,5446288,96.3
1787235205418,5465200,96.3
1787235205479,5470096,96.7
1787235205533,5460208,96.7
1787235205593,5476448,97.6
1787235205657,5509488,97.6
1787235205717,5536512,98.9
1787235205777,5566576,98.9
1787235205841,5590752,98.5
1787235205896,5596544,98.5
1787235205961,5421296,98.8
1787235206019,5237888,98.8
1787235206079,5149248,98.8
1787235206143,5107120,98.8
1787235206196,5113024,98.5
1787235206256,5102896,98.5
1787235206312,5089024,95.8
1787235206366,5066400,95.8
1787235206424,5066096,95.8
1787235206487,4987200,91.5
1787235206542,4971584,91.5
1787235206603,4918640,89.7
1787235206666,4850560,89.7
1787235206731,4823552,86.8
1787235206793,4834816,86.8
1787235206852,4822720,80.2
1787235206914,4790688,80.2
1787235206977,4778768,75.7
1787235207036,4739408,75.7
1787235207097,4724912,78.2
1787235207159,4694944,78.2
1787235207223,4718064,79.5
1787235207282,4689072,79.5
1787235207337,4690544,81.1
1787235207393,4715696,81.1
1787235207449,4761168,80.6
1787235207513,4813968,80.6
1787235207575,4828464,80.2
1787235207638,4878832,80.2
1787235207696,4922176,82.6
1787235207755,4934064,82.6
1787235207813,4980352,78.7
1787235207868,5056848,78.7
1787235207926,5129024,78.7
1787235207986,5203520,79.3
1787235208043,5203664,79.3
1787235208108,5204560,82.3
1787235208171,5195424,82.3
1787235208226,5201440,81.0
1787235208290,5233456,81.0
1787235208356,5249376,82.3
1787235208418,5409552,82.3
1787235208473,5389920,83.8
1787235208539,5349248,83.8
1787235208597,5250320,77.5
1787235208655,5186032,77.5
1787235208716,5162320,76.9
1787235208780,5184320,76.9
1787235208846,5120400,79.0
1787235208908,5088784,79.0
1787235208974,5121344,79.8
1787235209029,5088528,79.8
1787235209092,4986704,81.9
1787235209156,4966256,81.9
1787235209218,4944304,80.3
1787235209282,5267120,80.3
1787235209344,5252944,85.0
1787235209408,5200176,85.0
1787235209471,5196176,82.4
1787235209526,5237248,82.4
1787235209582,5263280,85.9
1787235209645,5183024,85.9
1787235209705,5195392,84.7
1787235209769,5171712,84.7
1787235209830,5139504,84.3
1787235209897,5111200,84.3
1787235209963,5058240,83.1
1787235210024,5009696,83.1
1787235210088,5296672,83.4
1787235210143,5363040,83.4
1787235210205,5335952,81.1
1787235210261,5366640,81.1
1787235210322,5435072,81.4
1787235210383,5428592,81.4
1787235210440,5410176,83.0
1787235210507,5432848,83.0
1787235210564,5432480,81.8
1787235210622,5428032,81.8
1787235210677,5412784,81.8
1787235210738,5428848,82.6
1787235210796,5388256,82.6
1787235210860,5391520,85.5
1787235210914,5345360,85.5
1787235210979,5335664,81.3
1787235211042,5363088,81.3
1787235211098,5362832,82.5
1787235211162,5323472,82.5
1787235211225,5324688,79.8
1787235211279,5299840,79.8
1787235211343,5399712,79.9
1787235211403,5553296,79.9
1787235211463,5523168,81.8
1787235211524,5474992,81.8
1787235211588,5450592,78.6
1787235211650,5391248,78.6
1787235211713,5408208,75.3
1787235211769,5519296,75.3
1787235211833,5571616,75.6
1787235211890,5538800,75.6
1787235211954,5542160,75.1
1787235212009,5540544,75.1
1787235212073,5555280,75.7
1787235212135,5574000,75.7
1787235212191,5589232,74.5
1787235212246,5610000,74.5
1787235212310,5666352,74.5
1787235212370,5681536,75.0
1787235212428,5676160,75.0
1787235212492,5697760,76.5
1787235212552,5726272,76.5
1787235212614,5749392,77.1
1787235212672,5755968,77.1
1787235212730,5743760,77.7
1787235212795,5685072,77.7
1787235212854,5689360,79.6
1787235212918,5710736,79.6
1787235212983,5698272,78.5
1787235213048,5706736,78.5
1787235213113,5712288,78.9
1787235213174,5672288,78.9
1787235213240,5631808,78.6
1787235213304,5673648,78.6
1787235213367,5661232,78.9
1787235213431,5637024,78.9
1787235213491,5595952,78.9
1787235213556,5571856,78.9
1787235213621,5589440,77.7
1787235213678,5608960,77.7
1787235213735,5590224,77.2
1787235213792,5600720,77.2
1787235213847,5619424,77.7
1787235213905,5550208,77.7
1787235213963,5558208,77.6
1787235214028,5553568,77.6
1787235214092,5574928,78.8
1787235214147,5576096,78.8
1787235214208,5660592,79.7
1787235214264,5659920,79.7
1787235214329,5676912,77.8
1787235214391,5692288,77.8
1787235214455,5730784,80.1
1787235214509,5733728,80.1
1787235214568,5764160,82.2
1787235214628,5727024,82.2
1787235214693,5720304,79.9
1787235214749,5705456,79.9
1787235214812,5749632,79.9
1787235214869,5735104,75.5
1787235214934,5675152,75.5
1787235214993,5631872,72.8
1787235215050,5508624,72.8
1787235215110,5632048,71.9
1787235215165,5602560,71.9
1787235215224,5526608,71.6
1787235215282,5512960,71.6
1787235215339,5448848,71.6
1787235215395,5495792,71.6
1787235215449,5510384,68.5
1787235215512,5495936,68.5
1787235215574,5439456,69.3
1787235215637,5415552,69.3
1787235215708,5414896,67.5
1787235215766,5455648,67.5
1787235215821,5441264,70.7
1787235215886,5517152,70.7
1787235215949,5521904,75.0
1787235216014,5522896,75.0
1787235216068,5518288,76.4
1787235216132,5529920,76.4
1787235216188,5528976,76.4
1787235216251,5515216,78.3
1787235216316,5532704,78.5
1787235216370,5529760,78.5
1787235216427,5718640,78.5
1787235216485,5720128,79.9
1787235216543,5697600,79.9
1787235216605,5696272,77.9
1787235216669,5782016,77.9
1787235216728,5800112,76.3
1787235216787,5793472,76.3
1787235216848,5800384,73.2
1787235216906,5789792,73.2
1787235216972,5755904,68.7
1787235217035,5804656,68.7
1787235217098,5834464,71.8
1787235217161,5858624,71.8
1787235217224,5785968,72.7
1787235217287,5855104,72.7
1787235217344,5869632,72.9
1787235217408,5874608,72.9
1787235217466,5880128,73.8
1787235217530,5897936,73.8
1787235217588,5872832,75.4
1787235217644,5861168,75.4
1787235217707,5788448,76.2
1787235217771,5807136,76.2
1787235217828,5765632,76.7
1787235217893,5739072,76.7
1787235217953,5750816,75.7
1787235218017,5749408,75.7
1787235218072,5753120,76.0
1787235218136,5708624,76.0
1787235218204,5687808,78.1
1787235218263,5668128,78.1
1787235218317,5695968,77.1
1787235218382,5694080,77.1
1787235218435,5685936,77.1
1787235218500,5646464,77.7
1787235218566,5677856,77.7
1787235218629,5682272,77.5
1787235218695,5610480,76.7
1787235218753,5543408,76.7
1787235218818,5605280,76.2
1787235218877,5598880,76.2
1787235218942,5629936,76.2
1787235219006,5634240,75.6
1787235219069,5612880,74.5
1787235219133,5614448,74.5
1787235219194,5604320,75.7
1787235219254,5599232,75.7
1787235219320,5622944,74.7
1787235219381,5619872,74.7
1787235219436,5551120,74.7
1787235219501,5517024,74.1
1787235219561,5532688,74.1
1787235219617,5528400,75.1
1787235219676,5512848,75.1
1787235219741,5527552,75.0
1787235219806,5534688,75.0
1787235219862,5530176,76.0
1787235219921,5536384,76.0
1787235219982,5550176,75.8
1787235220040,5524896,75.8
1787235220104,5532320,77.5
1787235220164,5544560,77.5
1787235220228,5535120,78.3
1787235220289,5602432,78.3
1787235220353,5591792,75.9
1787235220417,5637920,75.9
1787235220484,5644384,76.9
1787235220546,5675600,76.9
1787235220609,5689952,75.9
1787235220668,5737440,75.9
1787235220728,5731552,77.5
1787235220785,5761280,77.5
1787235220840,5775920,77.7
1787235220897,5853232,77.7
1787235220963,5806864,76.6
1787235221030,5769280,76.6
1787235221095,5881424,74.7
1787235221160,5873168,74.7
1787235221220,5904208,75.9
1787235221280,5860400,75.9
1787235221334,5907328,76.2
1787235221397,5909024,76.2
1787235221455,5878192,77.7
1787235221511,5858448,77.7
1787235221565,5820496,77.7
1787235221629,5826048,78.4
1787235221692,5822864,78.4
1787235221757,5795568,76.9
1787235221817,5789056,76.9
1787235221874,5795536,76.6
1787235221933,5757392,76.6
1787235221998,5725392,76.2
1787235222054,5744224,76.2
1787235222118,5686688,77.5
1787235222184,5655488,77.5
1787235222245,5632432,75.7
1787235222304,5605568,75.7
1787235222370,5624800,75.0
1787235222431,5553264,75.0
1787235222489,5568832,75.6
1787235222547,5596688,75.6
1787235222611,5766208,76.5
1787235222678,5636928,76.5
1787235222743,5755936,78.5
1787235222797,5741680,78.5
1787235222856,5721104,74.8
1787235222921,5697792,74.8
1787235222976,5694832,73.8
1787235223036,5681088,73.8
1787235223101,5702304,73.0
1787235223161,5698064,73.0
1787235223220,5738496,73.0
1787235223277,5779408,73.0
1787235223340,5789440,70.8
1787235223395,5797184,70.8
1787235223461,5758192,70.5
1787235223520,5751440,70.5
1787235223576,5761424,67.1
1787235223641,5761520,67.1
1787235223697,5784640,65.3
1787235223762,5731792,65.3
1787235223826,5725440,66.1
1787235223882,5731760,66.1
1787235223947,5736656,66.7
1787235224011,5811168,66.7
1787235224067,5799776,66.7
1787235224132,5768160,72.9
1787235224195,5784080,72.9
1787235224258,5826160,75.3
1787235224318,5806464,75.3
1787235224372,5816816,74.3
1787235224436,5830448,74.3
1787235224496,5817200,77.2
1787235224554,5828304,77.2
1787235224616,5806880,74.6
1787235224675,5757680,74.6
1787235224741,5754224,75.4
1787235224795,5766352,75.4
1787235224857,5765776,75.0
1787235224922,5728400,75.0
1787235224988,5769648,74.1
1787235225055,5760368,74.1
1787235225119,5725856,74.8
1787235225177,5707808,74.8
1787235225232,5716352,75.1
1787235225296,5707248,75.1
1787235225355,5709072,75.1
1787235225417,5690864,75.1
1787235225479,5678528,75.1
1787235225542,5682544,75.1
1787235225605,5676016,75.7
1787235225664,5619120,75.7
1787235225721,5551472,76.2
1787235225784,5484800,76.2
1787235225850,5515440,75.3
1787235225911,5539856,75.3
1787235225976,5554464,78.6
1787235226034,5545696,78.6
1787235226096,5567104,76.6
1787235226159,5560768,76.6
1787235226217,5556144,78.3
1787235226281,5591408,78.3
1787235226336,5572288,77.5
1787235226391,5578864,77.5
1787235226454,5559008,78.4
1787235226507,5549280,78.4
1787235226567,5545728,78.4
1787235226630,5533648,77.2
1787235226687,5587664,77.2
1787235226745,5562240,78.1
1787235226808,5506832,78.1
1787235226862,5460848,74.5
1787235226920,5413040,74.5
1787235226986,5408432,74.0
1787235227040,5433392,74.0
1787235227096,5373040,75.0
1787235227159,5378864,75.0
1787235227223,5404608,75.7
1787235227282,5416704,75.7
1787235227346,5541552,76.8
1787235227409,5707584,76.8
1787235227474,5668848,77.9
1787235227534,5650256,77.9
1787235227593,5529360,73.6
1787235227652,5503184,73.6
1787235227711,5504688,72.5
1787235227768,5523680,72.5
1787235227827,5487792,70.8
1787235227894,5460048,70.8
1787235227952,5444912,65.4
1787235228011,5445568,65.4
1787235228073,5513984,65.4
1787235228133,5497248,65.2
1787235228189,5459664,65.2
1787235228252,5492656,65.3
1787235228310,5554000,65.3
1787235228374,5558096,64.7
1787235228437,5561360,64.7
1787235228491,5548128,65.4
1787235228549,5532368,65.4
1787235228613,5529264,64.8
1787235228679,5527296,64.8
1787235228735,5511376,64.4
1787235228798,5512480,64.4
1787235228854,5552752,65.6
1787235228918,5455232,65.6
1787235228982,5466912,68.5
1787235229041,5552336,68.5
1787235229095,5598848,72.1
1787235229157,5626096,72.1
1787235229221,5610352,75.1
1787235229287,5562336,75.1
1787235229350,5576544,75.5
1787235229412,5574464,75.5
1787235229477,5579376,76.2
1787235229538,5585136,76.2
1787235229596,5574816,77.5
1787235229658,5546272,77.5
1787235229720,5444304,74.1
1787235229785,5515056,74.1
1787235229841,5504128,75.8
1787235229900,5464592,75.8
1787235229953,5471408,73.4
1787235230017,5480768,73.4
1787235230074,5428400,73.4
1787235230137,5370096,72.9
1787235230202,5250496,70.9
1787235230269,5247376,70.9
1787235230325,5352176,70.9
1787235230386,5441184,69.6
1787235230452,5429760,69.6
1787235230512,5410544,69.7
1787235230572,5379776,69.7
1787235230637,5411584,66.9
1787235230702,5416016,66.9
1787235230758,5396752,67.9
1787235230817,5417312,67.9
1787235230881,5381264,64.3
1787235230947,5412224,64.3
1787235231007,5435488,66.4
1787235231068,5529616,66.4
1787235231126,5590192,71.2
1787235231191,5580448,71.2
1787235231255,5581856,74.1
1787235231313,5602128,74.1
1787235231367,5573264,74.5
1787235231422,5583648,74.5
1787235231477,5561520,75.1
1787235231534,5596224,75.1
1787235231595,5614848,76.2
1787235231657,5679344,76.2
1787235231720,5849968,77.2
1787235231781,5683664,77.2
1787235231837,5667744,74.6
1787235231896,5652048,74.6
1787235231955,5618976,74.7
1787235232017,5578496,74.7
1787235232081,5573760,75.6
1787235232142,5492304,75.6
1787235232196,5510368,75.6
1787235232251,5483664,75.7
1787235232312,5478304,75.7
1787235232378,5413984,74.7
1787235232444,5401664,74.7
1787235232508,5412000,74.6
1787235232565,5412832,74.6
1787235232627,5406464,76.0
1787235232691,5388224,76.0
1787235232756,5381344,75.8
1787235232821,5374640,75.8
1787235232878,5338560,75.7
1787235232937,5385536,75.7
1787235233002,5347936,74.0
1787235233061,5330784,74.0
1787235233124,5348544,76.0
1787235233182,5339664,76.0
1787235233242,5319168,75.6
1787235233296,5327664,75.6
1787235233351,5339776,77.3
1787235233412,5337728,77.3
1787235233473,5295936,76.4
1787235233537,5359792,76.4
1787235233600,5327024,75.2
1787235233657,5366496,75.2
1787235233714,5401792,76.2
1787235233779,5413520,76.2
1787235233836,5413104,76.3
1787235233900,5472496,76.3
1787235233958,5473616,77.6
1787235234015,5522048,77.6
1787235234081,5431136,76.6
1787235234142,5430720,76.6
1787235234204,5399888,76.6
1787235234268,5456544,76.6
1787235234326,5465712,76.6
1787235234385,5444144,76.8
1787235234440,5477552,76.8
1787235234503,5482656,77.7
1787235234565,5476720,77.7
1787235234630,5473184,77.2
1787235234685,5464608,77.2
1787235234747,5434576,77.1
1787235234806,5365904,77.1
1787235234872,5340832,75.6
1787235234927,5325632,75.6
1787235234983,5336224,76.6
1787235235049,5329328,76.6
1787235235110,5368752,76.3
1787235235167,5313744,76.3
1787235235232,5352640,76.1
1787235235287,5363792,76.1
1787235235344,5341104,78.6
1787235235402,5340176,78.6
1787235235467,5318048,76.8
1787235235532,5362832,76.8
1787235235592,5358480,76.2
1787235235655,5421280,76.2
1787235235717,5462720,75.6
1787235235774,5456192,75.6
1787235235840,5279280,73.3
1787235235899,5203184,73.3
1787235235965,5179264,73.9
1787235236027,5132832,73.9
1787235236087,5170704,74.8
1787235236143,5177216,74.8
1787235236200,5202832,74.8
1787235236263,5222224,76.2
1787235236328,5223664,76.2
1787235236388,5178672,78.2
1787235236452,5181728,78.2
1787235236515,5207488,75.1
1787235236579,5248880,75.1
1787235236644,5243888,75.0
1787235236702,5199824,75.0
1787235236759,5216064,77.3
1787235236822,5181232,77.3
1787235236886,5176544,75.1
1787235236947,5184096,75.1
1787235237004,5135936,77.4
1787235237067,5166560,77.4
1787235237124,5152608,76.8
1787235237189,5134144,76.8
1787235237252,5144800,77.1
1787235237318,5178896,77.1
1787235237377,5297840,77.2
1787235237435,5571424,77.2
1787235237494,5624848,78.4
1787235237555,5645168,78.4
1787235237619,5633248,74.4
1787235237681,5606208,74.4
1787235237742,5589344,72.6
1787235237796,5593408,72.6
1787235237862,5694272,70.4
1787235237919,5805952,70.4
1787235237984,5790336,66.5
1787235238044,5538384,66.5
1787235238108,5516816,63.3
1787235238173,5473760,63.3
1787235238233,5478048,64.5
1787235238297,5403216,64.5
1787235238355,5419200,68.7
1787235238421,5366000,68.7
1787235238478,5344320,71.7
1787235238539,5360992,71.7
1787235238602,5426768,74.5
1787235238667,5390672,74.5
1787235238730,5371808,71.8
1787235238791,5318128,71.8
1787235238849,5257664,70.3
1787235238914,5211168,70.3
1787235238969,5217840,70.1
1787235239029,5193376,70.1
1787235239092,5180496,67.8
1787235239153,5168912,67.8
1787235239216,5145920,67.5
1787235239275,5182240,67.5
1787235239335,5166320,71.1
1787235239394,5151024,71.1
1787235239454,5161792,71.1
1787235239509,5167408,75.6
1787235239572,5230272,75.6
1787235239633,5277744,77.0
1787235239688,5440528,77.0
1787235239749,5437248,79.4
1787235239809,5449136,79.4
1787235239867,5472848,76.2
1787235239927,5408896,76.2
1787235239993,5372544,73.8
1787235240056,5099456,73.8
1787235240121,5111392,68.8
1787235240178,5127552,68.8
1787235240242,5120608,67.8
1787235240304,5172960,67.8
1787235240367,5138080,68.7
1787235240425,5037616,68.7
1787235240484,5019664,67.2
1787235240543,5011696,67.2
1787235240598,4989360,65.4
1787235240662,5000144,65.4
1787235240719,5170144,64.9
1787235240776,5187520,64.9
1787235240840,5216496,68.1
1787235240902,5051312,68.1
1787235240967,4975984,69.3
1787235241031,4936656,69.3
1787235241093,4887440,72.2
1787235241157,4847136,72.2
1787235241220,4872624,72.6
1787235241285,4859680,72.6
1787235241343,4924176,74.8
1787235241400,4965568,74.8
1787235241465,4918720,75.9
1787235241531,4847312,75.9
1787235241596,4818496,76.4
1787235241657,4795328,76.4
1787235241721,4804048,77.1
1787235241780,4836032,77.1
1787235241844,5077216,79.6
1787235241899,5165984,79.6
1787235241964,5131520,75.5
1787235242030,5082736,75.5
1787235242089,5052032,73.0
1787235242146,5029408,73.0
1787235242210,5028752,73.0
1787235242267,5028336,72.1
1787235242323,5042624,72.1
1787235242384,5106864,72.9
1787235242439,5135952,72.9
1787235242495,5078816,72.0
1787235242560,5078656,72.0
1787235242619,5042208,70.7
1787235242685,5015312,70.7
1787235242748,5025024,67.8
1787235242813,5011824,67.8
1787235242872,5046352,68.9
1787235242933,5054896,68.9
1787235242993,5042960,72.4
1787235243048,5074944,72.4
1787235243112,5030928,72.9
1787235243171,5017488,72.9
1787235243233,5053536,73.6
1787235243290,5039792,73.6
1787235243349,5023168,76.0
1787235243414,5201056,76.0
1787235243480,5206576,77.9
1787235243535,5190720,77.9
1787235243590,5160176,76.4
1787235243655,5434384,76.4
1787235243714,5635104,79.2
1787235243773,5412512,79.2
1787235243837,5358992,79.2
1787235243902,5347024,74.2
1787235243967,5342864,72.7
1787235244024,5308512,72.7
1787235244084,5330928,72.7
1787235244140,5428816,69.4
1787235244204,5410752,69.4
1787235244260,5413680,67.7
1787235244325,5515968,67.7
1787235244388,5546272,70.8
1787235244443,5432240,70.8
1787235244502,5446192,72.8
1787235244569,5417488,72.8
1787235244633,5385664,72.3
1787235244698,5383104,72.3
1787235244763,5315200,72.8
1787235244821,5388912,72.8
1787235244877,5377344,71.7
1787235244942,5292576,71.7
1787235245007,5293248,73.0
1787235245071,5274416,73.0
1787235245129,5205056,74.5
1787235245192,5224800,74.5
1787235245258,5232080,77.5
1787235245318,5192320,77.5
1787235245383,5204768,76.7
1787235245449,5138656,76.7
1787235245506,5104352,77.4
1787235245564,5119920,77.4
1787235245622,5105232,75.6
1787235245684,5120384,75.6
1787235245749,5134544,77.1
1787235245811,5218512,77.1
1787235245865,5215264,77.4
1787235245921,5192352,77.4
1787235245979,5149600,79.0
1787235246037,5130000,79.0
1787235246094,5053808,76.0
1787235246150,5086080,76.0
1787235246216,5073856,75.0
1787235246274,5038464,75.0
1787235246328,5081472,75.0
1787235246391,5100848,76.1
1787235246452,5115712,76.1
1787235246517,5149680,76.8
1787235246573,5316064,76.8
1787235246633,5337632,79.7
1787235246696,5534144,79.7
1787235246752,5520192,79.2
1787235246807,5474928,79.2
1787235246872,5444160,76.2
1787235246929,5452768,76.2
1787235246993,5401856,73.5
1787235247059,5316864,73.5
1787235247123,5378704,70.3
1787235247187,5355168,70.3
1787235247255,5244336,66.7
1787235247314,5260736,66.7
1787235247379,5324704,64.8
1787235247435,5339040,64.8
1787235247500,5288912,70.4
1787235247565,5283168,70.4
1787235247623,5198208,71.5
1787235247685,5199744,71.5
1787235247746,5207744,73.7
1787235247800,5185760,73.7
1787235247865,5230192,74.6
1787235247918,5225840,74.6
1787235247981,5252784,75.1
1787235248039,5149552,75.1
1787235248094,5156624,76.8
1787235248154,5136048,76.8
1787235248217,5091104,75.1
1787235248281,5089024,75.1
1787235248346,5070688,74.7
1787235248400,5076544,74.7
1787235248463,5029296,74.7
1787235248529,5004352,77.7
1787235248595,4975472,74.7
1787235248651,4945248,74.7
1787235248712,4962368,74.7
1787235248769,4955536,77.1
1787235248826,4939696,77.1
1787235248882,5011456,76.4
1787235248946,5009616,76.4
1787235249011,5027136,77.1
1787235249069,5043152,77.1
1787235249135,5039488,75.7
1787235249198,5031904,75.7
1787235249268,4870608,76.2
1787235249333,4864976,76.2
1787235249398,4909888,74.0
1787235249455,5081712,74.0
1787235249515,4930704,75.4
1787235249579,4867360,75.4
1787235249643,4853744,73.8
1787235249707,4868528,73.8
1787235249764,4864368,75.3
1787235249821,4843824,75.3
1787235249883,4866480,75.9
1787235249943,4836096,75.9
1787235250006,4853872,75.1
1787235250069,4923152,75.1
1787235250133,4818432,77.2
1787235250197,4778176,77.2
1787235250258,4769200,74.5
1787235250321,4745440,74.5
1787235250375,4758384,75.2
1787235250436,4766656,75.2
1787235250501,4723936,76.2
1787235250557,4712320,76.2
1787235250613,4695568,75.1
1787235250670,4789936,75.1
1787235250724,4802048,75.1
1787235250789,4762544,75.1
1787235250853,4848656,75.4
1787235250916,4920928,75.4
1787235250979,4897008,79.4
1787235251044,4844064,79.4
1787235251106,4863904,78.5
1787235251172,4867184,78.5
1787235251229,4901776,77.8
1787235251287,4853632,77.8
1787235251351,4883952,76.8
1787235251412,4865200,76.8
1787235251480,4854112,78.7
1787235251545,4880304,78.7
1787235251603,4936624,77.2
1787235251668,4953312,77.2
1787235251732,4909984,78.4
1787235251798,4896720,78.4
1787235251856,4895072,76.0
1787235251920,4880080,76.0
1787235251974,4883312,75.8
1787235252039,4898560,75.8
1787235252102,4856976,76.2
1787235252163,4875984,76.2
1787235252219,4886064,76.4
1787235252284,4826016,76.4
1787235252348,4925760,76.9
1787235252404,4981696,76.9
1787235252465,5167552,76.9
1787235252529,5148832,77.2
1787235252588,5104288,77.2
1787235252652,5078048,74.4
1787235252714,5070768,74.4
1787235252779,5060992,73.0
1787235252840,5063936,73.0
1787235252905,5126352,71.2
1787235252966,5221408,71.2
1787235253029,5132496,70.1
1787235253088,5069168,70.1
1787235253143,5070272,70.2
1787235253208,5105648,70.2
1787235253270,5157312,71.2
1787235253335,5173408,71.2
1787235253401,5163552,74.8
1787235253466,5118032,74.8
1787235253523,5075504,74.5
1787235253583,5068352,74.5
1787235253646,5073552,75.7
1787235253706,5047392,75.7
1787235253770,5125376,78.0
1787235253829,5190784,78.0
1787235253896,5197008,78.8
1787235253956,5196048,78.8
1787235254016,5201632,77.1
1787235254077,5192096,77.1
1787235254138,5110064,76.9
1787235254199,5089392,76.9
1787235254264,5086960,76.0
1787235254328,5079904,76.0
1787235254384,5074880,75.9
1787235254439,5109232,75.9
1787235254500,5474432,80.6
1787235254562,5461280,80.6
1787235254619,5474080,76.0
1787235254685,5418432,76.0
1787235254745,5389776,74.1
1787235254807,5369328,74.1
1787235254864,5382848,72.3
1787235254921,5387376,72.3
1787235254983,5375696,71.8
1787235255043,5328768,71.8
1787235255108,5496960,71.6
1787235255166,5525664,71.6
1787235255226,5536880,73.6
1787235255287,5393440,73.6
1787235255347,5334960,73.6
1787235255405,5256016,71.4
1787235255471,5276128,71.4
1787235255530,5249792,70.6
1787235255588,5215040,70.6
1787235255650,5211600,68.8
1787235255707,5201440,68.8
1787235255772,5169920,69.9
1787235255837,5217040,69.9
1787235255901,5075952,68.4
1787235255967,5060528,68.4
1787235256023,5048272,67.0
1787235256088,5053472,67.0
1787235256146,5036688,71.4
1787235256212,5041744,71.4
1787235256270,5046992,70.2
1787235256338,5033904,70.2
1787235256392,5084080,70.8
1787235256453,5062352,70.8
1787235256512,5057536,73.5
1787235256575,5048336,73.5
1787235256631,5040640,76.8
1787235256695,5078448,76.8
1787235256761,5019088,77.3
1787235256820,5003024,77.3
1787235256879,5002528,77.6
1787235256936,4940496,77.6
1787235256999,4911216,76.7
1787235257060,4927936,76.7
1787235257117,4929520,77.2
1787235257180,4960432,77.2
1787235257247,4919824,78.9
1787235257302,4910496,78.9
1787235257366,4905776,77.5
1787235257427,4936112,77.5
1787235257488,4927120,78.0
1787235257549,4957568,78.0
1787235257607,4897280,76.9
1787235257671,4877680,76.9
1787235257725,4940576,76.8
1787235257789,4951024,76.8
1787235257851,4994624,76.8
1787235257910,4951312,76.0
1787235257969,5000496,76.0
1787235258024,5174208,76.5
1787235258079,5194736,76.5
1787235258137,5097952,76.6
1787235258202,4899008,76.6
1787235258267,4927040,74.2
1787235258328,4968016,74.2
1787235258389,4982192,75.6
1787235258443,4996896,75.6
1787235258510,4963616,75.1
1787235258574,4967632,75.1
1787235258637,4823696,74.1
1787235258693,4870464,74.1
1787235258754,4810272,73.6
1787235258818,4786880,73.6
1787235258876,4761088,74.6
1787235258940,4714864,74.6
1787235258998,4718160,73.6
1787235259060,4677824,73.6
1787235259115,4683504,76.5
1787235259180,4693184,76.5
1787235259246,4686736,76.0
1787235259309,4663040,76.0
1787235259372,4687072,75.0
1787235259431,4661472,75.0
1787235259496,4664704,76.5
1787235259557,4695536,76.5
1787235259617,4702560,78.6
1787235259676,4700976,78.6
1787235259730,4647264,76.9
1787235259792,4654896,76.9
1787235259846,4703824,76.9
1787235259907,4680400,77.0
1787235259963,4664256,77.0
1787235260030,4735440,76.4
1787235260088,4683424,76.4
1787235260151,4600208,77.1
1787235260217,4612800,77.1
1787235260282,4639408,78.6
1787235260347,4656320,78.6
1787235260406,4691728,76.3
1787235260460,4730976,76.3
1787235260525,4625376,77.0
1787235260589,4618016,77.0
1787235260651,4590848,74.9
1787235260710,4545984,74.9
1787235260774,4445952,74.1
1787235260838,4839456,74.1
1787235260893,4888032,79.8
1787235260955,5043440,79.8
1787235261015,5063440,78.0
1787235261074,4897056,78.0
1787235261141,4874208,72.4
1787235261206,4846560,72.4
1787235261262,4870480,71.2
1787235261327,4908400,71.2
1787235261391,5023152,73.5
1787235261456,5125008,73.5
1787235261518,5180112,75.3
1787235261583,5170400,75.3
1787235261647,5093504,76.8
1787235261708,5020576,76.8
1787235261761,5024912,74.0
1787235261822,4956608,74.0
1787235261877,5013168,75.6
1787235261940,4930912,75.6
1787235262003,4789600,75.4
1787235262065,4701008,75.4
1787235262121,4991824,76.9
1787235262184,4998528,76.9
1787235262250,4956704,77.6
1787235262314,4981040,77.6
1787235262373,4912368,76.2
1787235262428,4940480,76.2
1787235262490,4911456,79.5
1787235262547,4908256,79.5
1787235262602,4883360,79.5
1787235262661,4878752,78.1
1787235262724,4882448,78.1
1787235262781,4901664,78.6
1787235262837,4890768,78.6
1787235262901,4881168,78.3
1787235262956,4872496,78.3
1787235263024,4849344,78.4
1787235263084,4801184,78.4
1787235263146,4822864,77.9
1787235263210,4880352,77.9
1787235263277,4893104,79.0
1787235263333,4893776,79.0
1787235263391,4963360,77.5
1787235263451,4988224,77.5
1787235263513,4967632,77.7
1787235263571,4965040,77.7
1787235263635,4964400,76.8
1787235263693,4988480,76.8
1787235263759,5005936,76.9
1787235263818,5022736,76.9
1787235263878,5182400,77.2
1787235263936,5154112,77.2
1787235264000,5025824,73.4
1787235264054,5004080,73.4
1787235264117,5043152,74.5
1787235264179,5030208,74.5
1787235264239,5060672,78.7
1787235264292,5038256,78.7
1787235264356,5021648,76.0
1787235264420,5025456,76.0
1787235264479,5054656,76.0
1787235264542,5113856,77.1
1787235264605,5106624,75.7
1787235264667,5093296,75.7
1787235264728,5083888,75.7
1787235264791,5091328,76.1
1787235264856,5131456,76.4
1787235264921,5102352,76.4
1787235264983,5093664,76.7
1787235265046,5016048,76.7
1787235265110,4950144,75.0
1787235265165,4971264,75.0
1787235265221,4989104,75.0
1787235265282,4964480,76.9
1787235265346,5006608,76.9
1787235265411,4999904,76.3
1787235265475,4976800,76.3
1787235265537,4938720,80.4
1787235265603,4939008,80.4
1787235265668,4893552,76.3
1787235265727,4914304,76.3
1787235265787,4903792,76.1
1787235265852,4908528,76.1
1787235265915,4718784,77.0
1787235265977,4520480,77.0
1787235266034,4367456,71.0
1787235266100,4306928,71.0
1787235266155,4305792,72.1
1787235266213,4387008,72.1
1787235266270,4456288,75.8
1787235266335,4472960,75.8
1787235266393,4507488,74.2
1787235266447,4558080,74.2
1787235266504,4477712,77.3
1787235266570,4482112,77.3
1787235266627,4109008,72.5
1787235266691,4204448,72.5
1787235266749,4357072,73.3
1787235266813,4342304,73.3
1787235266874,4337152,73.2
1787235266929,4397776,73.2
1787235266990,4395008,74.3
1787235267051,4306016,74.3
1787235267108,4299744,74.3
1787235267163,4386608,74.3
1787235267221,4538816,74.3
1787235267284,4684880,73.6
1787235267345,4746864,73.6
1787235267415,4705648,69.2
1787235267470,4579792,69.2
1787235267534,4549552,63.8
1787235267593,4551712,63.8
1787235267650,4601168,68.7
1787235267712,4609312,68.7
1787235267769,4656704,71.5
1787235267833,4594272,71.5
1787235267896,4812672,74.6
1787235267953,4861664,74.6
1787235268016,4840304,79.1
1787235268079,4740608,79.1
1787235268143,4764080,78.0
1787235268204,4722336,78.0
1787235268267,4729408,78.4
1787235268324,4741040,78.4
1787235268380,4805408,78.0
1787235268437,4836960,78.0
1787235268500,4816944,77.9
1787235268555,4827856,77.9
1787235268609,4810880,77.9
1787235268665,4832928,79.0
1787235268722,4827376,79.0
1787235268781,4816288,77.4
1787235268836,4799792,77.4
1787235268894,4692368,78.4
1787235268948,4697136,78.4
1787235269014,4686640,77.1
1787235269069,4703472,77.1
1787235269131,4698224,76.6
1787235269196,4728224,76.6
1787235269261,4711712,77.2
1787235269316,4777280,77.2
1787235269380,4784000,77.5
1787235269441,4832576,77.5
1787235269502,4901072,78.7
1787235269559,4961056,78.7
1787235269621,5088592,78.9
1787235269682,5191024,78.9
1787235269745,4943776,75.9
1787235269803,5293696,75.9
1787235269858,5297856,75.9
1787235269916,5290656,78.4
1787235269973,5291712,78.4
1787235270032,5257536,76.9
1787235270097,5234912,76.9
1787235270153,5232624,72.6
1787235270215,5243472,72.6
1787235270275,5324560,69.3
1787235270340,5188656,69.3
1787235270399,5167472,63.4
1787235270465,5165936,63.4
1787235270529,5172160,65.4
1787235270594,5203984,65.4
1787235270649,5200128,70.3
1787235270707,5177312,70.3
1787235270765,5138256,73.5
1787235270829,5159840,73.5
1787235270885,5159024,75.6
1787235270940,5162704,75.6
1787235270999,5145568,75.3
1787235271060,5171440,75.3
1787235271115,5133024,77.2
1787235271178,5114336,77.2
1787235271233,5076640,77.2
1787235271296,5091984,76.8
1787235271355,5077456,76.8
1787235271413,5072720,77.3
1787235271470,5052192,77.3
1787235271534,5000240,78.4
1787235271597,4950064,78.4
1787235271655,4928272,75.6
1787235271714,4868288,75.6
1787235271779,4602960,70.6
1787235271844,4609776,70.6
1787235271903,4585120,72.3
1787235271962,4594448,72.3
1787235272017,4627024,74.5
1787235272080,4584208,74.5
1787235272141,4567760,74.8
1787235272204,4598944,74.8
1787235272266,4584160,76.5
1787235272327,4573040,76.5
1787235272395,4569824,75.7
1787235272453,4623776,75.7
1787235272513,4790272,76.5
1787235272573,4831328,76.5
1787235272641,4802096,76.3
1787235272697,4782864,76.3
1787235272757,4731968,75.4
1787235272819,4726048,75.4
1787235272876,4727040,75.3
1787235272935,4963600,75.3
1787235272994,4994528,78.4
1787235273048,5010256,78.4
1787235273113,5028656,78.5
1787235273175,5076880,78.5
1787235273232,5154032,78.5
1787235273287,5120784,78.8
1787235273344,5216432,78.8
1787235273398,5209040,79.2
1787235273456,5167296,79.2
1787235273519,5215024,78.3
1787235273584,5187600,78.3
1787235273639,5151184,76.2
1787235273704,5136240,76.2
1787235273762,5142048,77.0
1787235273826,5107280,77.0
1787235273889,4802256,73.8
1787235273947,4939280,73.8
1787235274007,4858864,72.4
1787235274069,4841568,72.4
1787235274129,4830224,72.0
1787235274185,4832208,72.0
1787235274241,4833616,71.2
1787235274302,4794384,71.2
1787235274362,4773168,71.2
1787235274428,4737728,69.0
1787235274490,4711424,67.0
1787235274555,4727696,67.0
1787235274623,4335168,64.4
1787235274678,4365040,64.4
1787235274745,4247312,66.8
1787235274812,4248336,66.8
1787235274870,4219168,67.8
1787235274928,4272560,67.8
1787235274993,4275680,69.0
1787235275053,4335008,69.0
1787235275110,4376192,69.0
1787235275165,4471280,70.2
1787235275222,4465984,70.2
1787235275290,4455680,70.4
1787235275356,4405776,70.4
1787235275422,4367808,73.6
1787235275482,4336704,73.6
1787235275547,4274608,73.8
1787235275612,4244800,73.8
1787235275677,4203024,74.7
1787235275742,4187872,76.0
1787235275798,4189408,76.0
1787235275862,4220336,76.0
1787235275924,4185296,82.1
1787235275989,4203120,79.9
1787235276053,4242304,79.9
1787235276110,4240016,79.9
1787235276166,4222560,78.4
1787235276229,4217312,78.4
1787235276292,4197744,78.4
1787235276350,4187344,78.4
1787235276409,4158624,77.2
1787235276469,4124544,77.2
1787235276528,4129504,77.5
1787235276593,4184688,77.5
1787235276651,4176800,77.7
1787235276715,4168896,77.7
1787235276777,4137888,77.5
1787235276838,4193520,77.5
1787235276894,4176736,76.3
1787235276949,4196736,76.3
1787235277004,4200560,78.5
1787235277069,4176784,78.5
1787235277131,4163600,77.3
1787235277195,4205456,77.3
1787235277249,4273904,79.0
1787235277305,4282720,79.0
1787235277362,4252384,79.0
1787235277426,4261376,76.7
1787235277487,4309168,76.7
1787235277544,4239200,77.7
1787235277610,4224720,77.7
1787235277674,4229568,75.9
1787235277737,4395840,75.9
1787235277797,4392416,77.8
1787235277859,4401888,77.8
1787235277919,4400160,76.0
1787235277977,4394944,76.0
1787235278043,4694608,75.9
1787235278108,4691952,75.9
1787235278162,4685392,76.3
1787235278218,4686560,76.3
1787235278277,4680032,73.5
1787235278332,4622944,73.5
1787235278387,4677952,70.3
1787235278440,4772608,70.3
1787235278497,4806912,78.6
1787235278561,4896848,78.6
1787235278622,4952864,84.2
1787235278680,4845296,84.2
1787235278735,4753232,84.2
1787235278797,4782704,77.6
1787235278860,4774704,77.6
1787235278914,4759808,77.1
1787235278969,4749040,77.1
1787235279032,4726896,85.2
1787235279093,4729584,85.2
1787235279157,4712064,90.5
1787235279212,4705392,90.5
1787235279267,4700464,96.4
1787235279325,4686672,96.4
1787235279381,4676496,96.6
1787235279436,4665648,96.6
1787235279490,4643952,96.0
1787235279554,4608784,96.0
1787235279616,4603024,97.7
1787235279679,4615056,97.7
1787235279741,4583168,98.3
1787235279806,4547232,98.3
1787235279868,4541664,99.5
1787235279931,4511328,99.5
1787235279985,4507488,99.5
1787235280044,4508656,100.0
1787235280097,4508560,100.0
1787235280156,4519312,100.0
1787235280218,4530848,100.0
1787235280276,4541200,98.7
1787235280330,4551056,98.7
1787235280387,4550032,100.0
1787235280452,4540176,100.0
1787235280512,4464864,99.3
1787235280570,4384432,99.3
1787235280632,4352544,99.6
1787235280689,4363184,99.6
1787235280751,4351392,100.0
1787235280818,4344592,100.0
1787235280881,4340944,99.7
1787235280943,4321968,99.7
1787235281001,4286368,98.9
1787235281066,4280176,98.9
1787235281129,4249568,98.7
1787235281193,4261216,98.7
1787235281252,4249920,99.2
1787235281316,4242176,99.2
1787235281375,4215072,98.1
1787235281433,4218464,98.1
1787235281494,4210000,98.3
1787235281552,4193168,98.3
1787235281616,4179248,98.3
1787235281673,4175648,98.2
1787235281736,4187312,98.2
1787235281798,4178416,100.0
1787235281854,4166656,100.0
1787235281919,4139616,98.6
1787235281981,4150208,98.6
1787235282047,4121776,98.7
1787235282108,4121536,98.7
1787235282164,4119008,98.5
1787235282227,4130768,98.5
1787235282284,4141312,97.6
1787235282347,4139632,97.6
1787235282410,4139952,98.4
1787235282466,4128640,98.4
1787235282526,4110816,99.9
1787235282581,4097152,99.9
1787235282640,4090800,98.8
1787235282703,4097616,98.8
1787235282760,4106352,97.8
1787235282823,4080224,97.8
1787235282885,4058288,100.0
1787235282945,4028752,100.0
1787235283001,3999536,98.7
1787235283063,3995024,98.7
1787235283127,3980544,100.0
1787235283183,3981824,100.0
1787235283246,3957808,99.0
1787235283309,3951840,99.0
1787235283375,3928720,100.0
1787235283438,3922976,100.0
1787235283501,3905984,98.1
1787235283563,3917344,98.1
1787235283625,3906816,99.4
1787235283688,3867952,99.4
1787235283746,3842560,99.0
1787235283808,3819296,99.0
1787235283873,3797488,99.5
1787235283935,3689616,99.5
1787235283991,3680064,99.5
1787235284054,3668384,100.0
1787235284113,3655584,100.0
1787235284172,3642528,99.1
1787235284233,3610848,99.1
1787235284296,3609248,99.1
1787235284360,3602096,99.1
1787235284422,3584928,99.4
1787235284479,3560688,99.4
1787235284534,3545968,100.0
1787235284595,3512352,100.0
1787235284661,3495264,99.3
1787235284724,3506880,99.3
1787235284787,3498688,100.0
1787235284843,3489872,100.0
1787235284898,3464560,99.1
1787235284961,3460768,99.1
1787235285023,3459808,99.0
1787235285084,3447488,99.0
1787235285147,3429056,100.0
1787235285211,3432112,100.0
1787235285276,3418848,100.0
1787235285340,3393984,100.0
1787235285395,3341888,99.4
1787235285459,3331728,99.4
1787235285522,3319200,99.3
1787235285578,3316576,99.3
1787235285640,3303504,100.0
1787235285703,3292048,100.0
1787235285766,3285984,99.1
1787235285833,3278928,99.1
1787235285896,3245616,99.5
1787235285954,3246416,99.5
1787235286015,3224528,100.0
1787235286077,3218752,100.0
1787235286131,3192704,99.2
1787235286186,3185056,99.2
1787235286240,3183024,99.2
1787235286305,3166928,100.0
1787235286363,3161712,100.0
1787235286422,3133632,100.0
1787235286485,3085984,100.0
1787235286542,3053232,99.6
1787235286607,3032496,99.6
1787235286670,2996160,100.0
1787235286728,2985408,100.0
1787235286783,2968192,100.0
1787235286848,2934592,100.0
1787235286907,2912208,99.0
1787235286967,2824912,99.0
1787235287030,2810176,100.0
1787235287091,2795600,100.0
1787235287157,2768880,99.7
1787235287215,2764528,99.7
1787235287278,2742960,98.7
1787235287341,2745328,98.7
1787235287397,2744800,100.0
1787235287463,2736400,100.0
1787235287526,2715920,99.6
1787235287586,2714880,99.6
1787235287653,2692448,100.0
1787235287716,2690160,100.0
1787235287777,2671440,98.7
1787235287835,2681088,98.7
1787235287894,2666688,99.5
1787235287960,2652976,99.5
1787235288019,2639920,100.0
1787235288079,2650640,100.0
1787235288140,2639136,97.9
1787235288204,2626320,97.9
1787235288266,2619568,98.7
1787235288329,2610032,98.7
1787235288392,2618496,99.4
1787235288451,2607776,99.4
1787235288514,2599504,99.8
1787235288572,2597088,99.8
1787235288636,2591296,100.0
1787235288695,2575616,100.0
1787235288764,2525648,100.0
1787235288829,2370416,100.0
1787235288897,2329424,97.8
1787235288960,2272496,97.8
1787235289025,2264496,98.7
1787235289088,2250688,98.7
1787235289152,2215552,100.0
1787235289213,2170448,100.0
1787235289271,2145136,98.5
1787235289330,2139312,98.5
1787235289388,2134160,100.0
1787235289451,2145712,100.0
1787235289514,2157344,100.0
1787235289577,2169024,100.0
1787235289632,2179584,98.8
1787235289686,2189424,98.8
1787235289749,2201296,98.8
1787235289806,2211680,99.9
1787235289870,2222928,99.9
1787235289929,2233776,99.6
1787235289992,2244992,99.6
1787235290050,2255376,99.6
1787235290112,2266272,99.6
1787235290169,2277072,100.0
1787235290232,2288624,100.0
1787235290295,2299888,100.0
1787235290350,2309872,100.0
1787235290403,2319392,99.4
1787235290463,2330448,99.4
1787235290527,2342224,100.0
1787235290587,2353536,100.0
1787235290649,2365392,98.7
1787235290712,2376416,98.7
1787235290775,2388240,100.0
1787235290838,2399360,100.0
1787235290895,2409600,100.0
1787235290958,2421056,100.0
1787235291021,2432368,99.5
1787235291084,2443840,99.5
1787235291138,2453552,99.7
1787235291199,2464464,99.7
1787235291262,2474928,100.0
1787235291322,2485168,100.0
1787235291384,2495904,99.3
1787235291447,2507392,99.3
1787235291510,2518944,100.0
1787235291571,2529936,100.0
1787235291634,2540672,99.1
1787235291697,2552432,99.1
1787235291760,2564016,100.0
1787235291821,2573184,100.0
1787235291882,2583808,99.1
1787235291939,2566512,99.1
1787235292004,2513680,99.0
1787235292063,2471200,99.0
1787235292127,2423216,99.0
1787235292182,2423200,98.9
1787235292245,2406224,98.9
1787235292308,2408240,100.0
1787235292363,2398224,100.0
1787235292417,2343088,98.8
1787235292480,2272240,98.8
1787235292543,2253760,100.0
1787235292604,2264224,100.0
1787235292664,2275152,99.0
1787235292719,2285088,99.0
1787235292778,2247872,100.0
1787235292839,2242944,100.0
1787235292904,2212192,99.1
1787235292964,2223328,99.1
1787235293029,2195568,99.3
1787235293082,2193296,99.3
1787235293137,2159984,100.0
1787235293201,2171440,100.0
1787235293259,2182096,98.8
1787235293322,2171056,98.8
1787235293381,2166144,98.7
1787235293444,2159888,98.7
1787235293504,2170864,98.7
1787235293561,2154592,99.5
1787235293625,2151632,99.5
1787235293688,2148656,100.0
1787235293751,2140960,100.0
1787235293814,2118928,99.3
1787235293873,2096944,99.3
1787235293927,2106912,100.0
1787235293990,2106448,100.0
1787235294055,2092736,98.7
1787235294117,2104384,98.7
1787235294172,2100704,100.0
1787235294235,2084832,100.0
1787235294294,2095632,100.0
1787235294354,2046368,100.0
1787235294420,2041968,98.8
1787235294473,2043776,98.8
1787235294533,2033152,99.4
1787235294594,2016960,99.4
1787235294652,2015584,100.0
1787235294715,2027168,100.0
1787235294779,2013200,99.1
1787235294846,2000224,99.1
1787235294906,1994736,99.9
1787235294972,1993568,99.9
1787235295041,1976224,100.0
1787235295100,1986736,100.0
1787235295159,1982592,99.9
1787235295222,1978528,99.9
1787235295285,1963488,100.0
1787235295345,1949232,100.0
1787235295402,1914912,99.9
1787235295463,1902720,99.9
1787235295527,1872048,98.4
1787235295588,1847872,98.4
1787235295649,1786832,98.5
1787235295703,1743568,98.5
1787235295766,1700848,99.3
1787235295830,1661952,99.3
1787235295889,1672288,97.9
1787235295944,1682160,97.9
1787235296006,1693600,97.9
1787235296070,1705104,100.0
1787235296132,1716096,97.9
1787235296188,1726352,97.9
1787235296252,1736672,97.9
1787235296315,1747392,99.1
1787235296378,1758752,99.1
1787235296441,1770304,100.0
1787235296502,1761104,100.0
1787235296564,1772192,100.0
1787235296623,1760160,100.0
1787235296686,1772000,98.8
1787235296751,1772000,98.8
1787235296809,1765664,100.0
1787235296872,1766192,100.0
1787235296928,1775536,99.1
1787235296989,1769408,99.1
1787235297052,1748528,100.0
1787235297110,1759472,100.0
1787235297168,1740272,98.5
1787235297228,1751424,98.5
1787235297291,1739632,99.3
1787235297357,1738608,99.3
1787235297418,1721696,100.0
1787235297480,1733024,100.0
1787235297542,1708848,99.7
1787235297602,1690224,99.7
1787235297664,1701600,99.4
1787235297728,1700464,99.4
1787235297790,1711568,99.9
1787235297856,1696352,99.9
1787235297921,1695392,99.5
1787235297979,1705872,99.5
1787235298042,1688528,98.2
1787235298110,1666672,98.2
1787235298171,1677760,100.0
1787235298234,1689264,100.0
1787235298297,1665152,97.4
1787235298361,1665456,97.4
1787235298423,1652000,99.0
1787235298486,1663456,99.0
1787235298545,1652720,97.8
1787235298602,1663072,97.8
1787235298660,1665744,99.0
1787235298725,1662208,99.0
1787235298789,1658912,100.0
1787235298848,1620048,100.0
1787235298904,1606336,99.7
1787235298967,1594976,99.7
1787235299032,1596800,98.6
1787235299095,1541312,98.6
1787235299153,1541392,100.0
1787235299215,1552912,100.0
1787235299278,1564752,99.2
1787235299340,1554448,99.2
1787235299399,1550432,100.0
1787235299459,1544208,100.0
1787235299515,1532528,98.4
1787235299578,1536368,98.4
1787235299636,1537984,98.4
1787235299702,1531872,99.8
1787235299765,1543600,100.0
1787235299823,1533632,100.0
1787235299886,1526224,100.0
1787235299941,1535888,100.0
1787235300008,1547344,100.0
1787235300065,1441728,100.0
1787235300127,1453360,100.0
1787235300188,1464544,98.6
1787235300251,1475792,98.6
1787235300314,1487552,100.0
1787235300374,1498192,100.0
1787235300435,1509200,98.8
1787235300488,1519040,98.8
1787235300545,1525584,99.9
1787235300605,1518640,99.9
1787235300673,1506976,100.0
1787235300736,1518656,100.0
1787235300802,1507424,99.9
1787235300858,1517360,99.9
1787235300921,1528672,98.4
1787235300982,1517264,98.4
1787235301043,1528160,100.0
1787235301106,1516400,100.0
1787235301163,1520976,99.4
1787235301223,1531376,99.4
1787235301279,1470768,97.5
1787235301339,1481152,97.5
1787235301398,1477264,98.5
1787235301459,1467424,98.5
1787235301517,1477952,99.9
1787235301579,1453664,99.9
1787235301638,1439616,99.9
1787235301700,1450960,99.3
1787235301763,1458752,99.3
1787235301822,1468736,100.0
1787235301885,1469040,100.0
1787235301947,1456832,99.4
1787235302015,1437568,98.8
1787235302074,1444224,98.8
1787235302137,1445168,98.8
1787235302202,1445168,99.2
1787235302260,1455776,99.2
1787235302323,1448832,100.0
1787235302387,1435104,100.0
1787235302445,1445616,99.3
1787235302502,1444768,99.3
1787235302568,1434448,99.5
1787235302631,1445824,99.5
1787235302693,1442432,100.0
1787235302751,1453136,100.0
1787235302805,1441296,100.0
1787235302863,1439664,100.0
1787235302925,1426032,100.0
1787235302982,1436096,100.0
1787235303037,1417920,99.3
1787235303101,1429600,99.3
1787235303161,1440624,99.1
1787235303221,1451536,99.1
1787235303284,1463328,100.0
1787235303347,1474944,100.0
1787235303403,1485376,99.0
1787235303461,1496272,99.0
1787235303522,1507488,100.0
1787235303582,1518480,100.0
1787235303640,1529248,100.0
1787235303700,1539696,99.2
1787235303768,1521840,99.3
1787235303823,1532128,99.3
1787235303886,1543984,99.3
1787235303946,1538416,100.0
1787235304009,1522272,100.0
1787235304072,1515104,100.0
1787235304135,1502944,100.0
1787235304197,1514512,100.0
1787235304259,1494384,100.0
1787235304326,1473200,99.3
1787235304389,1463088,99.3
1787235304452,1474768,99.0
1787235304510,1455680,99.0
1787235304565,1465984,96.4
1787235304626,1455376,96.4
1787235304689,1439600,98.1
1787235304752,1451472,98.1
1787235304815,1463056,99.6
1787235304875,1447216,99.6
1787235304933,1453360,98.8
1787235304990,1455200,98.8
1787235305048,1448352,100.0
1787235305110,1432512,100.0
1787235305164,1419824,100.0
1787235305227,1431008,100.0
1787235305291,1416160,99.9
1787235305352,1427168,99.9
1787235305416,1415568,97.7
1787235305482,1428064,97.7
1787235305548,1411520,100.0
1787235305607,1396768,100.0
1787235305671,1397280,99.1
1787235305730,1386864,99.1
1787235305793,1397808,100.0
1787235305848,1407312,100.0
1787235305905,1410592,99.3
1787235305968,1421872,99.3
1787235306034,1412032,100.0
1787235306095,1423120,100.0
1787235306158,1412080,100.0
1787235306217,1421536,100.0
1787235306273,1417792,97.9
1787235306333,1298016,97.9
1787235306393,1283632,97.9
1787235306460,1284192,100.0
1787235306523,1264928,97.4
1787235306583,1275024,97.4
1787235306642,1267152,97.4
1787235306709,1261792,98.8
1787235306771,1271216,98.8
1787235306837,1258368,99.8
1787235306899,1252752,98.7
1787235306958,1247904,98.7
1787235307018,1243216,98.7
1787235307079,1242480,100.0
1787235307142,1253888,100.0
1787235307201,1251472,100.0
1787235307264,1256320,100.0
1787235307327,1241664,99.1
1787235307384,1252048,99.1
1787235307444,1263072,98.2
1787235307503,1252304,98.2
1787235307569,1246768,99.9
1787235307626,1257184,99.9
1787235307688,1244080,100.0
1787235307752,1255568,100.0
1787235307820,1243104,98.8
1787235307879,1253952,98.8
1787235307942,1260768,100.0
1787235308005,1271904,100.0
1787235308069,1258336,99.4
1787235308126,1268576,99.4
1787235308189,1280048,99.7
1787235308248,1265200,99.7
1787235308308,1256080,98.1
1787235308364,1266464,98.1
1787235308426,1257392,98.8
1787235308489,1256768,98.8
1787235308546,1262720,98.9
1787235308606,1245552,98.9
1787235308672,1238304,100.0
1787235308732,1249536,100.0
1787235308798,1236768,98.9
1787235308861,1248432,98.9
1787235308924,1236240,99.0
1787235308988,1208128,99.0
1787235309051,1219808,99.1
1787235309108,1230368,99.1
1787235309165,1208528,98.5
1787235309229,1220320,98.5
1787235309292,1232240,99.1
1787235309355,1238176,99.1
1787235309418,1237728,100.0
1787235309481,1224992,100.0
1787235309541,1236336,97.9
1787235309594,1238144,97.9
1787235309656,1237584,99.7
1787235309719,1222208,99.7
1787235309775,1232096,99.7
1787235309838,1227392,99.4
1787235309898,1237888,99.4
1787235309960,1244240,100.0
1787235310026,1244896,100.0
1787235310086,1256192,99.1
1787235310140,1257776,99.1
1787235310199,1261376,99.0
1787235310260,1247360,99.0
1787235310323,1258384,99.6
1787235310380,1246784,99.6
1787235310436,1256928,99.7
1787235310497,1240512,99.7
1787235310560,1252064,100.0
1787235310613,1240080,100.0
1787235310670,1250720,100.0
1787235310734,1242160,100.0
1787235310798,1216976,99.6
1787235310856,1227472,99.6
1787235310916,1230080,98.8
1787235310978,1223520,98.8
1787235311038,1218736,100.0
1787235311094,1228800,100.0
1787235311157,1240080,99.4
1787235311217,1249600,99.4
1787235311280,1239184,99.4
1787235311338,1228496,99.7
1787235311401,1239968,99.7
1787235311465,1235264,100.0
1787235311527,1228016,100.0
1787235311589,1238208,98.8
1787235311656,1226848,98.7
1787235311720,1236992,98.7
1787235311775,1230128,98.7
1787235311839,1220688,99.4
1787235311900,1231488,99.4
1787235311957,1241920,99.0
1787235312017,1237632,99.0
1787235312071,1234880,100.0
1787235312131,1235184,100.0
1787235312189,1230368,100.0
1787235312248,1241056,100.0
1787235312313,1221808,99.7
1787235312376,1233520,99.7
1787235312441,1238272,100.0
1787235312502,1227552,100.0
1787235312570,1216848,100.0
1787235312633,1228272,100.0
1787235312687,1238096,97.9
1787235312750,1235728,97.9
1787235312812,1247056,98.9
1787235312875,1230608,98.9
1787235312938,1215152,99.0
1787235312997,1225856,99.0
1787235313059,1221424,100.0
1787235313120,1215200,100.0
1787235313179,1202176,99.6
1787235313239,1213360,99.6
1787235313302,1225264,99.6
1787235313362,1211424,99.6
1787235313423,1222656,98.7
1787235313486,1217888,98.7
1787235313552,1208368,99.4
1787235313613,1219328,99.4
1787235313672,1206240,99.4
1787235313733,1217536,99.4
1787235313796,1213296,100.0
1787235313861,1211296,100.0
1787235313917,1221488,99.1
1787235313973,1220448,99.1
1787235314030,1226224,99.1
1787235314091,1217488,100.0
1787235314150,1228416,100.0
1787235314206,1222448,100.0
1787235314269,1234320,100.0
1787235314325,1222272,100.0
1787235314386,1233568,100.0
1787235314442,1218304,99.4
1787235314505,1229952,99.4
1787235314571,1223472,100.0
1787235314633,1216480,100.0
1787235314696,1228352,100.0
1787235314758,1217264,100.0
1787235314818,1218160,99.0
1787235314881,1221504,99.0
1787235314940,1208016,100.0
1787235315004,1219424,100.0
1787235315065,1217184,99.3
1787235315119,1172704,99.3
1787235315182,1183664,100.0
1787235315239,1171120,100.0
1787235315303,1168416,100.0
1787235315363,1132720,100.0
1787235315422,1143632,100.0
1787235315485,1155232,100.0
1787235315548,1153168,99.3
1787235315610,1163936,99.3
1787235315664,1174208,98.6
1787235315732,1174896,98.6
1787235315795,1186032,100.0
1787235315863,1185760,100.0
1787235315922,1196304,99.7
1787235315978,1197616,99.7
1787235316041,1208944,99.3
1787235316103,1199376,99.3
1787235316167,1189264,98.5
1787235316223,1198976,98.5
1787235316278,1208656,98.5
1787235316334,1205376,100.0
1787235316396,1202304,100.0
1787235316459,1213744,100.0
1787235316519,1192384,100.0
1787235316582,1203280,99.2
1787235316650,1193776,99.2
1787235316714,1203888,98.4
1787235316777,1214992,98.4
1787235316841,1198032,100.0
1787235316904,1200608,100.0
1787235316967,1212048,99.7
1787235317034,1204192,99.7
1787235317092,1214752,99.7
1787235317153,1202064,99.7
1787235317213,1212768,100.0
1787235317276,1224464,100.0
1787235317337,1188992,99.3
1787235317395,1184672,99.3
1787235317453,1194960,100.0
1787235317515,1205856,100.0
1787235317573,1204096,99.3
1787235317636,1195856,99.3
1787235317698,1207296,100.0
1787235317762,1202816,100.0
1787235317819,1197072,99.1
1787235317881,1208272,99.1
1787235317949,1201456,99.4
1787235318012,1212944,99.4
1787235318073,1224336,99.6
1787235318134,1235488,99.6
1787235318196,1205248,100.0
1787235318257,1216784,100.0
1787235318320,1203568,98.8
1787235318384,1194720,98.8
1787235318447,1186656,100.0
1787235318507,1180528,100.0
1787235318570,1171024,98.7
1787235318631,1152768,98.7
1787235318690,1158672,100.0
1787235318753,1149904,100.0
1787235318816,1136032,99.3
1787235318873,1118704,99.3
1787235318934,1129680,99.1
1787235318993,1140592,99.1
1787235319055,1127264,99.3
1787235319116,1087600,99.3
1787235319179,1099360,99.7
1787235319243,1057760,99.7
1787235319306,1069520,100.0
1787235319370,1057808,100.0
1787235319433,1069424,98.0
1787235319488,1047824,98.0
1787235319551,1036128,98.5
1787235319614,1025968,98.5
1787235319677,1021456,100.0
1787235319741,995920,100.0
1787235319801,988416,100.0
1787235319862,953168,100.0
1787235319925,938912,98.1
1787235319984,926944,98.1
1787235320043,926640,98.8
1787235320106,926448,98.8
1787235320164,926416,98.8
1787235320223,900944,100.0
1787235320286,909760,100.0
1787235320349,917504,100.0
1787235320406,904416,100.0
1787235320469,900512,98.7
1787235320524,903344,98.7
1787235320585,888048,100.0
1787235320647,894752,100.0
1787235320706,901424,100.0
1787235320769,886544,100.0
1787235320823,896224,99.0
1787235320886,879536,99.0
1787235320946,872064,100.0
1787235321009,883152,100.0
1787235321070,894080,99.4
1787235321125,863488,99.4
1787235321189,873536,99.4
1787235321249,883968,99.4
1787235321305,884336,100.0
1787235321365,874384,100.0
1787235321424,884848,100.0
1787235321478,875024,100.0
1787235321539,876880,100.0
1787235321598,887232,99.4
1787235321662,893472,99.4
1787235321726,897776,100.0
1787235321789,904672,100.0
1787235321844,904176,100.0
1787235321899,904992,100.0
1787235321962,902224,100.0
1787235322023,907984,100.0
1787235322081,916048,98.5
1787235322140,918832,98.5
1787235322204,917728,100.0
1787235322261,928368,100.0
1787235322325,933312,98.7
1787235322381,936992,98.7
1787235322444,936432,99.4
1787235322507,935824,99.4
1787235322568,942848,100.0
1787235322625,940464,100.0
1787235322689,948896,99.7
1787235322752,946384,99.7
1787235322815,947552,98.7
1787235322874,947088,98.7
1787235322937,954480,99.1
1787235322991,956240,99.1
1787235323048,962320,97.8
1787235323113,962560,97.8
1787235323168,929776,97.8
1787235323227,929504,100.0
1787235323287,940112,100.0
1787235323351,940528,99.0
1787235323405,945056,99.0
1787235323469,944864,100.0
1787235323532,943984,100.0
1787235323592,939904,99.7
1787235323650,942208,99.7
1787235323713,942544,98.1
1787235323776,953824,98.1
1787235323837,964992,98.5
1787235323896,966976,98.5
1787235323961,978128,98.8
1787235324024,984992,98.8
1787235324083,994976,96.9
1787235324145,997104,96.9
1787235324205,1002224,99.6
1787235324261,996720,99.6
1787235324317,1006992,97.8
1787235324380,1017360,97.8
1787235324443,1022000,100.0
1787235324506,1022032,100.0
1787235324568,1024960,99.9
1787235324631,1031088,99.9
1787235324695,1038032,97.8
1787235324758,1027792,97.8
1787235324818,1036592,100.0
1787235324880,1039152,100.0
1787235324943,1032448,97.3
1787235325007,1037248,97.3
1787235325070,1047968,98.1
1787235325131,1022992,98.1
1787235325195,1033296,96.3
1787235325253,1043328,96.3
1787235325317,1054240,96.9
1787235325380,1065008,96.9
1787235325443,1073872,96.1
1787235325502,1081888,96.1
1787235325558,1083632,95.1
1787235325612,1070848,95.1
1787235325673,1082032,95.1
1787235325736,1070096,97.0
1787235325797,1080816,97.0
1787235325859,1091840,98.1
1787235325924,944080,98.1
1787235325989,804256,98.5
1787235326052,814752,98.5
1787235326116,825632,100.0
1787235326179,836464,97.8
1787235326243,841456,97.8
1787235326298,850288,97.8
1787235326352,859712,99.6
1787235326412,857312,99.6
1787235326468,851616,97.5
1787235326531,850736,97.5
1787235326591,860048,97.1
1787235326647,853744,97.1
1787235326705,852128,96.9
1787235326761,852576,96.9
1787235326824,861728,99.9
1787235326879,835728,99.9
1787235326943,800608,97.0
1787235326996,797440,97.0
1787235327058,759920,98.6
1787235327122,750576,98.6
1787235327182,761648,99.7
1787235327245,746304,99.7
1787235327304,731936,98.4
1787235327365,720736,98.4
1787235327429,726544,98.2
1787235327486,736736,98.2
1787235327550,718368,98.2
1787235327610,701168,100.0
1787235327668,711232,100.0
1787235327721,701648,99.0
1787235327781,712512,99.0
1787235327844,703440,97.9
1787235327907,645584,97.9
1787235327969,655808,99.1
1787235328022,665280,99.1
1787235328083,676320,100.0
1787235328145,687360,100.0
1787235328206,694080,99.4
1787235328270,705296,99.4
1787235328333,716912,97.4
1787235328390,726864,97.4
1787235328453,738272,98.1
1787235328516,749088,98.1
1787235328580,760224,100.0
1787235328643,766064,100.0
1787235328707,776128,99.7
1787235328762,786080,99.7
1787235328816,796080,97.8
1787235328884,805760,97.8
1787235328943,816448,100.0
1787235329005,827904,100.0
1787235329071,838512,98.2
1787235329131,845456,98.2
1787235329188,855840,99.0
1787235329247,864640,99.0
1787235329310,874960,98.2
1787235329367,885616,98.2
1787235329422,894912,98.2
1787235329486,906688,99.7
1787235329543,917104,99.7
1787235329599,927536,100.0
1787235329655,937840,100.0
1787235329718,949328,97.6
1787235329782,956816,97.6
1787235329836,965280,99.6
1787235329898,976432,99.6
1787235329961,985920,97.8
1787235330023,996656,97.8
1787235330083,1007584,99.1
1787235330145,1018960,99.1
1787235330208,1026144,99.9
1787235330271,1037856,99.9
1787235330333,1035104,99.0
1787235330392,1041968,99.0
1787235330457,1048912,100.0
1787235330519,1052144,100.0
1787235330582,1050512,98.2
1787235330644,1052336,98.2
1787235330703,1062608,98.7
1787235330759,1068240,98.7
1787235330815,1070560,99.1
1787235330878,1077312,99.1
1787235330937,1087440,99.0
1787235330997,1094864,99.0
1787235331055,1104960,99.0
1787235331120,1171088,98.8
1787235331174,1278400,98.8
1787235331231,1365936,93.6
1787235331287,1501744,93.6
1787235331348,1524144,86.1
1787235331405,1579456,86.1
1787235331462,1596800,77.4
1787235331526,1644336,77.4
1787235331585,1755376,78.1
1787235331639,1889344,78.1
1787235331694,2000464,75.7
1787235331749,2087408,75.7
1787235331814,2212448,70.6
1787235331876,2376752,70.6
1787235331931,2492480,70.6
1787235331995,2653760,70.2
1787235332050,2791728,70.2
1787235332112,2930736,71.2
1787235332167,3034624,71.2
1787235332222,3140704,68.0
1787235332287,3258736,68.0
1787235332352,3392448,66.3
1787235332414,3507968,66.3
1787235332475,3625680,67.7
1787235332536,3736368,67.7
1787235332591,3801696,65.6
1787235332655,3886448,65.6
1787235332708,3866992,66.1
1787235332772,3941264,66.1
1787235332833,3941568,67.8
1787235332889,3947312,67.8
1787235332952,3961104,69.4
1787235333016,4003952,69.4
1787235333074,4064080,74.4
1787235333131,4089568,74.4
1787235333193,4085952,73.7
1787235333254,4094864,73.7
1787235333308,4022560,73.7
1787235333363,4131424,77.4
1787235333424,4158032,77.4
1787235333478,4180256,76.6
1787235333539,4294464,76.6
1787235333601,4377168,77.7
1787235333661,4445280,77.7
1787235333719,4462032,74.3
1787235333783,4466992,74.3
1787235333843,4502656,74.9
1787235333903,4182736,74.9
1787235333960,4024032,67.8
1787235334024,4001584,67.8
1787235334082,3928288,68.6
1787235334138,3928320,68.6
1787235334201,3917328,70.3
1787235334263,4006496,70.3
1787235334328,4105632,76.3
1787235334392,4185040,76.3
1787235334449,4238368,77.8
1787235334504,4281280,77.8
1787235334569,4007952,73.5
1787235334628,4084496,73.5
1787235334693,4054080,73.7
1787235334754,4035280,73.7
1787235334810,3978160,73.7
1787235334868,4048528,73.0
1787235334926,4180880,73.0
1787235334982,4193248,72.5
1787235335037,4163120,72.5
1787235335095,4127984,70.2
1787235335160,3972048,70.2
1787235335216,3781392,63.6
1787235335273,3743776,63.6
1787235335337,3754416,66.9
1787235335405,3678944,66.9
1787235335467,3618736,65.7
1787235335532,3705776,65.7
1787235335591,3863296,70.0
1787235335646,3851344,70.0
1787235335703,3876720,71.2
1787235335760,3815888,71.2
1787235335824,3677392,69.0
1787235335884,3705776,69.0
1787235335938,3766928,70.8
1787235335994,3761728,70.8
1787235336053,3759792,70.8
1787235336118,3713536,69.1
1787235336182,3760144,69.1
1787235336237,3824064,68.7
1787235336299,3952208,68.7
1787235336361,4112048,71.9
1787235336417,3889536,71.9
1787235336478,4039600,75.4
1787235336536,4118672,75.4
1787235336598,4128624,75.9
1787235336655,4150864,75.9
1787235336719,4152640,75.4
1787235336784,4119072,75.4
1787235336847,4131312,76.1
1787235336903,4113936,76.1
1787235336967,4088608,75.1
1787235337026,4103376,75.1
1787235337091,4114528,78.0
1787235337151,4162752,78.0
1787235337207,4163568,73.9
1787235337262,4179152,73.9
1787235337322,4227616,74.4
1787235337388,4306880,74.4
1787235337443,4306400,75.9
1787235337509,4313488,75.9
1787235337567,4339952,73.5
1787235337625,4323136,73.5
1787235337689,4337760,73.9
1787235337750,4414240,73.9
1787235337803,4396448,73.9
1787235337859,4372800,77.2
1787235337917,4313840,77.2
1787235337974,4335744,73.4
1787235338029,4351824,73.4
1787235338092,4362288,75.6
1787235338148,4401888,75.6
1787235338206,4389040,74.8
1787235338261,4334960,74.8
1787235338320,4382576,75.1
1787235338378,4257344,75.1
1787235338434,4282880,75.1
1787235338498,4286656,76.6
1787235338554,4292336,76.6
1787235338619,4313840,75.0
1787235338674,4321664,75.0
1787235338731,4331616,75.1
1787235338796,4292816,75.1
1787235338857,4292880,74.9
1787235338915,4268032,74.9
1787235338973,4285312,75.9
1787235339038,4286416,75.9
1787235339092,4272944,77.0
1787235339150,4284464,77.0
1787235339212,4296528,77.5
1787235339271,4300608,77.5
1787235339328,4303264,76.4
1787235339385,4303504,76.4
1787235339439,4342464,77.4
1787235339500,4360032,77.4
1787235339557,4381296,77.4
1787235339621,4448288,77.8
1787235339679,4470864,77.8
1787235339736,4501760,76.7
1787235339799,4518144,76.7
1787235339861,4511168,76.3
1787235339925,4500784,76.3
1787235339982,4528272,75.4
1787235340044,4538544,75.4
1787235340107,4575408,76.3
1787235340169,4596496,76.3
1787235340230,4644416,76.2
1787235340286,4688320,76.2
1787235340343,4733888,78.1
1787235340401,4801888,78.1
1787235340467,4777600,77.2
1787235340524,4819456,77.2
1787235340580,4881280,76.7
1787235340640,4759760,76.7
1787235340697,4763680,72.7
1787235340761,4781856,72.7
1787235340818,5014080,73.3
1787235340880,4990096,73.3
1787235340937,4873376,73.3
1787235340997,4845024,72.2
1787235341060,4802816,72.2
1787235341117,4556544,67.8
1787235341177,4460912,67.8
1787235341235,4452304,65.4
1787235341292,4466656,65.4
1787235341357,4498688,67.8
1787235341418,4554704,67.8
1787235341475,4557728,71.2
1787235341538,4540752,71.2
1787235341602,4583808,72.1
1787235341664,4596912,72.1
1787235341725,4481968,73.3
1787235341787,4487680,73.3
1787235341853,4508720,73.0
1787235341909,4494512,73.0
1787235341972,4623536,74.7
1787235342035,4576880,74.7
1787235342098,4529856,75.2
1787235342161,4482032,75.2
1787235342217,4476624,74.2
1787235342280,4584704,74.2
1787235342338,4492768,72.3
1787235342394,4406432,72.3
1787235342450,4403264,73.5
1787235342515,4390208,73.5
1787235342572,4350608,72.4
1787235342635,4334736,72.4
1787235342689,4363776,72.4
1787235342747,4378784,69.1
1787235342802,4434736,69.1
1787235342858,4595856,70.8
1787235342924,4522464,70.8
1787235342983,4481776,72.1
1787235343043,4540512,72.1
1787235343108,4549456,75.7
1787235343172,4567168,75.7
1787235343233,4569392,75.7
1787235343291,4609840,75.7
1787235343348,4660928,76.2
1787235343414,4672480,76.2
1787235343470,4667760,76.5
1787235343535,4686272,76.5
1787235343589,4727280,79.3
1787235343646,4719296,79.3
1787235343700,4757760,79.0
1787235343764,4731344,79.0
1787235343829,4693600,78.3
1787235343891,4615024,78.3
1787235343956,4631408,77.0
1787235344022,4649968,77.0
1787235344079,4654480,77.3
1787235344142,4647136,77.3
1787235344206,4637616,76.3
1787235344272,4668224,76.3
1787235344329,4648368,76.5
1787235344385,4635312,76.5
1787235344445,4604464,75.4
1787235344502,4568672,75.4
1787235344565,4576480,75.4
1787235344625,4564432,75.6
1787235344689,4558080,75.6
1787235344749,4544928,76.7
1787235344814,4507440,76.7
1787235344878,4533168,74.9
1787235344938,4539328,74.9
1787235345002,4556144,78.1
1787235345064,4725296,78.1
1787235345119,4741600,78.8
1787235345173,4715776,78.8
1787235345232,4768944,79.0
1787235345291,4582944,79.0
1787235345356,4519152,77.4
1787235345420,4529184,77.4
1787235345477,4531488,74.7
1787235345536,4533888,74.7
1787235345595,4534112,77.5
1787235345660,4633376,77.5
1787235345724,4701568,77.8
1787235345781,4703936,77.8
1787235345838,4707248,79.1
1787235345896,4665984,79.1
1787235345950,4661296,79.7
1787235346015,4650448,79.7
1787235346079,4661024,77.8
1787235346144,4634432,77.8
1787235346209,4643600,79.7
1787235346274,4624672,79.7
1787235346337,4684944,79.3
1787235346395,4596832,79.3
1787235346452,4629296,78.3
1787235346516,4639248,78.3
1787235346579,4674224,79.5
1787235346642,4685312,79.5
1787235346699,4710784,80.1
1787235346765,4685904,80.1
1787235346831,4796816,78.1
1787235346892,4854320,78.1
1787235346950,4857648,77.8
1787235347015,4771216,77.8
1787235347074,4566912,73.0
1787235347137,4539216,73.0
1787235347196,4556000,75.7
1787235347256,4560128,75.7
1787235347319,4520256,75.7
1787235347376,4572048,75.9
1787235347430,4665696,75.9
1787235347490,4788288,77.1
1787235347548,4867648,77.1
1787235347611,4891648,76.8
1787235347672,4627200,76.8
1787235347739,4797696,75.4
1787235347803,4728784,75.4
1787235347860,4749200,73.9
1787235347924,4695136,73.9
1787235347986,4693792,74.2
1787235348049,4665120,74.2
1787235348110,4627424,72.4
1787235348171,4570432,72.4
1787235348237,4578832,70.2
1787235348298,4631696,70.2
1787235348362,4662768,68.4
1787235348420,4661024,68.4
1787235348484,4695632,68.5
1787235348547,4710000,68.5
1787235348601,4743632,69.8
1787235348662,4763696,69.8
1787235348726,4776000,73.0
1787235348782,4761072,73.0
1787235348847,4817568,76.0
1787235348912,4698464,76.0
1787235348972,4639648,73.8
1787235349032,4649584,73.8
1787235349090,4635072,76.5
1787235349147,4609456,76.5
1787235349213,4597936,77.1
1787235349270,4548816,77.1
1787235349330,4571056,76.6
1787235349391,4613872,76.6
1787235349455,4628064,76.5
1787235349519,4550672,76.5
1787235349585,4547168,79.5
1787235349647,4527216,79.5
1787235349714,4389312,76.5
1787235349780,4365680,76.5
1787235349845,4383184,75.4
1787235349900,4352928,75.4
1787235349965,4328384,76.2
1787235350024,4349328,76.2
1787235350085,4511024,80.2
1787235350144,4530240,80.2
1787235350207,4562144,78.0
1787235350264,4540400,78.0
1787235350324,4658112,75.2
1787235350387,4781568,75.2
1787235350448,4783552,75.2
1787235350511,4722016,73.5
1787235350570,4661376,73.5
1787235350630,4542528,69.5
1787235350684,4508240,69.5
1787235350743,4478560,67.6
1787235350799,4470704,67.6
1787235350861,4531840,67.9
1787235350926,4543888,67.9
1787235350981,4531296,67.2
1787235351043,4518768,67.2
1787235351107,4414256,67.7
1787235351168,4399648,67.7
1787235351225,4400224,64.3
1787235351282,4403600,64.3
1787235351337,4391600,67.3
1787235351394,4363584,67.3
1787235351457,4346432,68.0
1787235351523,4368448,68.0
1787235351586,4299568,66.6
1787235351650,4321168,66.6
1787235351708,4313776,68.1
1787235351768,4326624,68.1
1787235351828,4381168,68.1
1787235351892,4123824,68.1
1787235351964,4016352,65.2
1787235352027,4113584,65.2
1787235352098,4212320,66.8
1787235352169,4332256,66.8
1787235352227,4316784,68.1
1787235352293,4467200,68.1
1787235352354,4505392,74.9
1787235352418,4545984,74.9
1787235352480,4614816,75.6
1787235352540,4619120,75.6
1787235352602,4600448,76.2
1787235352667,4500560,76.2
1787235352732,4528096,72.7
1787235352788,4555504,72.7
1787235352844,4501728,71.8
1787235352909,4409936,71.8
1787235352965,4612432,71.5
1787235353026,4743952,71.5
1787235353088,4519168,70.6
1787235353154,4453232,70.6
1787235353216,4471280,71.4
1787235353276,4500272,71.4
1787235353330,4508400,75.0
1787235353385,4508448,75.0
1787235353439,4519184,75.0
1787235353504,4523392,77.4
1787235353565,4509408,77.4
1787235353620,4635328,78.7
1787235353678,4651696,78.7
1787235353741,4610656,76.2
1787235353801,4606400,76.2
1787235353860,4673648,75.3
1787235353916,4650432,75.3
1787235353981,4637968,72.7
1787235354038,4656992,72.7
1787235354101,4717536,72.6
1787235354158,4711824,72.6
1787235354217,4747568,71.6
1787235354282,4862112,71.6
1787235354347,4659456,66.1
1787235354406,4610368,66.1
1787235354466,4582928,63.7
1787235354526,4569184,63.7
1787235354588,4638288,67.2
1787235354650,4615456,67.2
1787235354722,4591328,69.0
1787235354784,4674624,69.0
1787235354851,4932816,67.5
1787235354918,4887072,67.5
1787235354977,4622992,60.7
1787235355043,4604816,60.7
1787235355100,4593968,59.7
1787235355164,4571504,59.7
1787235355226,4529984,61.9
1787235355280,4520288,61.9
1787235355340,4541248,64.5
1787235355399,4622608,64.5
1787235355460,4639472,71.9
1787235355518,4739248,71.9
1787235355580,4807952,70.9
1787235355636,4777216,70.9
1787235355695,4792064,70.9
1787235355752,4813424,70.3
1787235355816,4759728,70.3
1787235355877,4760432,71.8
1787235355938,4685936,71.8
1787235356005,4639424,71.0
1787235356067,4669280,71.0
1787235356130,4827600,69.0
1787235356188,4777920,69.0
1787235356252,4670080,65.1
1787235356306,4674240,65.1
1787235356363,4619232,67.6
1787235356427,4602048,67.6
1787235356492,4590128,68.5
1787235356557,4563360,68.5
1787235356617,4577312,68.1
1787235356673,4817168,68.1
1787235356737,5009616,69.3
1787235356801,4759504,69.3
1787235356867,4474048,63.4
1787235356926,4491648,63.4
1787235356986,4481056,65.8
1787235357043,4499792,65.8
1787235357101,4539664,67.6
1787235357157,4554528,67.6
1787235357216,4523312,67.5
1787235357283,4601920,67.5
1787235357348,4770032,67.3
1787235357405,4838576,67.3
1787235357466,4513856,69.0
1787235357526,4514736,69.0
1787235357583,4520016,69.3
1787235357645,4536432,69.3
1787235357709,4513728,67.9
1787235357771,4495360,67.9
1787235357827,4487520,67.9
1787235357887,4526880,66.2
1787235357948,4716752,66.2
1787235358011,4899824,70.7
1787235358072,4696976,70.7
1787235358130,4592704,71.7
1787235358188,4530976,71.7
1787235358245,4513856,70.3
1787235358302,4522688,70.3
1787235358357,4485472,71.8
1787235358412,4476352,71.8
1787235358476,4486032,73.0
1787235358535,4665536,73.0
1787235358598,4847632,75.4
1787235358661,4812144,75.4
1787235358725,4556624,73.0
1787235358782,4566000,73.0
1787235358842,4529552,74.1
1787235358905,4448192,74.1
1787235358960,4449696,72.4
1787235359016,4475984,72.4
1787235359081,4443760,71.2
1787235359136,4589312,71.2
1787235359192,4794736,71.2
1787235359257,4879328,73.0
1787235359316,4603280,73.0
1787235359372,4400832,67.2
1787235359438,4405600,67.2
1787235359504,4398256,66.8
1787235359567,4425936,66.8
1787235359622,4406208,65.4
1787235359684,4332272,65.4
1787235359743,4271696,66.0
1787235359801,4421104,66.0
1787235359866,4560320,63.4
1787235359932,4398720,63.4
1787235359992,4329008,64.9
1787235360058,4066032,64.9
1787235360115,4080144,65.8
1787235360171,4087392,65.8
1787235360236,4096912,69.7
1787235360294,4058144,69.7
1787235360358,4057600,72.3
1787235360423,4052416,72.3
1787235360482,4197104,74.8
1787235360538,4317424,74.8
1787235360603,4264464,74.5
1787235360667,4274448,74.5
1787235360726,4252032,73.7
1787235360786,4252992,73.7
1787235360851,4253312,73.8
1787235360908,4175360,73.8
1787235360963,4164912,72.3
1787235361018,4204992,72.3
1787235361079,4443152,72.3
1787235361145,4546192,75.5
1787235361209,4240992,68.7
1787235361266,4151328,68.7
1787235361327,4083552,68.7
1787235361391,4106080,71.0
1787235361447,4124880,71.0
1787235361511,4181920,69.4
1787235361574,4355712,69.4
1787235361638,4498352,72.9
1787235361697,4516576,72.9
1787235361761,4504480,74.9
1787235361828,4169296,74.9
1787235361893,4223840,70.7
1787235361947,4240720,70.7
1787235362009,4189728,73.2
1787235362071,4144320,73.2
1787235362133,4105184,72.7
1787235362189,4170048,72.7
1787235362246,4407824,73.2
1787235362303,4519424,73.2
1787235362358,4532976,74.4
1787235362419,4379440,74.4
1787235362483,4149984,68.4
1787235362552,4125616,68.4
1787235362613,4166576,68.7
1787235362676,4091568,68.7
1787235362741,4071568,67.3
1787235362801,4138864,67.3
1787235362864,4158688,63.8
1787235362920,4178272,63.8
1787235362977,4200368,68.4
1787235363032,4169440,68.4
1787235363096,3880880,69.5
1787235363154,3823280,69.5
1787235363219,3776960,69.3
1787235363276,3736304,69.3
1787235363331,3814000,69.3
1787235363387,3796032,71.4
1787235363449,3885536,71.4
1787235363508,4041776,72.3
1787235363568,4158144,72.3
1787235363621,4247920,75.4
1787235363676,4138304,75.4
1787235363733,3910528,73.0
1787235363796,3898032,73.0
1787235363849,3996928,73.9
1787235363905,4099056,73.9
1787235363969,4127904,74.5
1787235364028,4086576,74.5
1787235364086,4087536,75.2
1787235364141,4147808,75.2
1787235364194,4291408,75.2
1787235364254,4414304,76.5
1787235364310,4274512,76.5
1787235364374,4148080,73.2
1787235364431,4244832,73.2
1787235364492,4167120,73.7
1787235364551,4194928,73.7
1787235364606,4190352,71.4
1787235364673,4170832,71.4
1787235364735,4152720,70.2
1787235364798,4266624,70.2
1787235364862,4438400,72.9
1787235364923,4443008,72.9
1787235364978,4207248,67.0
1787235365042,4164256,67.0
1787235365106,4124192,66.0
1787235365168,4171104,66.0
1787235365226,4155504,67.1
1787235365290,4123184,67.1
1787235365353,4134272,71.3
1787235365416,4333360,71.3
1787235365478,4524288,75.6
1787235365540,4459600,75.6
1787235365595,4275856,71.2
1787235365650,4254224,71.2
1787235365716,4225520,70.8
1787235365778,4221232,70.8
1787235365836,4017904,70.8
1787235365894,3912928,68.5
1787235365956,4004640,68.5
1787235366014,4036912,70.5
1787235366072,4232224,70.5
1787235366136,4239920,71.3
1787235366194,4040064,71.3
1787235366255,3940672,64.6
1787235366309,3999184,64.6
1787235366369,3914576,68.7
1787235366424,3887040,68.7
1787235366489,3881792,67.3
1787235366546,3905136,67.3
1787235366610,4155984,70.3
1787235366670,4216496,70.3
1787235366734,4239440,73.3
1787235366796,4082352,73.3
1787235366860,4014720,70.9
1787235366917,4127760,70.9
1787235366973,4123248,70.3
1787235367032,4098432,70.3
1787235367088,4085600,70.3
1787235367146,4080080,72.1
1787235367203,4114032,72.1
1787235367258,4269280,73.5
1787235367320,4410336,73.5
1787235367385,4392560,77.1
1787235367442,4288560,77.1
1787235367503,4172208,75.4
1787235367561,4180944,75.4
1787235367622,4191728,73.2
1787235367679,4163504,73.2
1787235367737,4160048,72.9
1787235367794,4192064,72.9
1787235367854,4438912,73.5
1787235367916,4550672,73.5
1787235367979,4518208,72.7
1787235368037,4359520,72.7
1787235368104,4098736,69.7
1787235368168,4050272,69.7
1787235368222,4025248,71.7
1787235368284,4001216,71.7
1787235368347,3969152,73.3
1787235368407,3995232,73.3
1787235368464,4088816,76.9
1787235368522,4248560,76.9
1787235368584,4326960,76.9
1787235368646,4271328,78.0
1787235368710,4156640,78.0
1787235368770,4217376,76.9
1787235368835,4151264,76.9
1787235368898,4308144,72.7
1787235368959,4348624,72.7
1787235369015,4338496,76.1
1787235369072,4398480,76.1
1787235369131,4382160,76.9
1787235369186,4453312,76.9
1787235369251,4655520,78.6
1787235369307,4527728,78.6
1787235369362,4475312,76.0
1787235369425,4466944,76.0
1787235369480,4433312,74.3
1787235369539,4506544,74.3
1787235369601,4524112,74.5
1787235369665,4544480,74.5
1787235369723,4629024,73.1
1787235369789,4813696,73.1
1787235369848,4812464,73.5
1787235369905,4687760,73.5
1787235369969,4553536,72.9
1787235370027,4603392,72.9
1787235370091,4587056,74.0
1787235370148,4566784,74.0
1787235370216,4542752,74.0
1787235370282,4530400,74.1
1787235370344,4553744,74.4
1787235370408,4614896,74.4
1787235370463,4766336,74.4
1787235370519,4827216,77.8
1787235370582,4842272,77.8
1787235370637,4754368,76.0
1787235370699,4701376,76.0
1787235370761,4662704,73.9
1787235370816,4624544,73.9
1787235370874,4571104,72.1
1787235370934,4536576,72.1
1787235370991,4547024,71.4
1787235371048,4595280,71.4
1787235371114,4706464,73.3
1787235371178,4605424,73.3
1787235371241,4567648,72.4
1787235371307,4558640,72.4
1787235371366,4527840,74.5
1787235371422,4552160,74.5
1787235371487,4482928,76.5
1787235371548,4485344,76.5
1787235371612,4465616,76.6
1787235371671,4502848,76.6
1787235371736,4620832,76.0
1787235371793,4498816,76.0
1787235371850,4498912,73.6
1787235371904,4480864,73.6
1787235371963,4499376,73.6
1787235372026,4530720,74.8
1787235372087,4536000,74.8
1787235372143,4572208,76.4
1787235372208,4583664,76.4
1787235372273,4567232,76.8
1787235372332,4568528,76.8
1787235372389,4558176,76.2
1787235372449,4664880,76.2
1787235372515,4632944,80.1
1787235372578,4633344,80.1
1787235372636,4630192,80.1
1787235372694,4691504,80.1
1787235372757,4679072,79.1
1787235372813,4667840,79.1
1787235372870,4673280,78.7
1787235372932,4615376,78.7
1787235372996,4606752,77.7
1787235373060,4605104,77.7
1787235373123,4616416,81.0
1787235373189,4627024,81.0
1787235373247,4604544,79.9
1787235373310,4595296,79.9
1787235373366,4587712,79.2
1787235373425,4553280,79.2
1787235373489,4530928,77.4
1787235373550,4508288,77.4
1787235373607,4525696,77.0
1787235373662,4523344,77.0
1787235373724,4492448,78.0
1787235373782,4498464,78.0
1787235373840,4486816,78.0
1787235373904,4503024,77.1
1787235373960,4528608,77.1
1787235374016,4515968,77.0
1787235374076,4540976,77.0
1787235374138,4530112,76.5
1787235374204,4494832,76.5
1787235374267,4537552,77.1
1787235374333,4512992,77.1
1787235374389,4515008,78.4
1787235374450,4493456,78.4
1787235374511,4479648,78.3
1787235374575,4477136,78.3
1787235374639,4447312,77.3
1787235374697,4420272,77.3
1787235374760,4415280,77.5
1787235374818,4390752,77.5
1787235374883,4362144,76.5
1787235374946,4405504,76.5
1787235375011,4350160,77.2
1787235375072,4256256,77.2
1787235375134,4222944,78.0
1787235375198,4112832,78.0
1787235375265,4073920,74.5
1787235375327,4183360,74.5
1787235375381,4171488,75.0
1787235375444,4167200,75.0
1787235375499,4170960,78.4
1787235375557,4159680,78.4
1787235375612,4212464,77.4
1787235375673,4261440,77.4
1787235375737,4227568,76.8
1787235375794,4251360,76.8
1787235375848,4251056,78.5
1787235375903,4240608,78.5
1787235375968,4240480,78.5
1787235376022,4197552,78.3
1787235376078,4183600,78.3
1787235376137,4180832,78.4
1787235376203,4236496,78.4
1787235376266,4302576,77.1
1787235376319,4247568,77.1
1787235376384,4263296,75.4
1787235376446,4210000,75.4
1787235376503,4245200,76.7
1787235376558,4268176,76.7
1787235376623,4252544,76.9
1787235376685,4254352,76.9
1787235376749,4243296,78.4
1787235376812,4180464,78.4
1787235376877,4177744,76.9
1787235376943,4183632,76.9
1787235376998,4159584,79.6
1787235377062,4165632,79.6
1787235377124,4197888,77.9
1787235377191,4216416,77.9
1787235377246,4284416,78.4
1787235377310,4559984,78.4
1787235377368,4733136,81.6
1787235377434,4695984,81.6
1787235377494,4651408,78.0
1787235377558,4732752,78.0
1787235377624,4803808,76.6
1787235377689,4770800,76.6
1787235377749,4755696,73.6
1787235377807,4719888,73.6
1787235377874,4737408,72.2
1787235377933,4691392,72.2
1787235377988,4747536,73.5
1787235378055,4712208,73.5
1787235378120,4725936,74.9
1787235378174,4685600,74.9
1787235378240,4682288,75.6
1787235378297,4692896,75.6
1787235378354,4673392,76.4
1787235378419,4665136,76.4
1787235378484,4626464,76.9
1787235378543,4630448,76.9
1787235378604,4616864,76.8
1787235378665,4642592,76.8
1787235378730,4651264,77.7
1787235378793,4547776,77.7
1787235378857,4535360,77.4
1787235378919,4530176,77.4
1787235378983,4467840,75.4
1787235379042,4486352,75.4
1787235379108,4518736,78.3
1787235379169,4670336,78.3
1787235379225,4705776,77.3
1787235379284,4602624,77.3
1787235379341,4653904,77.3
1787235379400,4523984,76.8
1787235379464,4492416,76.8
1787235379524,4472336,75.4
1787235379587,4487008,75.4
1787235379651,4483856,76.2
1787235379709,4383840,76.2
1787235379771,4439808,75.2
1787235379827,4591408,75.2
1787235379883,4630480,76.8
1787235379939,4633552,76.8
1787235380004,4359168,74.9
1787235380060,4332224,74.9
1787235380120,4329008,75.0
1787235380181,4389392,75.0
1787235380246,4367408,74.5
1787235380304,4472128,74.5
1787235380368,4578336,75.8
1787235380432,4649568,75.8
1787235380496,4635408,76.3
1787235380554,4678096,76.3
1787235380615,4434752,76.2
1787235380675,4881104,76.2
1787235380741,4810128,79.6
1787235380805,4790080,79.6
1787235380860,4757888,74.4
1787235380919,4778192,74.4
1787235380980,4725104,72.0
1787235381039,4721904,72.0
1787235381104,4689936,71.7
1787235381157,4927536,71.7
1787235381226,4818096,71.7
1787235381292,4729632,73.4
1787235381348,4630608,73.4
1787235381413,4647456,71.4
1787235381479,4661088,72.1
1787235381538,4606032,72.1
1787235381601,4647232,72.5
1787235381659,4707152,72.5
1787235381722,4866928,72.5
1787235381780,4959232,77.1
1787235381840,4753024,77.1
1787235381899,4603184,73.0
1787235381960,4572208,73.0
1787235382020,4534512,73.8
1787235382079,4600320,73.8
1787235382139,4588880,74.6
1787235382204,4519936,74.6
1787235382267,4515056,75.1
1787235382332,4531088,75.1
1787235382386,4519600,76.3
1787235382442,4537280,76.3
1787235382502,4531824,78.9
1787235382565,4484512,78.9
1787235382620,4483056,79.4
1787235382678,4489168,79.4
1787235382734,4477600,77.7
1787235382788,4470352,77.7
1787235382849,4468160,77.7
1787235382910,4448464,76.8
1787235382974,4461152,76.8
1787235383037,4400080,76.6
1787235383092,4411312,76.6
1787235383156,4446032,77.5
1787235383211,4442240,77.5
1787235383267,4444912,78.9
1787235383330,4437856,78.9
1787235383386,4424960,77.7
1787235383450,4442096,77.7
1787235383505,4432480,76.7
1787235383560,4430432,76.7
1787235383620,4429600,77.7
1787235383675,4455744,77.7
1787235383739,4498768,80.2
1787235383803,4505360,80.2
1787235383861,4457808,79.7
1787235383918,4442016,79.7
1787235383982,4458128,78.2
1787235384048,4442560,78.2
1787235384106,4453952,77.8
1787235384161,4441088,77.8
1787235384220,4443280,77.8
1787235384277,4416928,79.0
1787235384340,4403248,79.0
1787235384399,4402864,79.0
1787235384462,4390192,79.0
1787235384521,4409760,79.5
1787235384584,4424736,79.5
1787235384642,4406768,79.2
1787235384706,4414064,79.2
1787235384770,4425728,76.7
1787235384828,4457696,76.7
1787235384892,4436800,76.9
1787235384953,4415568,76.9
1787235385016,4395840,78.7
1787235385081,4411088,78.7
1787235385135,4416576,77.1
1787235385200,4419264,77.1
1787235385259,4410784,78.0
1787235385322,4407648,78.0
1787235385386,4416224,77.5
1787235385447,4417312,77.5
1787235385511,4401936,79.4
1787235385576,4455232,79.4
1787235385633,4416912,79.9
1787235385693,4415664,79.9
1787235385750,4447168,79.1
1787235385815,4453984,79.1
1787235385883,4384896,78.0
1787235385954,4128496,78.0
1787235386011,3953360,71.6
1787235386068,3849520,71.6
1787235386130,3850992,73.0
1787235386189,3789264,73.0
1787235386251,3803424,74.2
1787235386311,3926592,74.2
1787235386375,3919824,75.1
1787235386440,3899792,75.1
1787235386499,3909872,77.6
1787235386565,3916448,77.6
1787235386644,3589040,77.8
1787235386711,3499424,77.8
1787235386770,3501632,71.7
1787235386831,3543600,71.7
1787235386895,3535040,73.2
1787235386950,3482976,73.2
1787235387007,3520320,74.5
1787235387065,3647872,74.5
1787235387123,3724720,77.5
1787235387188,3742272,77.5
1787235387251,3770528,79.4
1787235387315,3771936,79.4
1787235387379,3783968,77.6
1787235387446,3763776,77.6
1787235387511,3770208,80.2
1787235387567,3816576,80.2
1787235387632,3833712,77.1
1787235387687,3865872,77.1
1787235387745,3841136,77.9
1787235387802,3853600,77.9
1787235387859,3918384,79.5
1787235387918,3860256,79.5
1787235387979,4130256,79.5
1787235388035,4139344,83.4
1787235388093,4161680,83.4
1787235388147,4169408,80.8
1787235388211,4186832,80.8
1787235388267,4190928,80.5
1787235388333,4180992,80.5
1787235388393,4183232,79.6
1787235388454,4182416,79.6
1787235388514,4181712,80.4
1787235388583,4210848,80.4
1787235388645,4230624,78.6
1787235388703,4230432,78.6
1787235388768,4201808,78.0
1787235388827,4214096,78.0
1787235388885,4165376,78.0
1787235388949,4168208,78.0
1787235389004,4183872,78.4
1787235389068,4208896,78.4
1787235389127,4186672,80.0
1787235389191,4172768,80.0
1787235389256,4132016,77.2
1787235389321,4014608,77.2
1787235389383,4112656,77.2
1787235389441,4098768,77.2
1787235389497,4124416,77.2
1787235389556,4126512,77.2
1787235389616,4177760,79.2
1787235389681,4177744,79.2
1787235389745,4156640,78.7
1787235389807,4083088,78.7
1787235389862,4180480,78.4
1787235389922,4085664,78.4
1787235389982,4161424,78.4
1787235390046,4165008,78.3
1787235390104,4230976,78.3
1787235390168,4235296,78.3
1787235390227,4253408,78.3
1787235390292,4265152,78.8
1787235390350,4291200,78.8
1787235390410,4302544,78.6
1787235390464,4359536,78.6
1787235390526,4380240,79.5
1787235390587,4405760,79.5
1787235390647,4402256,78.8
1787235390709,4430464,78.8
1787235390776,4421088,79.2
1787235390841,4441024,79.2
1787235390906,4421616,79.5
1787235390965,4413360,79.5
1787235391030,4422864,80.4
1787235391094,4434560,80.4
1787235391158,4419120,78.4
1787235391214,4428768,78.4
1787235391270,4375184,78.0
1787235391336,4378704,78.0
1787235391391,4383760,77.5
1787235391449,4395648,77.5
1787235391503,4397040,79.5
1787235391560,4361824,79.5
1787235391619,4349536,78.8
1787235391683,4364496,78.8
1787235391743,4416432,79.4
1787235391800,4429792,79.4
1787235391865,4412944,78.0
1787235391921,4414368,78.0
1787235391982,4425424,78.0
1787235392039,4376816,78.9
1787235392101,4355856,78.9
1787235392166,4384448,78.7
1787235392230,4409072,78.7
1787235392296,4333968,77.9
1787235392354,4364032,77.9
1787235392418,4416048,78.4
1787235392474,4405632,78.4
1787235392529,4434096,78.1
1787235392596,4430912,78.1
1787235392656,4474240,79.5
1787235392713,4472640,79.5
1787235392778,4566992,79.5
1787235392833,4617952,79.5
1787235392897,4590784,80.0
1787235392959,4584832,80.0
1787235393028,4460560,79.2
1787235393088,4384928,79.2
1787235393147,4401776,75.7
1787235393208,4387296,75.7
1787235393268,4372976,76.3
1787235393332,4422880,76.3
1787235393390,4630016,77.7
1787235393448,4589568,77.7
1787235393505,4592208,77.7
1787235393563,4627728,77.7
1787235393629,4449264,78.2
1787235393685,4402304,78.2
1787235393750,4466432,76.8
1787235393813,4525760,76.8
1787235393867,4510240,77.3
1787235393924,4504288,77.3
1787235393993,4562400,78.3
1787235394051,4688368,78.3
1787235394107,4782960,78.3
1787235394173,4822720,79.6
1787235394239,4581744,75.8
1787235394293,4582400,75.8
1787235394349,4624576,75.8
1787235394407,4641728,77.3
1787235394464,4617328,77.3
1787235394529,4635504,78.6
1787235394594,4650912,78.6
1787235394652,4692112,78.9
1787235394717,4662720,78.9
1787235394778,4726624,79.2
1787235394842,4787408,79.2
1787235394898,4982800,81.0
1787235394954,5036176,81.0
1787235395019,5029776,79.7
1787235395080,5040576,79.7
1787235395138,5035984,75.4
1787235395201,5026896,75.4
1787235395258,5013232,74.1
1787235395318,4929200,74.1
1787235395374,4911888,70.0
1787235395431,4882688,70.0
1787235395488,4979312,70.0
1787235395545,4941280,72.0
1787235395608,4898800,72.0
1787235395665,4923984,73.0
1787235395720,4922384,73.0
1787235395777,4907808,72.4
1787235395835,4936640,72.4
1787235395902,4912032,69.4
1787235395966,5025376,69.4
1787235396030,4542096,66.9
1787235396094,5004720,66.9
1787235396153,5196128,70.2
1787235396220,5140656,70.2
1787235396286,5078224,70.3
1787235396346,5087248,70.3
1787235396404,5114048,71.3
1787235396463,5220944,71.3
1787235396522,5208080,74.6
1787235396584,5209168,74.6
1787235396646,5222864,78.3
1787235396712,5228656,78.3
1787235396774,5224432,76.9
1787235396830,5240208,76.9
1787235396894,5162464,80.0
1787235396952,5095152,80.0
1787235397013,5056128,75.9
1787235397068,5053904,75.9
1787235397132,5015712,76.7
1787235397196,5051328,76.7
1787235397252,5066080,77.8
1787235397311,5058816,77.8
1787235397372,5154272,79.9
1787235397438,5122944,79.9
1787235397504,5107360,78.0
1787235397563,5085472,78.0
1787235397627,5051104,78.0
1787235397683,5207120,78.0
1787235397744,5438784,81.9
1787235397804,5452336,81.9
1787235397868,5444048,79.6
1787235397930,5365392,79.6
1787235397990,5358288,79.6
1787235398044,5349584,78.0
1787235398102,5391856,78.0
1787235398166,5395024,79.2
1787235398229,5376368,79.2
1787235398287,5352672,77.5
1787235398343,5358016,77.5
1787235398405,5375232,77.6
1787235398460,5428432,77.6
1787235398517,5436608,77.4
1787235398577,5452000,77.4
1787235398631,5459120,77.5
1787235398689,5455936,77.5
1787235398748,5402016,77.2
1787235398813,5394544,77.2
1787235398880,5304688,77.8
1787235398946,5276704,77.8
1787235399000,5303552,77.9
1787235399060,5297248,77.9
1787235399124,5315184,77.2
1787235399191,5310848,77.2
1787235399257,5314064,77.1
1787235399314,5319584,77.1
1787235399374,5343376,78.2
1787235399439,5317440,78.2
1787235399502,5390400,77.4
1787235399564,5361792,77.4
1787235399627,5357712,78.0
1787235399692,5345776,78.0
1787235399757,5350160,76.8
1787235399818,5353728,76.8
1787235399883,5355120,78.3
1787235399946,5327136,78.3
1787235400011,5313568,78.2
1787235400075,5317696,78.2
1787235400140,5331760,78.1
1787235400202,4936720,78.1
1787235400261,4876560,70.6
1787235400315,4849376,70.6
1787235400377,4797888,72.7
1787235400434,4823568,72.7
1787235400500,4805088,74.7
1787235400557,4806192,74.7
1787235400618,4803024,74.7
1787235400677,4789888,75.3
1787235400742,4752560,75.3
1787235400806,4727616,75.3
1787235400863,4684192,75.3
1787235400929,4694048,74.4
1787235400994,4702992,75.2
1787235401060,4696080,75.2
1787235401118,4693632,75.2
1787235401177,4688480,76.3
1787235401242,4688080,76.3
1787235401307,4734880,76.0
1787235401373,4762784,77.2
1787235401437,4733504,77.2
1787235401495,4738720,77.0
1787235401554,4695120,77.0
1787235401617,4745696,77.0
1787235401679,4803072,78.6
1787235401746,4765392,79.3
1787235401810,4742208,79.3
1787235401872,4696608,76.5
1787235401929,4611568,76.5
1787235401992,4591136,76.5
1787235402056,4537360,75.8
1787235402122,4509760,75.4
1787235402180,4466592,75.4
1787235402237,4495360,75.4
1787235402297,4472560,75.7
1787235402353,4438512,75.7
1787235402419,4412848,76.1
1787235402476,4348960,76.1
1787235402536,4354208,75.0
1787235402591,4353984,75.0
1787235402648,4349552,78.0
1787235402712,4363248,78.0
1787235402768,4348240,79.0
1787235402832,4345504,79.0
1787235402896,4308672,77.7
1787235402961,4268624,77.7
1787235403022,4283984,77.8
1787235403081,4264640,77.8
1787235403142,4274656,79.6
1787235403199,4355136,79.6
1787235403264,4326528,76.9
1787235403327,4300912,76.9
1787235403386,4341920,77.3
1787235403448,4380624,77.3
1787235403512,4449792,76.6
1787235403568,4441440,76.6
1787235403623,4452480,79.0
1787235403679,4452832,79.0
1787235403738,4450032,79.0
1787235403801,4525312,78.8
1787235403857,4514864,78.8
1787235403922,4525216,78.2
1787235403981,4538192,78.2
1787235404040,4600768,77.9
1787235404095,4718288,77.9
1787235404161,4728128,79.8
1787235404214,4770464,79.8
1787235404278,4798816,79.0
1787235404335,4822528,79.0
1787235404395,4870752,86.7
1787235404458,4964416,86.7
1787235404521,4990128,90.6
1787235404581,5041392,90.6
1787235404644,5074944,95.1
1787235404708,5090416,95.1
1787235404771,5115728,98.2
1787235404834,5133040,98.2
1787235404898,5122096,96.2
1787235404958,5121264,96.2
1787235405015,5114976,97.2
1787235405075,5122976,97.2
1787235405128,5145440,98.1
1787235405188,5161648,98.1
1787235405252,5234256,98.2
1787235405311,5482496,98.2
1787235405372,5578816,94.5
1787235405432,5576992,94.5
1787235405488,5570752,94.5
1787235405544,5558048,90.9
1787235405607,5556688,90.9
1787235405669,5537920,85.4
1787235405725,5541248,85.4
1787235405789,5504912,79.6
1787235405848,5487728,79.6
1787235405906,5467424,76.6
1787235405965,5458224,76.6
1787235406029,5443648,73.0
1787235406084,5449584,73.0
1787235406140,5460976,72.1
1787235406197,5511664,72.1
1787235406261,5498400,72.5
1787235406319,5488224,72.5
1787235406377,5467120,72.4
1787235406432,5515264,72.4
1787235406495,5521696,72.4
1787235406558,5486272,70.4
1787235406622,5441232,68.1
1787235406682,5431008,68.1
1787235406741,5475888,68.1
1787235406804,5461776,73.6
1787235406871,5358256,73.6
1787235406930,5342256,73.0
1787235406990,5312752,73.0
1787235407049,5331808,71.7
1787235407109,5379840,71.7
1787235407167,5371488,74.7
1787235407230,5308496,74.7
1787235407290,5245200,74.1
1787235407355,5224640,74.1
1787235407415,5189232,70.4
1787235407472,5229168,70.4
1787235407535,5252512,75.0
1787235407596,5217392,75.0
1787235407655,5236368,73.2
1787235407715,5242336,73.2
1787235407771,5227696,75.8
1787235407828,5208160,75.8
1787235407888,5207440,77.3
1787235407955,5202480,77.3
1787235408017,5118720,76.8
1787235408074,5106128,76.8
1787235408131,5062384,74.8
1787235408186,5047776,74.8
1787235408241,4992624,74.8
1787235408296,4920128,71.7
1787235408356,4940800,71.7
1787235408413,4960592,73.8
1787235408468,4943968,73.8
1787235408522,4887200,76.3
1787235408581,4846208,76.3
1787235408639,4872016,75.6
1787235408692,4880976,75.6
1787235408749,4893600,78.4
1787235408812,4933184,78.4
1787235408870,4923264,78.4
1787235408934,4893312,79.0
1787235408994,4852848,79.0
1787235409059,4837952,81.3
1787235409114,4857472,81.3
1787235409173,4888880,81.6
1787235409229,4936960,81.6
1787235409285,4983840,84.2
1787235409349,4947568,84.2
1787235409405,4903648,84.4
1787235409470,4880832,84.4
1787235409526,4922288,83.2
1787235409587,4951744,83.2
1787235409654,4936560,83.4
1787235409713,4977712,83.4
1787235409775,4930096,81.7
1787235409831,4997744,81.7
1787235409891,4971296,79.5
1787235409948,5117824,79.5
1787235410006,5133024,82.4
1787235410063,5202880,82.4
1787235410120,5253216,82.4
1787235410186,5255632,83.6
1787235410250,5256880,82.8
1787235410311,5253984,82.8
1787235410364,5237232,82.8
1787235410429,5260384,82.2
1787235410486,5221840,82.2
1787235410540,5203824,82.2
1787235410594,5182208,82.2
1787235410653,5181328,83.7
1787235410717,5221680,83.7
1787235410775,5174064,84.7
1787235410834,5193344,84.7
1787235410892,5187920,83.4
1787235410957,5172640,83.4
1787235411020,5188224,80.7
1787235411077,5217216,80.7
1787235411140,5210416,80.5
1787235411207,5192176,80.5
1787235411271,5178560,80.3
1787235411325,5205056,80.3
1787235411389,5242176,79.9
1787235411448,5239024,79.9
1787235411513,5289664,79.8
1787235411578,5286480,79.8
1787235411638,5273504,77.4
1787235411693,5276144,77.4
1787235411755,5313184,80.0
1787235411812,5287232,80.0
1787235411869,5313936,80.0
1787235411933,5280128,79.7
1787235411988,5214784,79.7
1787235412044,5150896,78.7
1787235412105,5099584,78.7
1787235412169,5142480,77.6
1787235412231,5133584,77.6
1787235412296,5088576,81.2
1787235412356,5153760,81.2
1787235412420,5158144,76.6
1787235412476,5135424,76.6
1787235412532,5174720,77.8
1787235412588,5155248,77.8
1787235412653,5143728,77.6
1787235412713,5149568,77.6
1787235412772,5188112,77.3
1787235412833,5171520,77.3
1787235412894,5117168,76.5
1787235412958,5104016,76.5
1787235413023,5117072,76.9
1787235413082,5111328,76.9
1787235413144,5134288,77.1
1787235413208,5174448,77.1
1787235413266,5194160,79.0
1787235413330,5169744,79.0
1787235413390,5190784,77.5
1787235413456,5223264,77.5
1787235413513,5215520,76.9
1787235413570,5313360,76.9
1787235413632,5308768,79.0
1787235413689,5315776,79.0
1787235413745,5386944,79.0
1787235413809,5331232,78.9
1787235413877,5336576,76.7
1787235413944,5373760,76.7
1787235414005,5417952,78.3
1787235414064,5441968,78.3
1787235414123,5423824,78.3
1787235414189,5427344,78.9
1787235414254,5417744,78.1
1787235414313,5394400,78.1
1787235414369,5386880,78.1
1787235414430,5409040,77.4
1787235414491,5338464,77.4
1787235414557,5310640,78.2
1787235414618,5346272,78.2
1787235414682,5364736,77.5
1787235414747,5371440,77.5
1787235414807,5344256,77.6
1787235414872,5388704,77.6
1787235414931,5554880,79.7
1787235414989,5527552,79.7
1787235415054,5493104,76.3
1787235415112,5489648,76.3
1787235415172,5446736,75.3
1787235415228,5459776,75.3
1787235415293,5445616,72.9
1787235415357,5356800,72.9
1787235415422,5321424,71.1
1787235415483,5342832,71.1
1787235415543,5327136,69.6
1787235415608,5285792,69.6
1787235415671,5320512,67.6
1787235415735,5333952,67.6
1787235415796,5370256,70.2
1787235415861,5403680,70.2
1787235415920,5323248,72.6
1787235415982,5322688,72.6
1787235416047,5274432,72.1
1787235416106,5312144,72.1
1787235416162,5287936,73.9
1787235416226,5282352,73.9
1787235416290,5267792,74.1
1787235416349,5256080,74.1
1787235416407,5227600,76.0
1787235416461,5242624,76.0
1787235416515,5229536,77.5
1787235416571,5160624,77.5
1787235416629,5123824,77.5
1787235416688,5097120,78.7
1787235416751,5135632,78.7
1787235416809,5158112,77.4
1787235416871,5097216,77.4
1787235416935,4999248,74.9
1787235416999,4930816,74.9
1787235417061,4892272,73.3
1787235417127,4838752,73.3
1787235417193,4818048,72.1
1787235417252,4844016,72.1
1787235417315,4837776,74.5
1787235417370,4844176,74.5
1787235417427,4875648,74.7
1787235417493,4893376,74.7
1787235417548,4922784,75.2
1787235417606,4893808,75.2
1787235417667,4927056,75.4
1787235417731,4887328,75.4
1787235417798,4927152,75.6
1787235417863,4916640,75.6
1787235417926,4911632,75.4
1787235417986,4820192,75.4
1787235418042,4778848,75.4
1787235418106,4854800,75.4
1787235418168,4805520,76.9
1787235418227,4853248,76.9
1787235418285,4806576,75.1
1787235418340,4922144,75.1
1787235418405,4918688,76.7
1787235418462,5013520,76.7
1787235418524,5093776,77.7
1787235418584,5052000,77.7
1787235418651,5075584,79.0
1787235418716,5105120,79.0
1787235418780,5129120,78.4
1787235418839,5129296,78.4
1787235418900,5053504,79.0
1787235418965,5086448,79.0
1787235419028,5157232,79.2
1787235419093,5219568,79.2
1787235419149,5188912,79.8
1787235419212,5204416,79.8
1787235419268,5196352,77.5
1787235419325,5180752,77.5
1787235419380,5246352,77.5
1787235419441,5257488,77.7
1787235419498,5280000,77.7
1787235419554,5291408,75.0
1787235419617,5306528,75.0
1787235419681,5311952,71.5
1787235419741,5271520,71.5
1787235419807,5251664,70.5
1787235419864,5234336,70.5
1787235419931,5228800,68.1
1787235419993,5212096,68.1
1787235420059,4977344,65.1
1787235420121,4987424,65.1
1787235420177,5029280,61.8
1787235420240,5000240,61.8
1787235420306,4902368,64.5
1787235420372,4878976,64.5
1787235420430,4893072,65.6
1787235420487,4884032,65.6
1787235420551,4910096,67.7
1787235420614,5041472,67.7
1787235420678,5101984,72.4
1787235420743,5122128,72.4
1787235420807,5154512,75.0
1787235420865,5109296,75.0
1787235420930,5046336,73.9
1787235420988,4971632,73.9
1787235421049,4725856,71.3
1787235421111,4749712,71.3
1787235421172,4758560,72.4
1787235421229,4785344,72.4
1787235421288,4792816,75.0
1787235421348,4784432,75.0
1787235421414,4764256,76.1
1787235421468,4767120,76.1
1787235421524,4836720,77.1
1787235421591,4826032,77.1
1787235421657,4874112,77.4
1787235421712,4939552,77.4
1787235421770,4939808,78.0
1787235421826,4949952,78.0
1787235421881,4955792,78.0
1787235421939,4967728,77.0
1787235421993,4941136,77.0
1787235422055,4940208,76.8
1787235422120,4980624,76.8
1787235422176,4975696,77.7
1787235422240,5016000,77.7
1787235422295,5025712,77.4
1787235422349,5042352,77.4
1787235422410,5047152,77.1
1787235422474,5087168,77.1
1787235422530,5088080,78.5
1787235422593,5107632,78.5
1787235422658,5109536,78.2
1787235422722,5128304,78.2
1787235422782,5120208,77.4
1787235422837,5136432,77.4
1787235422895,5094176,78.6
1787235422957,5078944,78.6
1787235423015,5088544,77.8
1787235423072,5071856,77.8
1787235423135,5124448,78.0
1787235423198,5145360,78.0
1787235423258,5124640,78.0
1787235423314,5139872,78.6
1787235423377,5020640,78.6
1787235423439,4966336,76.6
1787235423495,4996832,76.6
1787235423554,5053344,77.1
1787235423620,5022720,77.1
1787235423684,5013312,79.0
1787235423742,4991520,79.0
1787235423799,5005344,76.1
1787235423860,4958480,76.1
1787235423918,4896848,75.6
1787235423975,4891136,75.6
1787235424040,4848576,76.9
1787235424109,4776720,76.9
1787235424170,4741648,73.5
1787235424235,4725040,73.5
1787235424291,4764144,74.7
1787235424356,4731216,74.7
1787235424421,4726736,74.1
1787235424487,4738576,74.1
1787235424547,4745552,75.1
1787235424612,4750400,75.1
1787235424677,4847312,78.1
1787235424742,4817728,78.1
1787235424806,4983440,76.1
1787235424863,5022864,76.1
1787235424928,5028304,79.9
1787235424992,5040736,79.9
1787235425057,5043920,77.1
1787235425117,4977584,77.1
1787235425177,4974912,73.9
1787235425249,4967520,73.9
1787235425312,4998752,71.8
1787235425369,4979488,71.8
1787235425428,4967712,70.9
1787235425485,5000736,70.9
1787235425548,5078112,71.2
1787235425611,5138224,71.2
1787235425670,5137520,72.2
1787235425726,5163424,72.2
1787235425789,5176224,75.0
1787235425855,5165424,75.0
1787235425917,5145056,76.5
1787235425981,5162528,76.5
1787235426041,5153520,77.6
1787235426107,5136720,77.6
1787235426165,5136032,77.7
1787235426221,5161680,77.7
1787235426283,5140640,77.4
1787235426341,5124528,77.4
1787235426396,5114384,77.8
1787235426450,5098928,77.8
1787235426506,5150144,77.8
1787235426570,5118864,79.0
1787235426634,5119856,79.0
1787235426698,5090576,77.8
1787235426757,5103808,77.8
1787235426823,5097232,78.2
1787235426880,5115952,78.2
1787235426941,5077216,76.2
1787235427004,5002848,76.2
1787235427068,4940048,75.2
1787235427135,4838464,75.2
1787235427200,4778624,75.0
1787235427264,4806176,72.9
1787235427329,4799328,72.9
1787235427393,4782752,74.0
1787235427456,4796192,74.0
1787235427517,4814592,74.2
1787235427582,4786928,74.2
1787235427648,4788496,75.3
1787235427710,4767632,75.3
1787235427765,4761680,75.4
1787235427824,4765312,75.4
1787235427878,4723312,75.4
1787235427942,4636256,76.8
1787235428005,4597056,76.8
1787235428065,4551008,74.8
1787235428128,4535344,74.8
1787235428194,4574928,75.7
1787235428253,4578064,75.7
1787235428317,4638192,76.2
1787235428373,4675184,76.2
1787235428434,4762128,78.5
1787235428498,4777760,78.5
1787235428557,4842064,78.9
1787235428621,4818896,78.9
1787235428686,4841648,75.5
1787235428744,4860800,75.5
1787235428799,4895392,76.9
1787235428864,4908096,76.9
1787235428924,4857664,78.4
1787235428990,4857008,78.4
1787235429055,4867616,77.8
1787235429118,4856192,77.8
1787235429175,4864288,78.1
1787235429236,4902752,78.1
1787235429293,4888816,78.8
1787235429348,4924992,78.8
1787235429405,4950528,78.9
1787235429470,4948256,78.9
1787235429532,4929488,75.8
1787235429592,4860192,75.8
1787235429659,4781472,73.4
1787235429719,4766688,73.4
1787235429777,4712000,74.2
1787235429838,4737408,74.2
1787235429904,4749744,74.4
1787235429958,4719264,74.4
1787235430016,4696960,74.5
1787235430080,4782032,74.5
1787235430142,4847664,76.5
1787235430197,4813888,76.5
1787235430256,4775088,76.5
1787235430324,4786704,77.7
1787235430393,4658832,74.8
1787235430456,4668208,74.8
1787235430512,4711632,74.8
1787235430569,4692496,73.9
1787235430632,4635296,73.9
1787235430687,4718736,73.2
1787235430742,4764112,73.2
1787235430805,4759840,73.3
1787235430869,4751008,73.3
1787235430924,4733280,67.9
1787235430989,4736672,67.9
1787235431048,4743008,64.9
1787235431112,4696624,64.9
1787235431174,4474096,60.8
1787235431237,4491648,60.8
1787235431298,4484048,61.9
1787235431357,4489696,61.9
1787235431414,4484800,65.0
1787235431470,4613504,65.0
1787235431531,4636384,70.1
1787235431595,4655312,70.1
1787235431654,4612336,72.1
1787235431717,4715376,72.1
1787235431784,4683136,76.2
1787235431848,4675568,76.2
1787235431914,4667360,75.9
1787235431978,4667392,75.9
1787235432040,4633632,77.5
1787235432098,4614624,77.5
1787235432163,4612400,75.9
1787235432227,4631664,75.9
1787235432291,4700368,77.1
1787235432351,4693536,77.1
1787235432414,4750656,78.3
1787235432474,4826176,78.3
1787235432537,4828528,79.1
1787235432601,4825232,79.1
1787235432658,4786640,79.3
1787235432715,4869216,79.3
1787235432776,5050016,80.2
1787235432839,5032960,80.2
1787235432898,5020624,78.9
1787235432957,4955616,78.9
1787235433016,5009328,78.5
1787235433075,4986304,78.5
1787235433141,4984080,78.4
1787235433205,5018256,78.4
1787235433259,5040752,78.4
1787235433317,5033808,77.1
1787235433375,5047248,77.1
1787235433440,5107376,78.0
1787235433504,5107808,78.0
1787235433561,5080816,78.6
1787235433625,5029936,78.6
1787235433691,5036224,78.6
1787235433748,5039584,78.6
1787235433805,4999680,79.7
1787235433860,5057520,79.7
1787235433925,5054032,78.3
1787235433985,5109136,78.3
1787235434042,5131216,79.6
1787235434105,5113184,79.6
1787235434159,5107440,79.2
1787235434222,4943664,79.2
1787235434285,4950624,76.4
1787235434339,4928896,76.4
1787235434393,4929472,77.4
1787235434454,4987264,77.4
1787235434515,4979936,78.4
1787235434572,4992864,78.4
1787235434627,5017840,78.4
1787235434684,5002576,79.2
1787235434747,4985264,79.2
1787235434810,4960384,78.2
1787235434865,5026272,78.2
1787235434927,5027504,77.9
1787235434992,4999360,77.9
1787235435053,4996400,76.9
1787235435118,4995216,76.9
1787235435181,4894400,75.1
1787235435247,4901168,75.1
1787235435302,4905360,74.3
1787235435365,4857936,74.3
1787235435428,4906256,75.7
1787235435486,4893376,75.7
1787235435547,4946320,77.7
1787235435600,4912880,77.7
1787235435659,4917008,76.3
1787235435726,4995792,76.3
1787235435785,5035152,77.2
1787235435844,5048480,77.2
1787235435909,5013216,76.6
1787235435972,4995232,76.6
1787235436036,5024688,78.6
1787235436097,5006704,78.6
1787235436160,5001824,77.8
1787235436224,5054688,77.8
1787235436279,5137376,79.4
1787235436341,5088608,79.4
1787235436404,5103936,77.1
1787235436458,5172048,77.1
1787235436516,5152576,75.4
1787235436580,5214640,75.4
1787235436644,5233872,73.0
1787235436702,5206656,73.0
1787235436763,5191968,73.0
1787235436821,5204736,70.3
1787235436887,5206816,70.3
1787235436951,5236368,66.0
1787235437010,5194224,66.0
1787235437073,5242336,67.2
1787235437136,5262832,67.2
1787235437202,5235920,70.2
1787235437262,5140704,70.2
1787235437326,5007984,69.7
1787235437387,4968688,69.7
1787235437444,4935328,65.4
1787235437515,4895776,62.4
1787235437578,4923088,62.4
1787235437641,4887648,63.7
1787235437703,4986256,63.7
1787235437764,5044832,63.7
1787235437820,5044832,65.2
1787235437885,5091312,65.2
1787235437949,5157568,68.0
1787235438011,5222784,68.0
1787235438066,5016800,72.3
1787235438124,5012064,72.3
1787235438183,4969136,69.0
1787235438247,4984640,69.0
1787235438305,4969520,71.1
1787235438361,4997472,71.1
1787235438426,4962208,70.3
1787235438482,4989904,70.3
1787235438544,4997088,67.7
1787235438601,5063824,67.7
1787235438662,5158992,68.5
1787235438722,5242704,68.5
1787235438775,5282064,71.7
1787235438829,5296400,71.7
1787235438883,5325152,71.7
1787235438943,5202048,74.6
1787235439008,5190656,74.6
1787235439064,5180608,74.7
1787235439126,5177904,74.7
1787235439181,5150672,75.7
1787235439239,5139824,75.7
1787235439295,5155104,76.2
1787235439360,5095792,76.2
1787235439415,5112784,76.2
1787235439480,5137632,76.2
1787235439541,5132560,78.0
1787235439605,5140032,78.0
1787235439665,5123600,79.9
1787235439721,5033824,79.9
1787235439781,5062432,76.9
1787235439843,5070032,76.9
1787235439896,5036256,76.9
1787235439957,5019488,76.9
1787235440021,5041504,76.9
1787235440086,5042624,76.9
1787235440142,4994208,77.4
1787235440198,4996176,77.4
1787235440262,5014384,77.4
1787235440321,5048320,79.0
1787235440382,5089968,79.0
1787235440438,5136912,77.5
1787235440503,5183376,77.5
1787235440568,5197168,79.0
1787235440630,5208272,79.0
1787235440691,5245040,78.7
1787235440755,5277136,78.7
1787235440812,5218768,78.5
1787235440874,5253136,78.5
1787235440933,5202448,77.3
1787235440992,5202960,77.3
1787235441055,5163712,77.9
1787235441112,5175968,77.9
1787235441179,5158272,77.4
1787235441235,5229216,77.4
1787235441293,5254288,78.0
1787235441354,5390032,78.0
1787235441410,5408464,78.0
1787235441465,5394544,78.0
1787235441529,5292496,75.3
1787235441593,5269968,75.3
1787235441650,5247936,72.3
1787235441716,5222160,72.3
1787235441775,5171584,71.1
1787235441834,5071328,71.1
1787235441894,4997072,68.8
1787235441957,4776272,68.8
1787235442026,4915856,68.8
1787235442086,4982736,68.8
1787235442141,5057744,68.8
1787235442196,5045696,70.2
1787235442257,5060848,70.2
1787235442319,5079408,70.3
1787235442378,5076048,70.3
1787235442446,5023840,70.3
1787235442506,5034752,70.3
1787235442572,4994928,68.9
1787235442630,5055952,68.9
1787235442687,5005472,66.8
1787235442753,5030992,66.8
1787235442806,5043536,69.6
1787235442873,5094048,69.6
1787235442937,5029232,72.6
1787235443003,4938800,72.6
1787235443060,4895408,72.9
1787235443123,4925728,72.9
1787235443185,4896256,75.2
1787235443242,4789072,75.2
1787235443301,4844016,76.0
1787235443355,4818272,76.0
1787235443420,4823520,74.5
1787235443484,4810944,74.5
1787235443545,4819792,73.8
1787235443609,4833760,73.8
1787235443667,4855408,74.1
1787235443726,4850224,74.1
1787235443781,4809728,69.9
1787235443841,4742336,69.9
1787235443903,4721648,66.6
1787235443968,4759856,66.6
1787235444034,4698416,69.0
1787235444098,4814944,69.0
1787235444157,4813616,74.6
1787235444218,4862512,74.6
1787235444277,4912768,73.8
1787235444331,4923536,73.8
1787235444396,4918064,75.3
1787235444460,4974448,75.3
1787235444517,4974592,75.3
1787235444581,5070352,76.8
1787235444644,5089840,76.8
1787235444702,5084592,77.0
1787235444762,5107904,77.0
1787235444824,5262032,75.9
1787235444882,5283504,75.9
1787235444945,5267472,76.1
1787235445003,5239248,76.1
1787235445069,5221744,71.2
1787235445130,5198656,71.2
1787235445189,5164112,69.3
1787235445247,5175920,69.3
1787235445304,5110160,68.0
1787235445361,5128912,68.0
1787235445424,5173168,67.5
1787235445483,5157328,67.5
1787235445548,5165040,71.7
1787235445607,5191504,71.7
1787235445671,5159984,75.1
1787235445736,5135856,75.1
1787235445794,5138656,77.5
1787235445854,5085792,77.5
1787235445921,4945600,76.3
1787235445985,4747184,76.3
1787235446041,4656256,72.9
1787235446106,4665264,72.9
1787235446165,4670752,74.2
1787235446225,4688960,74.2
1787235446284,4643312,75.1
1787235446347,4621152,75.1
1787235446410,4575440,76.4
1787235446471,4559088,76.4
1787235446525,4514976,76.6
1787235446585,4537120,76.6
1787235446645,4544464,76.6
1787235446699,4531952,78.2
1787235446762,4581008,78.2
1787235446822,4531888,79.2
1787235446883,4555696,79.2
1787235446938,4573328,79.8
1787235446998,4551984,79.8
1787235447064,4550384,76.4
1787235447123,4567088,76.4
1787235447188,4537504,77.1
1787235447246,4573952,77.1
1787235447311,4586064,76.5
1787235447372,4709968,76.5
1787235447433,4803632,78.6
1787235447488,4885744,78.6
1787235447552,4903120,76.0
1787235447611,4946768,76.0
1787235447665,4951856,76.1
1787235447731,4954176,76.1
1787235447795,4920384,77.1
1787235447859,4933440,77.1
1787235447925,4940784,76.1
1787235447984,4918176,76.1
1787235448039,4932592,77.2
1787235448103,4950912,77.2
1787235448164,4956064,78.1
1787235448220,4961856,78.1
1787235448278,4957616,78.3
1787235448335,4918576,78.3
1787235448394,4921872,78.3
1787235448450,4911152,78.1
1787235448508,4920128,78.1
1787235448568,4929328,78.3
1787235448624,4965792,78.3
1787235448680,4929264,78.4
1787235448734,4973712,78.4
1787235448790,4952960,77.9
1787235448845,4978640,77.9
1787235448900,4878928,77.7
1787235448962,4857088,77.7
1787235449017,4870928,77.7
1787235449082,4884192,78.5
1787235449145,4880560,78.5
1787235449210,4887888,79.3
1787235449276,4901232,78.3
1787235449340,4909680,78.3
1787235449396,4936704,78.3
1787235449455,4978912,79.0
1787235449519,4994240,79.0
1787235449583,4977664,80.0
1787235449643,4972848,80.0
1787235449707,4965632,78.7
1787235449772,5014240,78.7
1787235449825,4955920,79.2
1787235449890,4974800,79.2
1787235449944,4945216,78.7
1787235450002,4938688,78.7
1787235450060,4941296,78.6
1787235450124,4991072,78.6
1787235450190,4952960,79.6
1787235450251,4945936,79.6
1787235450305,4980288,79.4
1787235450364,5046928,79.4
1787235450421,5078752,78.6
1787235450477,5047632,78.6
1787235450537,4987952,77.1
1787235450599,4957824,77.1
1787235450658,4943584,76.3
1787235450722,4971104,76.3
1787235450776,4942096,77.7
1787235450837,4918752,77.7
1787235450897,4915648,77.7
1787235450954,4947408,76.9
1787235451013,4916736,76.9
1787235451077,4895856,76.6
1787235451133,4862768,76.6
1787235451198,4846384,78.1
1787235451263,4855104,78.1
1787235451322,4863200,77.8
1787235451380,4835552,77.8
1787235451445,4815728,77.6
1787235451504,4815376,77.6
1787235451557,4769408,77.5
1787235451620,4774576,77.5
1787235451675,4799952,77.6
1787235451740,4851312,77.6
1787235451796,4906992,78.0
1787235451862,4964592,78.0
1787235451926,4897456,77.7
1787235451982,4874000,77.7
1787235452047,4856944,77.2
1787235452111,4793424,77.2
1787235452166,4798768,76.3
1787235452230,4813680,76.3
1787235452294,4827104,77.2
1787235452350,4835504,77.2
1787235452404,4823664,77.5
1787235452461,4816416,77.5
1787235452516,4858320,77.5
1787235452579,4903360,79.3
1787235452635,4918528,79.3
1787235452700,4887072,79.6
1787235452763,4868912,79.6
1787235452826,4826176,77.0
1787235452885,4824208,77.0
1787235452949,4829584,77.4
1787235453014,4757840,77.4
1787235453069,4794400,75.5
1787235453127,4728688,75.5
1787235453182,4713664,77.4
1787235453245,4867184,77.4
1787235453310,4927952,79.7
1787235453369,4937216,79.7
1787235453431,4971216,76.9
1787235453492,5039504,76.9
1787235453557,5030480,74.7
1787235453620,4973680,74.7
1787235453675,4951552,72.0
1787235453731,4965520,72.0
1787235453794,4933040,72.2
1787235453858,4933888,72.2
1787235453915,4897680,70.5
1787235453981,4957648,70.5
1787235454038,4939584,68.5
1787235454102,5012720,68.5
1787235454163,5060752,72.9
1787235454224,5090448,72.9
1787235454288,5036784,74.8
1787235454347,5002048,74.8
1787235454404,5025200,76.5
1787235454464,4982032,76.5
1787235454529,4957696,76.4
1787235454594,4980704,76.4
1787235454656,5031488,78.0
1787235454717,4920480,78.0
1787235454781,4886368,77.2
1787235454845,4869952,77.2
1787235454907,4861776,79.0
1787235454966,4858208,79.0
1787235455022,4850928,79.0
1787235455084,4899520,79.8
1787235455137,4912832,79.8
1787235455202,4898608,80.1
1787235455265,4882576,80.1
1787235455328,4873440,78.6
1787235455392,4831888,78.6
1787235455451,4829664,78.6
1787235455517,4881568,78.6
1787235455577,4901280,79.2
1787235455638,4897360,79.2
1787235455694,4872096,79.0
1787235455758,4956224,79.0
1787235455816,5043024,77.1
1787235455876,5005760,77.1
1787235455931,4967184,76.3
1787235455992,4951872,76.3
1787235456051,4947008,76.5
1787235456110,4951744,76.5
1787235456171,4908640,76.9
1787235456226,4907568,76.9
1787235456291,4932704,77.5
1787235456345,4931584,77.5
1787235456403,4948160,77.5
1787235456466,4939952,76.5
1787235456524,4938032,76.5
1787235456591,4886912,77.4
1787235456655,4880960,77.5
1787235456718,4881424,77.5
1787235456773,4886768,77.5
1787235456831,4881248,78.9
1787235456894,4850736,78.9
1787235456958,4769856,78.3
1787235457023,4735168,78.3
1787235457081,4739904,78.0
1787235457143,4714208,78.0
1787235457208,4706384,76.9
1787235457264,4731792,76.9
1787235457319,4714656,77.3
1787235457377,4739040,77.3
1787235457432,4744944,78.7
1787235457498,4751664,78.7
1787235457558,4786400,79.2
1787235457620,4780304,79.2
1787235457679,4770160,77.9
1787235457736,4802368,77.9
1787235457802,4817488,78.6
1787235457866,4774832,78.6
1787235457927,4819120,77.8
1787235457992,4759328,77.8
1787235458058,4774064,78.6
1787235458117,4689600,78.6
1787235458176,4737680,77.8
1787235458236,4766960,77.8
1787235458295,4827200,78.7
1787235458352,4845456,78.7
1787235458408,4862048,79.0
1787235458467,4845728,79.0
1787235458521,4858032,79.0
1787235458583,4862048,78.9
1787235458645,4903840,78.9
1787235458700,4835600,79.0
1787235458755,4859424,79.0
1787235458818,4832432,79.4
1787235458882,4821456,79.4
1787235458943,4851088,78.6
1787235458999,4791536,78.6
1787235459055,4783696,78.8
1787235459118,4804064,78.8
1787235459183,4809504,78.2
1787235459241,4817888,78.2
1787235459299,4814032,78.0
1787235459354,4808672,78.0
1787235459412,4809280,79.0
1787235459475,4830848,79.0
1787235459529,4858160,79.0
1787235459590,4867904,80.6
1787235459646,4856720,80.6
1787235459702,4860512,79.0
1787235459759,4871616,79.0
1787235459821,4871456,77.9
1787235459876,4879360,77.9
1787235459940,4894736,77.9
1787235459996,4892544,77.9
1787235460055,4857056,77.2
1787235460113,4882816,77.2
1787235460170,4896704,78.1
1787235460232,4888880,78.1
1787235460290,4922784,77.9
1787235460351,4911392,77.9
1787235460410,4928736,77.5
1787235460468,4888160,77.5
1787235460535,4909792,77.1
1787235460601,4915536,77.1
1787235460656,4929088,77.1
1787235460720,4901120,78.3
1787235460782,4913440,78.3
1787235460842,4910160,78.7
1787235460905,4927232,78.7
1787235460965,4923120,78.3
1787235461028,4911472,78.3
1787235461094,4873632,78.4
1787235461153,4878960,78.4
1787235461217,4933840,78.3
1787235461275,4943936,78.3
1787235461334,4924496,79.1
1787235461394,4934176,79.1
1787235461455,4980400,78.6
1787235461519,4953680,78.6
1787235461576,4950816,77.8
1787235461639,4962496,77.8
1787235461703,4951536,77.6
1787235461762,4954464,77.6
1787235461816,4896928,76.5
1787235461885,4915104,76.5
1787235461942,4872832,77.7
1787235461999,4823632,77.7
1787235462061,4810880,76.2
1787235462121,4807440,76.2
1787235462184,4836080,76.9
1787235462248,4858784,76.9
1787235462315,4839520,77.1
1787235462372,4836624,77.1
1787235462435,4844864,77.7
1787235462497,4865696,77.7
1787235462562,4844544,78.4
1787235462618,4848448,78.4
1787235462682,4768032,77.2
1787235462747,4794144,77.2
1787235462812,4770096,77.5
1787235462875,4743424,77.5
1787235462931,4764976,78.1
1787235462994,4776176,78.1
1787235463059,4761280,79.5
1787235463119,4639120,79.5
1787235463176,4653680,77.5
1787235463230,4681872,77.5
1787235463285,4716688,77.5
1787235463351,4760448,77.8
1787235463414,4777184,79.0
1787235463476,4835936,79.0
1787235463534,4813744,79.0
1787235463593,4833008,80.2
1787235463657,4937184,80.2
1787235463714,5020352,82.3
1787235463772,5006016,82.3
1787235463831,4956320,78.1
1787235463896,4927200,78.1
1787235463958,4870112,73.0
1787235464018,4844768,73.0
1787235464083,4837808,71.2
1787235464144,4867040,71.2
1787235464205,4825488,69.9
1787235464262,4863456,69.9
1787235464317,4769280,67.6
1787235464375,4793312,67.6
1787235464437,4747488,68.9
1787235464495,4790800,68.9
1787235464556,4802496,72.3
1787235464611,4805248,72.3
1787235464672,4779216,74.6
1787235464735,4799312,74.6
1787235464796,4759360,74.5
1787235464861,4707872,74.5
1787235464926,4619568,74.5
1787235464981,4622800,74.5
1787235465038,4612880,75.9
1787235465104,4594016,75.9
1787235465168,4629632,76.8
1787235465233,4626336,76.8
1787235465293,4635488,78.4
1787235465352,4622576,78.4
1787235465406,4644640,78.4
1787235465467,4606192,78.3
1787235465527,4617072,78.3
1787235465584,4581312,77.7
1787235465648,4633536,77.7
1787235465705,4638912,79.2
1787235465771,4636528,79.2
1787235465829,4657920,80.4
1787235465887,4611120,80.4
1787235465954,4619760,79.0
1787235466011,4570128,79.0
1787235466073,4574432,78.3
1787235466138,4533680,78.3
1787235466194,4557696,78.0
1787235466259,4629040,78.0
1787235466323,4647520,78.4
1787235466378,4669232,78.4
1787235466437,4651104,79.3
1787235466501,4670432,79.3
1787235466565,4646848,78.9
1787235466622,4632192,78.9
1787235466685,4645296,77.9
1787235466742,4663248,77.9
1787235466808,4634624,78.1
1787235466872,4588560,78.1
1787235466925,4612976,76.9
1787235466982,4610912,76.9
1787235467038,4608960,76.9
1787235467103,4641888,78.1
1787235467168,4570144,76.8
1787235467225,4555856,76.8
1787235467286,4579568,76.8
1787235467346,4573840,79.9
1787235467410,4481856,79.9
1787235467466,4502240,74.9
1787235467530,4480592,74.9
1787235467587,4446032,76.2
1787235467648,4450896,76.2
1787235467710,4458624,76.4
1787235467776,4392000,76.4
1787235467841,4413776,77.5
1787235467905,4409728,77.5
1787235467970,4383936,80.4
1787235468026,4369344,80.4
1787235468081,4354160,79.3
1787235468144,4400800,79.3
1787235468208,4414976,77.5
1787235468262,4444192,77.5
1787235468318,4406512,76.8
1787235468378,4413280,76.8
1787235468441,4440768,78.6
1787235468500,4457504,78.6
1787235468566,4450144,79.6
1787235468623,4459184,79.6
1787235468684,4478384,78.4
1787235468742,4621248,78.4
1787235468799,4654464,80.6
1787235468859,4575408,80.6
1787235468922,4893856,83.2
1787235468988,4862976,83.2
1787235469049,4874288,76.0
1787235469112,4784208,76.0
1787235469168,4777520,73.1
1787235469227,4808976,73.1
1787235469291,4808240,71.5
1787235469359,4775360,71.5
1787235469419,4786496,68.4
1787235469485,4749760,68.4
1787235469553,4736768,65.7
1787235469615,4875888,65.7
1787235469678,4811408,68.8
1787235469734,4694912,68.8
1787235469800,4731232,68.5
1787235469857,4731184,68.5
1787235469925,4644144,67.3
1787235469983,4690608,67.3
1787235470043,4589936,67.6
1787235470102,4709136,67.6
1787235470157,4629856,67.6
1787235470222,4628528,71.3
1787235470280,4598560,71.3
1787235470334,4582448,74.5
1787235470400,4558032,74.5
1787235470454,4571680,77.0
1787235470518,4545600,77.0
1787235470577,4550224,76.3
1787235470632,4585520,76.3
1787235470689,4578240,79.5
1787235470744,4589904,79.5
1787235470808,4561680,78.5
1787235470865,4560752,78.5
1787235470921,4549120,77.7
1787235470981,4615760,77.7
1787235471047,4706816,78.7
1787235471105,4715232,78.7
1787235471162,4608064,78.7
1787235471225,4597456,78.0
1787235471283,4627808,78.0
1787235471340,4664016,79.4
1787235471394,4676192,79.4
1787235471455,4694208,76.9
1787235471519,4678256,76.9
1787235471573,4707696,77.2
1787235471632,4689568,77.2
1787235471688,4716848,78.0
1787235471752,5081200,78.0
1787235471813,5059040,80.2
1787235471867,5009072,80.2
1787235471925,4931776,75.2
1787235471990,4914384,75.2
1787235472048,4858272,72.6
1787235472109,4867744,72.6
1787235472172,4838544,68.1
1787235472228,4800960,68.1
1787235472285,4774784,68.1
1787235472353,4692176,66.9
1787235472419,4682864,66.9
1787235472484,4699600,67.3
1787235472539,4791712,67.3
1787235472600,4888816,70.4
1787235472660,4863440,70.4
1787235472724,4829232,72.9
1787235472778,4804560,72.9
1787235472844,4806416,72.2
1787235472908,4748000,72.2
1787235472966,4735968,71.2
1787235473030,4779936,71.2
1787235473096,4755680,69.7
1787235473152,4837632,69.7
1787235473217,4863232,72.2
1787235473271,4818896,72.2
1787235473332,4795840,75.1
1787235473386,4819264,75.1
1787235473444,4786896,76.5
1787235473508,4789440,76.5
1787235473566,4758816,77.7
1787235473623,4742960,77.7
1787235473679,4715168,77.2
1787235473744,4721264,77.2
1787235473802,4803392,78.1
1787235473857,4789824,78.1
1787235473921,4819936,78.1
1787235473980,4786960,78.5
1787235474043,4689120,78.5
1787235474102,4680304,76.4
1787235474156,4670784,76.4
1787235474222,4684512,78.6
1787235474279,4649248,78.6
1787235474343,4657280,79.7
1787235474402,4673840,79.7
1787235474459,4630704,77.5
1787235474516,4622320,77.5
1787235474583,4585328,77.7
1787235474643,4655424,77.7
1787235474709,4663424,77.4
1787235474772,4709488,77.4
1787235474830,4673024,79.0
1787235474886,4669872,79.0
1787235474950,4705968,78.6
1787235475005,4734128,78.6
1787235475064,4714944,77.9
1787235475128,4710352,77.9
1787235475185,4702112,77.2
1787235475252,4688000,77.2
1787235475317,4684416,76.2
1787235475381,4683488,76.2
1787235475446,4656864,77.0
1787235475501,4642224,77.0
1787235475557,4679584,77.1
1787235475616,4673440,77.1
1787235475680,4662432,75.0
1787235475744,4600720,75.0
1787235475808,4603152,75.8
1787235475866,4593008,75.8
1787235475920,4620192,75.8
1787235475978,4611728,75.6
1787235476037,4551824,75.6
1787235476094,4566672,74.4
1787235476154,4582112,74.4
1787235476220,4654800,73.8
1787235476286,4650400,73.8
1787235476351,4635120,74.8
1787235476410,4562528,74.8
1787235476472,4479360,74.9
1787235476533,4449792,74.9
1787235476588,4430800,75.1
1787235476653,4423152,75.1
1787235476717,4545968,76.5
1787235476783,4633264,76.5
1787235476851,4642352,78.2
1787235476914,4589872,78.2
1787235476974,4572256,78.0
1787235477039,4569936,78.0
1787235477096,4527392,78.4
1787235477154,4498560,78.4
1787235477211,4468528,76.8
1787235477275,4476848,76.8
1787235477334,4514576,75.3
1787235477393,4534480,75.3
1787235477458,4476208,77.2
1787235477523,4484976,77.2
1787235477586,4514480,75.6
1787235477643,4549488,75.6
1787235477699,4515872,76.7
1787235477764,4562720,76.7
1787235477820,4576272,78.3
1787235477878,4552352,78.3
1787235477942,4542960,78.7
1787235478008,4524848,78.7
1787235478071,4536336,75.1
1787235478131,4510560,75.1
1787235478196,4511488,76.1
1787235478260,4554560,76.1
1787235478318,4529456,77.8
1787235478376,4405680,77.8
1787235478437,4521712,74.2
1787235478497,4552688,74.2
1787235478551,4582736,75.4
1787235478616,4506736,75.4
1787235478676,4507776,75.4
1787235478734,4502944,76.0
1787235478792,4512080,76.0
1787235478858,4479952,75.3
1787235478923,4449056,75.3
1787235478985,4426224,75.1
1787235479051,4519568,75.1
1787235479107,4622832,76.4
1787235479162,4650288,76.4
1787235479220,4533968,79.1
1787235479285,4569296,79.1
1787235479349,4576496,74.5
1787235479411,4487184,74.5
1787235479468,4502480,72.8
1787235479532,4539984,72.8
1787235479595,4558672,71.9
1787235479654,4577312,71.9
1787235479717,4465728,70.9
1787235479777,4470496,70.9
1787235479839,4402864,67.9
1787235479905,4441008,67.9
1787235479960,4490880,69.8
1787235480028,4516672,69.8
1787235480086,4317456,67.8
1787235480144,4273040,67.8
1787235480202,4344704,71.1
1787235480257,4412672,71.1
1787235480322,4339200,74.2
1787235480387,4362224,74.2
1787235480442,4353664,74.3
1787235480504,4361392,74.3
1787235480569,4324864,74.7
1787235480626,4332624,74.7
1787235480683,4327248,75.8
1787235480737,4329840,75.8
1787235480802,4344288,76.5
1787235480868,4328048,76.5
1787235480922,4309280,76.5
1787235480981,4245248,76.0
1787235481045,4245840,76.0
1787235481108,4210432,74.5
1787235481162,4233792,74.5
1787235481215,4221712,75.5
1787235481270,4211568,75.5
1787235481335,4220912,76.5
1787235481394,4253648,76.5
1787235481451,4288352,76.0
1787235481516,4218896,76.0
1787235481574,4241136,76.8
1787235481637,4229200,76.8
1787235481702,4189056,77.9
1787235481760,4219072,77.9
1787235481821,4188784,76.5
1787235481876,4195744,76.5
1787235481941,4176384,77.0
1787235482007,4177936,77.0
1787235482073,4151968,77.8
1787235482133,4160320,77.8
1787235482189,4182448,75.5
1787235482254,4218480,75.5
1787235482317,4205712,75.4
1787235482378,4219904,75.4
1787235482442,4260256,77.3
1787235482497,4385152,77.3
1787235482557,4646432,81.4
1787235482618,4633840,81.4
1787235482677,4666096,81.4
1787235482740,4631056,75.9
1787235482796,4644752,75.9
1787235482851,4679920,70.7
1787235482913,4673808,70.7
1787235482978,4597408,68.8
1787235483044,4620080,68.8
1787235483105,4603248,66.6
1787235483167,4601872,66.6
1787235483227,4692384,68.0
1787235483282,4741648,68.0
1787235483337,4714176,68.4
1787235483392,4719392,68.4
1787235483451,4799376,67.7
1787235483505,4794624,67.7
1787235483567,4811280,69.7
1787235483623,4839792,69.7
1787235483689,4819392,72.3
1787235483749,4741920,72.3
1787235483811,4715760,71.5
1787235483865,4704864,71.5
1787235483920,4684704,71.5
1787235483976,4665888,69.2
1787235484038,4589936,69.2
1787235484102,4628160,70.3
1787235484166,4651952,70.3
1787235484226,4675072,74.0
1787235484291,4597856,74.0
1787235484346,4571152,73.0
1787235484400,4589152,73.0
1787235484454,4591248,74.5
1787235484516,4594000,74.5
1787235484574,4588048,76.5
1787235484629,4624224,76.5
1787235484691,4598432,76.0
1787235484745,4691792,76.0
1787235484800,4754736,76.0
1787235484856,4639696,78.7
1787235484918,4953200,78.7
1787235484978,4912656,78.2
1787235485034,4887280,78.2
1787235485090,4878608,74.1
1787235485149,4892240,74.1
1787235485215,4900032,71.9
1787235485273,4863776,71.9
1787235485330,4835168,68.7
1787235485388,4865472,68.7
1787235485445,4825776,65.6
1787235485507,4782736,65.6
1787235485573,4809616,66.0
1787235485633,4843904,66.0
1787235485687,4882912,70.0
1787235485742,4872672,70.0
1787235485800,4859424,70.0
1787235485860,4862112,72.4
1787235485917,4802864,72.4
1787235485978,4813392,73.8
1787235486043,4789744,73.8
1787235486105,4796960,76.0
1787235486171,4740144,76.0
1787235486228,4752480,75.4
1787235486287,4721776,75.4
1787235486351,4728944,75.9
1787235486409,4684144,75.9
1787235486476,4659520,75.7
1787235486539,4615776,75.7
1787235486595,4593504,75.9
1787235486652,4585520,75.9
1787235486709,4609472,77.5
1787235486766,4617680,77.5
1787235486826,4601280,78.9
1787235486891,4547712,78.9
1787235486944,4557232,76.6
1787235486998,4562016,76.6
1787235487062,4616832,76.9
1787235487124,4558080,76.9
1787235487188,4494864,76.1
1787235487252,4481424,76.1
1787235487306,4430736,76.1
1787235487370,4418112,73.9
1787235487425,4407520,73.9
1787235487483,4383120,75.4
1787235487543,4376848,75.4
1787235487602,4371120,76.8
1787235487669,4333808,76.8
1787235487732,4355280,74.1
1787235487797,4320416,74.1
1787235487857,4306768,76.5
1787235487912,4330912,76.5
1787235487969,4337824,77.7
1787235488025,4314560,77.7
1787235488090,4270640,76.1
1787235488153,4321536,76.1
1787235488219,4393424,76.6
1787235488287,4293040,76.6
1787235488344,4306336,76.3
1787235488401,4322928,76.3
1787235488465,4336960,76.5
1787235488522,4364496,76.5
1787235488580,4356416,77.7
1787235488639,4359488,77.7
1787235488699,4377696,78.8
1787235488755,4459408,78.8
1787235488811,4562704,78.4
1787235488876,4432144,78.4
1787235488942,4418464,77.3
1787235489001,4407760,77.3
1787235489060,4409776,75.6
1787235489125,4478240,75.6
1787235489188,4509904,76.0
1787235489253,4495904,76.0
1787235489311,4514400,76.6
1787235489374,4709792,76.6
1787235489436,4814000,80.4
1787235489501,4819232,80.4
1787235489560,4756272,77.0
1787235489617,4742720,77.0
1787235489673,4727952,77.0
1787235489730,4786256,74.1
1787235489791,4784208,74.1
1787235489854,4771904,71.9
1787235489914,4714304,71.9
1787235489979,4733520,66.9
1787235490035,4692464,66.9
1787235490096,4637920,69.0
1787235490157,4599568,69.0
1787235490216,4570368,71.8
1787235490270,4576048,71.8
1787235490324,4555696,70.6
1787235490383,4564432,70.6
1787235490446,4508208,73.1
1787235490509,4525520,73.1
1787235490571,4487808,75.8
1787235490635,4534384,75.8
1787235490693,4554832,76.0
1787235490759,4536752,76.0
1787235490824,4563408,75.8
1787235490879,4522624,75.8
1787235490944,4514944,76.5
1787235491005,4495232,76.5
1787235491069,4438096,76.8
1787235491127,4381584,76.8
1787235491186,4408608,75.2
1787235491245,4403488,75.2
1787235491308,4355824,74.9
1787235491372,4318848,74.9
1787235491428,4361744,74.9
1787235491490,4384400,77.2
1787235491555,4375312,77.2
1787235491617,4377456,78.1
1787235491679,4397536,78.1
1787235491736,4410992,78.3
1787235491799,4740608,78.3
1787235491865,4832944,82.2
1787235491930,4758832,82.2
1787235491994,4779328,76.7
1787235492051,4714160,76.7
1787235492107,4702224,73.8
1787235492162,4734320,73.8
1787235492219,4745520,71.8
1787235492276,4639824,71.8
1787235492332,4657680,67.0
1787235492394,4647440,67.0
1787235492450,4699632,69.6
1787235492515,4701600,69.6
1787235492580,4718720,72.7
1787235492637,4796080,72.7
1787235492691,4868176,75.4
1787235492755,4839120,75.4
1787235492818,4854160,76.5
1787235492884,4651792,76.5
1787235492950,4646368,74.1
1787235493013,4613408,74.1
1787235493072,4537552,74.2
1787235493127,4571952,74.2
1787235493190,4803328,77.1
1787235493245,4806704,77.1
1787235493300,4786320,77.1
1787235493362,4768144,76.3
1787235493419,4709840,76.3
1787235493474,4688576,75.2
1787235493533,4628560,75.2
1787235493600,4601552,74.5
1787235493662,4576448,74.5
1787235493720,4567888,73.9
1787235493783,4638048,73.9
1787235493839,4722736,69.4
1787235493896,4692320,69.4
1787235493952,4671888,69.2
1787235494016,4632048,69.2
1787235494075,4553088,68.4
1787235494137,4572544,68.4
1787235494192,4620544,68.6
1787235494255,4664240,68.6
1787235494315,4613888,71.4
1787235494376,4688304,71.4
1787235494442,4644496,73.9
1787235494496,4656416,73.9
1787235494559,4667392,73.9
1787235494617,4683968,73.7
1787235494682,4559120,73.7
1787235494747,4542496,75.5
1787235494811,4444800,75.5
1787235494872,4481120,75.1
1787235494932,4408480,75.1
1787235494997,4409504,74.8
1787235495061,4227408,74.8
1787235495114,4235072,73.6
1787235495170,4220288,73.6
1787235495235,4217664,75.7
1787235495295,4246112,75.7
1787235495362,4189760,76.3
1787235495423,4208096,76.3
1787235495479,4174512,76.4
1787235495545,4130768,76.4
1787235495603,4126640,78.3
1787235495661,4175936,78.3
1787235495715,4163248,77.0
1787235495772,4136608,77.0
1787235495833,3970080,76.4
1787235495898,3936288,76.4
1787235495963,3974928,76.7
1787235496027,4049328,76.7
1787235496091,4142272,77.5
1787235496148,4144624,77.5
1787235496204,4200288,78.1
1787235496261,4196752,78.1
1787235496317,4203824,77.0
1787235496381,4194800,77.0
1787235496445,4184720,76.7
1787235496499,4155568,76.7
1787235496561,4141488,76.7
1787235496615,4188048,76.6
1787235496670,4188224,76.6
1787235496733,4180800,78.1
1787235496797,4192752,78.1
1787235496851,4143712,78.3
1787235496915,4007168,78.3
1787235496970,4008880,76.0
1787235497026,4006768,76.0
1787235497082,4049216,78.7
1787235497144,4171216,78.7
1787235497207,4215072,76.7
1787235497271,4227328,76.7
1787235497328,4183776,76.7
1787235497387,4194608,76.7
1787235497442,4110640,75.4
1787235497500,4050608,75.4
1787235497560,4046112,75.4
1787235497624,4078768,73.9
1787235497690,4138400,75.2
1787235497750,4174032,75.2
1787235497811,4575824,75.2
1787235497878,4561488,78.7
1787235497942,4722688,74.1
1787235498005,4643424,74.1
1787235498071,4518944,69.4
1787235498130,4565472,69.4
1787235498185,4566480,69.4
1787235498252,4543616,70.6
1787235498316,4520592,67.7
1787235498382,4488448,67.7
1787235498444,4384640,64.9
1787235498507,4372848,64.9
1787235498565,4427392,68.8
1787235498625,4409184,68.8
1787235498692,4431776,71.8
1787235498750,4401680,71.8
1787235498815,4365584,72.8
1787235498873,4341024,72.8
1787235498939,4272304,72.8
1787235498998,4261648,72.4
1787235499059,4265728,72.4
1787235499120,4195328,74.0
1787235499177,4154624,74.0
1787235499231,4117008,73.5
1787235499295,4110144,73.5
1787235499352,4142656,76.2
1787235499406,4163264,76.2
1787235499466,4455600,79.1
1787235499524,4403120,79.1
1787235499584,4372640,76.6
1787235499643,4383792,76.6
1787235499699,4395088,74.1
1787235499758,4271056,74.1
1787235499817,4245360,72.2
1787235499871,4257504,72.2
1787235499927,4212480,72.2
1787235499984,4167744,71.6
1787235500049,4222848,71.6
1787235500112,4275376,71.2
1787235500172,4218992,71.2
1787235500233,4217808,74.8
1787235500291,4213744,74.8
1787235500346,4185888,73.6
1787235500400,4350480,73.6
1787235500463,4279840,76.2
1787235500522,4251936,76.2
1787235500579,4250784,73.6
1787235500637,4242192,73.6
1787235500695,4229328,71.4
1787235500757,4275184,71.4
1787235500812,4305312,71.4
1787235500882,4147760,73.3
1787235500939,4117872,73.3
1787235501002,4097920,72.9
1787235501063,4120912,72.9
1787235501123,4102464,73.2
1787235501177,4084416,73.2
1787235501234,4071536,74.7
1787235501296,4084480,74.7
1787235501361,4086928,75.4
1787235501424,4206960,75.4
1787235501483,4217392,78.1
1787235501539,4199072,78.1
1787235501605,4106688,76.2
1787235501661,4096912,76.2
1787235501716,4113120,73.6
1787235501777,4096976,73.6
1787235501836,4038560,74.5
1787235501894,4015344,74.5
1787235501949,4111696,77.9
1787235502004,4124464,77.9
1787235502061,4062624,77.9
1787235502125,4057120,76.3
1787235502189,4024752,76.3
1787235502246,4102528,72.7
1787235502311,4132112,72.7
1787235502372,4118416,75.3
1787235502431,4068944,75.3
1787235502489,4088400,75.4
1787235502547,4241072,75.4
1787235502603,4153840,78.0
1787235502659,4211104,78.0
1787235502716,4196896,76.8
1787235502771,4242256,76.8
1787235502836,4229088,74.5
1787235502891,4183456,74.5
1787235502950,4197168,73.5
1787235503005,4274224,73.5
1787235503062,4286128,73.5
1787235503126,4219200,76.5
1787235503185,4260992,76.5
1787235503245,4168784,77.5
1787235503299,4154656,77.5
1787235503363,4166976,77.4
1787235503422,4163264,77.4
1787235503485,4138032,77.8
1787235503542,4120944,77.8
1787235503600,4159760,77.5
1787235503664,4106288,77.5
1787235503725,4087920,79.0
1787235503784,4109504,79.0
1787235503838,4097376,80.7
1787235503901,4138944,80.7
1787235503965,4117632,78.5
1787235504029,4077040,78.5
1787235504086,4070208,76.8
1787235504149,4054752,76.8
1787235504204,4064032,79.0
1787235504262,4098768,79.0
1787235504322,4119280,79.0
1787235504376,4193712,79.0
1787235504431,4210128,79.0
1787235504488,4257184,79.2
1787235504549,4296464,79.2
1787235504606,4298656,79.1
1787235504667,4301968,79.1
1787235504725,4270752,80.2
1787235504789,4333392,80.2
1787235504855,4331456,79.6
1787235504915,4351184,79.6
1787235504979,4346512,77.2
1787235505038,4356592,77.2
1787235505102,4373888,77.8
1787235505160,4350784,77.8
1787235505226,4352816,79.8
1787235505284,4396976,79.8
1787235505348,4394640,77.8
1787235505402,4404464,77.8
1787235505458,4373888,77.1
1787235505518,4348000,77.1
1787235505577,4306016,76.1
1787235505635,4337920,76.1
1787235505691,4335584,76.1
1787235505750,4288576,76.3
1787235505814,4336784,76.3
1787235505869,4336720,76.5
1787235505931,4129728,76.5
1787235505997,3976384,71.9
1787235506059,3818944,71.9
1787235506123,3758672,69.4
1787235506185,3713840,69.4
1787235506243,3791056,69.8
1787235506297,3833392,69.8
1787235506352,3897392,73.9
1787235506405,4057152,73.9
1787235506460,4018064,76.0
1787235506516,4012864,76.0
1787235506578,3978864,77.1
1787235506640,3755824,77.1
1787235506697,3777568,70.8
1787235506762,3723200,70.8
1787235506817,3724096,70.8
1787235506874,3680656,71.8
1787235506931,3722928,71.8
1787235506986,3719776,70.5
1787235507048,3797440,70.5
1787235507113,3862576,69.8
1787235507169,3966752,69.8
1787235507232,3963648,65.1
1787235507294,4047520,65.1
1787235507357,4063840,65.5
1787235507415,4081376,65.5
1787235507471,4153904,63.3
1787235507531,4199280,63.3
1787235507595,4143360,64.8
1787235507653,4160256,64.8
1787235507707,4210288,66.5
1787235507771,4275568,66.5
1787235507826,4466544,66.2
1787235507884,4445440,66.2
1787235507944,4376832,66.2
1787235508000,4369712,67.5
1787235508057,4424176,67.5
1787235508119,4354208,67.9
1787235508184,4387120,67.9
1787235508242,4436592,67.3
1787235508300,4463008,67.3
1787235508356,4549536,69.9
1787235508409,4534592,69.9
1787235508473,4547088,72.4
1787235508537,4514960,72.4
1787235508599,4490672,72.7
1787235508663,4505168,72.7
1787235508727,4494896,75.9
1787235508793,4508064,75.9
1787235508859,4492368,74.4
1787235508919,4437456,74.4
1787235508984,4450096,74.8
1787235509045,4436768,74.8
1787235509107,4419120,75.2
1787235509171,4437008,75.2
1787235509237,4479184,77.0
1787235509297,4458112,77.0
1787235509354,4492896,75.9
1787235509418,4490496,75.9
1787235509480,4479504,75.9
1787235509538,4536896,75.9
1787235509601,4540352,75.0
1787235509666,4527616,75.0
1787235509731,4498000,76.2
1787235509790,4444176,76.2
1787235509846,4440032,75.9
1787235509909,4725488,75.9
1787235509967,4777264,80.1
1787235510024,4789472,80.1
1787235510087,4773440,73.4
1787235510147,4682688,73.4
1787235510205,4654128,71.4
1787235510263,4684896,71.4
1787235510320,4683024,71.4
1787235510386,4693536,69.0
1787235510450,4859472,66.4
1787235510505,4869760,66.4
1787235510570,4906976,66.4
1787235510624,4922528,70.1
1787235510684,4736160,70.1
1787235510740,4780000,69.0
1787235510805,4724016,69.0
1787235510865,4702464,70.3
1787235510921,4629760,70.3
1787235510987,4686064,71.8
1787235511043,4692416,71.8
1787235511104,4660480,73.0
1787235511167,4667440,73.0
1787235511223,4721408,72.4
1787235511287,4609280,72.4
1787235511348,4657952,74.5
1787235511409,4645040,74.5
1787235511473,4596368,75.0
1787235511538,4591536,75.0
1787235511599,4579296,75.9
1787235511663,4559936,75.9
1787235511723,4564736,75.8
1787235511778,4537824,75.8
1787235511839,4525392,77.4
1787235511894,4491600,77.4
1787235511959,4442512,77.4
1787235512016,4451184,77.4
1787235512082,4470976,79.0
1787235512147,4483520,79.0
1787235512203,4538352,78.0
1787235512265,4533840,78.0
1787235512331,4533760,76.8
1787235512396,4578112,76.8
1787235512459,4570592,76.4
1787235512519,4566208,76.4
1787235512583,4552288,78.4
1787235512645,4518576,78.4
1787235512700,4519824,78.0
1787235512764,4497984,78.0
1787235512826,4494400,77.1
1787235512887,4485824,77.1
1787235512940,4501440,77.1
1787235512997,4463920,78.2
1787235513057,4350032,78.2
1787235513122,4338784,75.9
1787235513183,4392240,75.9
1787235513247,4321360,75.3
1787235513307,4444976,75.3
1787235513362,4540208,77.9
1787235513426,4636896,77.9
1787235513490,4621952,76.9
1787235513554,4555472,76.9
1787235513619,4409200,72.6
1787235513683,4442960,72.6
1787235513742,4423072,74.5
1787235513796,4409536,74.5
1787235513862,4407616,75.0
1787235513927,4414928,75.0
1787235513991,4420848,75.5
1787235514050,4502336,75.5
1787235514113,4590144,78.7
1787235514167,4507712,78.7
1787235514232,4865520,78.0
1787235514294,4849920,78.0
1787235514357,4860848,74.4
1787235514415,4908176,74.4
1787235514477,4901856,72.4
1787235514531,4921840,72.4
1787235514586,4989584,73.8
1787235514649,4959232,73.8
1787235514716,4918128,71.1
1787235514783,4782368,71.1
1787235514841,4784304,71.8
1787235514904,4814192,71.8
1787235514964,4864384,73.3
1787235515018,4803408,73.3
1787235515076,4811936,73.3
1787235515140,4797664,75.6
1787235515204,4800032,75.9
1787235515270,4764784,75.9
1787235515333,4829040,77.6
1787235515394,4912832,77.6
1787235515450,4904880,77.6
1787235515510,4844432,76.0
1787235515571,4824976,76.0
1787235515636,4770416,72.3
1787235515697,4747824,72.3
1787235515754,4742416,71.7
1787235515818,4698000,71.7
1787235515883,4698096,69.6
1787235515943,4761056,69.6
1787235516008,4728464,71.5
1787235516073,4685232,71.5
1787235516128,4751760,71.0
1787235516191,4741568,71.0
1787235516247,4819776,73.9
1787235516308,4829776,73.9
1787235516372,4755168,75.0
1787235516428,4854576,75.0
1787235516493,4672464,73.8
1787235516551,4659792,73.8
1787235516614,4611968,70.9
1787235516680,4596832,70.9
1787235516748,4582832,70.6
1787235516810,4564624,70.6
1787235516867,4571168,68.9
1787235516931,4607328,68.9
1787235516990,4619888,71.3
1787235517048,4643936,71.3
1787235517112,4547376,74.2
1787235517168,4543296,74.2
1787235517224,4567456,74.2
1787235517286,4533440,74.2
1787235517344,4558688,76.2
1787235517402,4568960,76.2
1787235517462,4542960,77.5
1787235517526,4552128,77.5
1787235517591,4564976,78.2
1787235517657,4518688,78.2
1787235517720,4551936,78.3
1787235517777,4540576,78.3
1787235517833,4528928,79.3
1787235517893,4538192,79.3
1787235517952,4514848,79.3
1787235518011,4519424,77.9
1787235518076,4489888,77.9
1787235518139,4388960,77.5
1787235518205,4378512,76.9
1787235518266,4348080,76.9
1787235518325,4333312,76.9
1787235518381,4399808,75.7
1787235518446,4460192,75.7
1787235518504,4443344,78.0
1787235518567,4430048,78.0
1787235518622,4428800,76.6
1787235518686,4431152,76.6
1787235518748,4418048,76.7
1787235518811,4398512,76.7
1787235518875,4441232,77.2
1787235518938,4409824,77.2
1787235518994,4400464,76.3
1787235519049,4405024,76.3
1787235519110,4392048,76.9
1787235519165,4348528,76.9
1787235519224,4365488,77.8
1787235519286,4319664,77.8
1787235519345,4338352,76.6
1787235519408,4392784,76.6
1787235519463,4420032,80.2
1787235519527,4442064,80.2
1787235519592,4472656,77.8
1787235519647,4498576,77.8
1787235519705,4480016,77.8
1787235519761,4552704,77.0
1787235519818,4580000,77.0
1787235519884,4555712,78.3
1787235519948,4509680,78.3
1787235520003,4744128,78.1
1787235520059,4729696,78.1
1787235520119,4774224,76.9
1787235520185,4745328,76.9
1787235520248,4739712,74.3
1787235520313,4785136,74.3
1787235520379,4743424,73.0
1787235520443,4740832,73.0
1787235520508,4562976,70.0
1787235520566,4528912,70.0
1787235520630,4565792,68.2
1787235520688,4464992,68.2
1787235520754,4461808,69.9
1787235520813,4470352,69.9
1787235520869,4473040,73.1
1787235520934,4514912,73.1
1787235520992,4545152,76.5
1787235521056,4712224,76.5
1787235521119,4732496,74.8
1787235521177,4701392,74.8
1787235521239,4672592,74.4
1787235521297,4627488,74.4
1787235521356,4633568,71.2
1787235521415,4616640,71.2
1787235521477,4607632,70.7
1787235521533,4593680,70.7
1787235521596,4593744,68.5
1787235521663,4707680,68.5
1787235521722,4490848,67.6
1787235521782,4442784,67.6
1787235521847,4574592,69.3
1787235521912,4565760,69.3
1787235521978,4566496,74.0
1787235522032,4573776,74.0
1787235522097,4529392,75.8
1787235522162,4549920,75.8
1787235522219,4521056,76.9
1787235522285,4507680,76.9
1787235522342,4525744,75.4
1787235522404,4523616,75.4
1787235522469,4502656,75.9
1787235522530,4493984,75.9
1787235522595,4454768,77.0
1787235522659,4415472,77.0
1787235522719,4390832,76.9
1787235522785,4319104,76.9
1787235522849,4406304,77.9
1787235522914,4392240,77.9
1787235522975,4418784,76.5
1787235523039,4437520,76.5
1787235523099,4410704,77.5
1787235523164,4443936,77.5
1787235523217,4455760,77.1
1787235523277,4463920,77.1
1787235523335,4460400,77.7
1787235523393,4484560,77.7
1787235523457,4459664,77.7
1787235523519,4467072,78.9
1787235523583,4462304,78.9
1787235523642,4502688,77.7
1787235523701,4452304,77.7
1787235523758,4433552,77.2
1787235523812,4458496,77.2
1787235523865,4472800,78.9
1787235523931,4662992,78.9
1787235523993,4692352,81.4
1787235524059,4649776,81.4
1787235524118,4608560,78.8
1787235524184,4489616,78.8
1787235524248,4597392,77.0
1787235524310,4608624,77.0
1787235524372,4604528,79.5
1787235524426,4599440,79.5
1787235524491,4608976,79.4
1787235524552,4611728,79.4
1787235524612,4592528,78.1
1787235524676,4612064,78.1
1787235524741,4603392,78.6
1787235524804,4637872,78.6
1787235524870,4598752,78.1
1787235524939,4614352,78.1
1787235525001,4601088,78.3
1787235525058,4571936,78.3
1787235525122,4602640,79.3
1787235525183,4615680,79.3
1787235525244,4607728,77.8
1787235525301,4646608,77.8
1787235525365,4656816,76.6
1787235525420,4676000,76.6
1787235525478,4687536,75.6
1787235525541,4721056,75.6
1787235525598,4767424,76.4
1787235525661,4819648,76.4
1787235525719,4833728,77.2
1787235525779,4807536,77.2
1787235525843,4761904,76.3
1787235525907,4743472,76.3
1787235525966,4740736,76.1
1787235526024,4693648,76.1
1787235526088,4674128,76.0
1787235526143,4691952,76.0
1787235526206,4693952,76.0
1787235526263,4681184,76.7
1787235526318,4696080,76.7
1787235526384,4703216,77.2
1787235526448,4731312,77.2
1787235526508,4780192,76.5
1787235526568,4754192,76.5
1787235526634,4762080,75.7
1787235526691,4793744,75.7
1787235526747,4768048,77.0
1787235526803,4783568,77.0
1787235526863,4795744,75.7
1787235526926,4771632,75.7
1787235526990,4771072,76.5
1787235527045,4772320,76.5
1787235527101,4763648,76.0
1787235527165,4678784,76.0
1787235527222,4688032,76.3
1787235527283,4717712,76.3
1787235527345,4734320,76.6
1787235527410,4728240,76.6
1787235527474,4696496,76.9
1787235527531,4562768,76.9
1787235527594,4577856,75.1
1787235527657,4486976,75.1
1787235527723,4423488,75.3
1787235527785,4378800,75.3
1787235527844,4380864,75.4
1787235527899,4386336,75.4
1787235527954,4379024,75.4
1787235528009,4387936,76.1
1787235528064,4393104,76.1
1787235528126,4417248,76.9
1787235528191,4417600,76.9
1787235528249,4447264,77.1
1787235528308,4441808,77.1
1787235528369,4444176,77.9
1787235528422,4478592,77.9
1787235528486,4481888,77.5
1787235528546,4495536,77.5
1787235528607,4508880,78.9
1787235528665,4488480,78.9
1787235528728,4498768,78.3
1787235528789,4517840,78.3
1787235528854,4518832,77.7
1787235528918,4514736,77.7
1787235528978,4471792,77.1
1787235529043,4465424,77.1
1787235529110,4521424,76.2
1787235529173,4585056,76.2
1787235529238,4586480,76.5
1787235529303,4557328,76.5
1787235529367,4559008,76.4
1787235529430,4564688,76.4
1787235529488,4546032,76.2
1787235529544,4515200,76.2
1787235529607,4541328,76.1
1787235529667,4522960,76.1
1787235529730,4495168,77.1
1787235529786,4416192,77.1
1787235529843,4457632,77.4
1787235529898,4439536,77.4
1787235529955,4398256,77.4
1787235530019,4365984,77.4
1787235530073,4400640,77.4
1787235530130,4397600,77.5
1787235530189,4370048,77.5
1787235530255,4455968,77.7
1787235530314,4494592,77.7
1787235530379,4567216,76.0
1787235530443,4570544,76.0
1787235530499,4593008,76.8
1787235530553,4596288,76.8
1787235530615,4590512,76.8
1787235530679,4599808,76.8
1787235530740,4597808,77.1
1787235530796,4579216,77.1
1787235530857,4604464,76.4
1787235530924,4315728,76.4
1787235530981,4435360,72.1
1787235531047,4443232,72.1
1787235531109,4452672,73.2
1787235531175,4488720,73.2
1787235531238,4494848,74.6
1787235531300,4516256,74.6
1787235531361,4505424,75.0
1787235531421,4462976,75.0
1787235531486,4356752,73.2
1787235531551,4353280,73.2
1787235531614,4358336,72.9
1787235531672,4362000,72.9
1787235531735,4229520,75.1
1787235531798,4242816,75.1
1787235531857,4176624,71.7
1787235531916,4256240,71.7
1787235531979,4299776,73.8
1787235532041,4348992,73.8
1787235532106,4310064,74.4
1787235532163,4342672,74.4
1787235532225,4323616,74.3
1787235532283,4221456,74.3
1787235532340,4231376,74.3
1787235532396,4268368,73.5
1787235532452,4288160,73.5
1787235532515,4303104,72.9
1787235532581,4299728,72.9
1787235532637,4265600,73.3
1787235532700,4225072,73.3
1787235532756,4161760,72.7
1787235532815,4192672,72.7
1787235532880,4264864,72.9
1787235532944,4298000,72.9
1787235533008,4709424,79.3
1787235533070,4780464,79.3
1787235533132,4717760,79.9
1787235533194,4720144,79.9
1787235533250,4703408,74.3
1787235533306,4667136,74.3
1787235533364,4664752,70.9
1787235533429,4691520,70.9
1787235533494,4666896,70.6
1787235533552,4682896,70.6
1787235533612,4660080,72.9
1787235533670,4642960,72.9
1787235533736,4628144,75.1
1787235533796,4568144,75.1
1787235533862,4541712,73.2
1787235533925,4640368,73.2
1787235533981,4808592,76.5
1787235534037,4827392,76.5
1787235534098,4828880,75.5
1787235534163,4845280,75.5
1787235534222,4834576,71.9
1787235534286,4739392,71.9
1787235534346,4768512,74.2
1787235534401,4729584,74.2
1787235534458,4695664,74.2
1787235534522,4766576,74.5
1787235534587,4734576,74.5
1787235534649,4699872,75.9
1787235534713,4882880,75.9
1787235534776,4891472,80.5
1787235534839,4882112,80.5
1787235534898,4893984,85.0
1787235534962,4966672,85.0
1787235535027,4888048,84.4
1787235535085,4877056,84.4
1787235535147,4973360,81.4
1787235535210,5011648,81.4
1787235535264,5019984,82.6
1787235535325,5019424,82.6
1787235535389,5015888,85.0
1787235535445,5011504,85.0
1787235535508,4981728,86.4
1787235535572,4979600,86.4
1787235535635,4971184,90.1
1787235535698,4950752,90.1
1787235535756,4921456,90.3
1787235535819,4910992,90.3
1787235535875,4897440,95.5
1787235535934,4894064,95.5
1787235535998,4863904,96.4
1787235536062,4797072,96.4
1787235536127,4781872,95.7
1787235536190,4776432,95.7
1787235536251,4786416,98.2
1787235536311,4796976,98.2
1787235536368,4806576,100.0
1787235536429,4817312,100.0
1787235536488,4828080,98.7
1787235536549,4839120,98.7
1787235536614,4837360,100.0
1787235536680,4794496,100.0
1787235536743,4797152,99.9
1787235536806,4771104,99.9
1787235536863,4776272,98.6
1787235536923,4758384,98.6
1787235536986,4760560,96.9
1787235537051,4731312,96.9
1787235537112,4717648,99.4
1787235537173,4686640,99.4
1787235537242,4649504,98.1
1787235537304,4660720,98.1
1787235537367,4631792,96.0
1787235537428,4611856,96.0
1787235537491,4608448,94.8
1787235537549,4597088,94.8
1787235537607,4572464,96.7
1787235537670,4543472,96.7
1787235537733,4553760,96.2
1787235537797,4546736,96.2
1787235537859,4534224,98.3
1787235537922,4502624,98.3
1787235537975,4512192,97.5
1787235538030,4501488,97.5
1787235538093,4494464,97.5
1787235538154,4474944,97.6
1787235538217,4485792,97.6
1787235538282,4430688,100.0
1787235538344,4442336,100.0
1787235538403,4421888,97.9
1787235538466,4400496,97.9
1787235538529,4360720,99.8
1787235538593,4346064,99.8
1787235538650,4344368,98.3
1787235538713,4342752,98.3
1787235538776,4319744,100.0
1787235538831,4299792,100.0
1787235538889,4230288,97.5
1787235538944,4222432,97.5
1787235539008,4226544,97.7
1787235539072,4214352,97.7
1787235539135,4200512,98.8
1787235539198,4188896,98.8
1787235539261,4177536,99.7
1787235539324,4173904,99.7
1787235539387,4168960,98.4
1787235539451,4162688,98.4
1787235539518,4128928,99.0
1787235539583,4098496,99.0
1787235539640,4032160,98.5
1787235539703,4043616,98.5
1787235539766,4040928,98.5
1787235539823,4021632,98.5
1787235539877,4031264,100.0
1787235539940,4023008,100.0
1787235540000,4004512,99.3
1787235540055,3763648,99.3
1787235540116,3774944,94.9
1787235540175,3766288,94.9
1787235540241,3759280,98.5
1787235540305,3770992,98.5
1787235540364,3757328,97.2
1787235540425,3768048,97.2
1787235540488,3706176,96.9
1787235540551,3687840,96.9
1787235540613,3698272,97.4
1787235540676,3680896,97.4
1787235540744,3677104,99.0
1787235540804,3686336,99.0
1787235540868,3668720,100.0
1787235540931,3679968,100.0
1787235540994,3658720,99.4
1787235541055,3619984,99.4
1787235541112,3599904,97.6
1787235541176,3610608,97.6
1787235541243,3590384,98.5
1787235541306,3601248,98.5
1787235541369,3611312,97.8
1787235541429,3621456,97.8
1787235541492,3631232,97.0
1787235541550,3641232,97.0
1787235541607,3651200,96.0
1787235541670,3662736,96.0
1787235541733,3673648,96.6
1787235541791,3684400,96.6
1787235541855,3669440,96.6
1787235541918,3656704,96.7
1787235541977,3637856,96.7
1787235542040,3625760,95.5
1787235542095,3614064,95.5
1787235542153,3612912,94.9
1787235542220,3600272,94.9
1787235542286,3592128,97.7
1787235542349,3603600,97.7
1787235542404,3592944,99.1
1787235542468,3558336,99.1
1787235542531,3531168,97.0
1787235542591,3541472,97.0
1787235542653,3509040,97.0
1787235542711,3519808,97.0
1787235542767,3508656,97.8
1787235542828,3497520,97.8
1787235542891,3509136,98.4
1787235542951,3454192,98.4
1787235543015,3465824,99.0
1787235543070,3432576,99.0
1787235543129,3439552,99.3
1787235543184,3449504,99.3
1787235543242,3460320,98.0
1787235543303,3470784,98.0
1787235543360,3481664,99.0
1787235543423,3493136,99.0
1787235543486,3504560,99.7
1787235543544,3512208,99.7
1787235543611,3477648,98.2
1787235543671,3488064,98.2
1787235543726,3482224,98.2
1787235543790,3467344,97.9
1787235543858,3451792,97.9
1787235543913,3461520,98.1
1787235543977,3439680,98.1
1787235544040,3451264,99.5
1787235544097,3392464,99.5
1787235544164,3383968,99.0
1787235544234,3364336,96.4
1787235544298,3376000,96.4
1787235544352,3361616,96.4
1787235544408,3371424,100.0
1787235544471,3362096,100.0
1787235544534,3347248,99.0
1787235544600,3335104,99.0
1787235544662,3345968,99.6
1787235544717,3342256,99.6
1787235544777,3332576,98.5
1787235544841,3327712,98.5
1787235544904,3332176,97.8
1787235544970,3332224,97.8
1787235545026,3341744,97.9
1787235545090,3304272,97.9
1787235545153,3315904,97.7
1787235545207,3308400,97.7
1787235545262,3318544,97.8
1787235545320,3309056,97.8
1787235545382,3320000,96.5
1787235545445,3310752,96.5
1787235545511,3305856,98.2
1787235545565,3315648,98.2
1787235545628,3310768,97.5
1787235545691,3305648,97.5
1787235545748,3315840,98.9
1787235545812,3307920,98.9
1787235545869,3300256,99.1
1787235545932,3293328,99.1
1787235545995,3287024,98.3
1787235546058,3298352,98.3
1787235546113,3285872,98.1
1787235546172,3296368,98.1
1787235546233,3285856,98.1
1787235546299,3281904,100.0
1787235546356,3292544,100.0
1787235546414,3281728,98.5
1787235546467,3290816,98.5
1787235546532,3283952,98.2
1787235546598,3278688,98.2
1787235546658,3289264,99.1
1787235546720,3284896,99.1
1787235546777,3269136,100.0
1787235546835,3264032,100.0
1787235546899,3261088,99.0
1787235546961,3272432,99.0
1787235547024,3267152,99.7
1787235547088,3204720,99.7
1787235547142,3181072,98.2
1787235547204,3175504,98.2
1787235547264,3129248,97.6
1787235547324,3100160,97.6
1787235547387,3044080,99.1
1787235547445,3036608,99.1
1787235547503,3002016,96.1
1787235547559,3012352,96.1
1787235547617,3002224,97.4
1787235547686,2989792,97.4
1787235547746,2967504,98.4
1787235547814,2941056,98.4
1787235547877,2952352,98.0
1787235547937,2945328,98.0
1787235548000,2933376,97.2
1787235548063,2914448,97.2
1787235548123,2902000,99.6
1787235548180,2912384,99.6
1787235548243,2891792,97.9
1787235548297,2901424,97.9
1787235548353,2885552,97.9
1787235548416,2897216,98.4
1787235548479,2909184,98.4
1787235548544,2893328,99.4
1787235548607,2904608,99.4
1787235548671,2879552,98.4
1787235548730,2890176,98.4
1787235548793,2885568,98.7
1787235548856,2896400,98.7
1787235548919,2888832,97.2
1787235548983,2886160,97.2
1787235549037,2895984,96.4
1787235549094,2906432,96.4
1787235549157,2898384,97.6
1787235549212,2874096,97.6
1787235549275,2885504,97.8
1787235549338,2897024,97.8
1787235549400,2893856,98.3
1787235549461,2882688,98.3
1787235549530,2865376,97.8
1787235549593,2876160,97.8
1787235549662,2859664,98.4
1787235549726,2870720,98.4
1787235549789,2882560,100.0
1787235549852,2872016,100.0
1787235549910,2882128,100.0
1787235549972,2865184,100.0
1787235550035,2875664,98.7
1787235550101,2863616,98.7
1787235550162,2874448,98.0
1787235550222,2885472,98.0
1787235550285,2897088,97.8
1787235550354,2874336,97.8
1787235550417,2885936,98.9
1787235550475,2869904,98.9
1787235550538,2881136,97.1
1787235550596,2861728,97.1
1787235550659,2848832,100.0
1787235550722,2860272,100.0
1787235550785,2871520,97.9
1787235550849,2858608,97.9
1787235550912,2868800,100.0
1787235550974,2864384,100.0
1787235551031,2858832,98.0
1787235551094,2852784,98.0
1787235551159,2855392,98.6
1787235551222,2862624,98.6
1787235551287,2843072,100.0
1787235551342,2853296,100.0
1787235551410,2841936,99.0
1787235551464,2850096,99.0
1787235551536,2824192,98.6
1787235551591,2833152,98.6
1787235551654,2800608,98.8
1787235551718,2790448,98.8
1787235551776,2801456,100.0
1787235551839,2781616,100.0
1787235551903,2763232,100.0
1787235551966,2633648,100.0
1787235552029,2608064,98.5
1787235552091,2588208,98.5
1787235552152,2599280,97.0
1787235552216,2586896,97.0
1787235552275,2570528,99.4
1787235552338,2582000,99.4
1787235552396,2569152,98.3
1787235552459,2580320,98.3
1787235552523,2573424,97.5
1787235552582,2521792,97.5
1787235552646,2516416,97.3
1787235552709,2515072,97.3
1787235552776,2485568,99.6
1787235552834,2487312,99.6
1787235552897,2473776,97.2
1787235552960,2485312,97.2
1787235553017,2495968,98.2
1787235553078,2485600,98.2
1787235553139,2473136,99.1
1787235553202,2484704,99.1
1787235553263,2473680,100.0
1787235553329,2451472,100.0
1787235553385,2461344,100.0
1787235553438,2471136,100.0
1787235553501,2472960,98.2
1787235553564,2461456,98.2
1787235553627,2461664,98.7
1787235553690,2473024,98.7
1787235553747,2483536,98.7
1787235553802,2481568,99.9
1787235553861,2469312,99.9
1787235553924,2434736,100.0
1787235553991,2425664,100.0
1787235554054,2437424,98.0
1787235554118,2428288,98.0
1787235554181,2439904,97.8
1787235554244,2434560,97.8
1787235554310,2417376,98.8
1787235554364,2427360,98.8
1787235554423,2416528,99.0
1787235554479,2426656,99.0
1787235554545,2409728,99.0
1787235554603,2419904,99.0
1787235554663,2405120,100.0
1787235554720,2414736,100.0
1787235554784,2375840,98.3
1787235554847,2369664,98.3
1787235554910,2342256,97.3
1787235554973,2350640,97.3
1787235555036,2339936,99.7
1787235555099,2350992,99.7
1787235555161,2283248,96.5
1787235555219,2261872,96.5
1787235555274,2271680,96.0
1787235555333,2250736,96.0
1787235555392,2213712,97.0
1787235555455,2225408,97.0
1787235555518,2236544,99.6
1787235555581,2231408,99.6
1787235555636,2241328,99.2
1787235555702,2243072,99.2
1787235555767,2240736,99.0
1787235555824,2242432,99.0
1787235555882,2230256,97.4
1787235555936,2228048,97.4
1787235556000,2221488,97.4
1787235556055,2230912,100.0
1787235556118,2231376,100.0
1787235556186,2210448,100.0
1787235556248,2220640,100.0
1787235556302,2230640,100.0
1787235556362,2222192,100.0
1787235556428,2203072,98.6
1787235556488,2212416,98.6
1787235556555,2202000,100.0
1787235556609,2210896,100.0
1787235556677,2193840,98.8
1787235556740,2205056,98.8
1787235556797,2215424,100.0
1787235556859,2207760,100.0
1787235556915,2155568,99.9
1787235556978,2117152,99.9
1787235557044,2099376,98.8
1787235557106,2080432,98.8
1787235557170,2091824,96.5
1787235557233,2102816,96.5
1787235557296,2076784,95.8
1787235557359,2001344,95.8
1787235557418,1958816,96.4
1787235557477,1948016,96.4
1787235557541,1921984,95.7
1787235557606,1867392,95.7
1787235557669,1845936,98.6
1787235557733,1857248,98.6
1787235557796,1853344,97.2
1787235557859,1807664,97.2
1787235557922,1762224,97.7
1787235557985,1773424,97.7
1787235558040,1783408,99.6
1787235558097,1779280,99.6
1787235558151,1739568,96.9
1787235558215,1729984,96.9
1787235558276,1708976,98.4
1787235558336,1692896,98.4
1787235558399,1704288,97.9
1787235558463,1715696,97.9
1787235558520,1725552,99.4
1787235558584,1706352,99.4
1787235558639,1673392,97.9
1787235558702,1661824,97.9
1787235558766,1641344,99.4
1787235558828,1629408,99.4
1787235558891,1613488,100.0
1787235558946,1541696,100.0
1787235559009,1520064,98.2
1787235559073,1487968,98.2
1787235559136,1442016,98.4
1787235559200,1425008,98.4
1787235559259,1410944,98.7
1787235559316,1421024,98.7
1787235559380,1412912,98.7
1787235559444,1401456,98.6
1787235559502,1388432,98.6
1787235559566,1399792,100.0
1787235559629,1410896,100.0
1787235559685,1420960,98.7
1787235559748,1431536,98.7
1787235559806,1441536,98.2
1787235559870,1452528,98.2
1787235559931,1463264,98.7
1787235559993,1474368,98.7
1787235560055,1484896,99.9
1787235560112,1494960,99.9
1787235560176,1506048,97.9
1787235560233,1515552,97.9
1787235560291,1506112,98.7
1787235560350,1471024,98.7
1787235560414,1426496,99.5
1787235560477,1382064,99.5
1787235560539,1370256,98.1
1787235560606,1361216,98.1
1787235560670,1355712,98.1
1787235560734,1366768,98.1
1787235560797,1377952,99.2
1787235560865,1372544,99.2
1787235560929,1348752,100.0
1787235560994,1315328,100.0
1787235561058,1308624,99.4
1787235561119,1279760,99.4
1787235561177,1283984,100.0
1787235561240,1254928,100.0
1787235561304,1227136,99.7
1787235561367,1203536,99.7
1787235561437,1159392,99.3
1787235561497,1169232,99.3
1787235561551,1179200,99.7
1787235561615,1190816,99.7
1787235561675,1200224,99.5
1787235561734,1210288,99.5
1787235561796,1220144,98.5
1787235561856,1230224,98.5
1787235561910,1239424,99.7
1787235561970,1250016,99.7
1787235562034,1261104,97.7
1787235562092,1271280,97.7
1787235562154,1282000,97.9
1787235562236,1180720,97.9
1787235562302,1029232,96.6
1787235562360,943264,96.6
1787235562419,869168,93.6
1787235562488,806800,93.6
1787235562552,751472,92.2
1787235562616,735584,92.2
1787235562673,644464,91.8
1787235562727,604656,91.8
1787235562781,604672,95.5
1787235562840,614080,95.5
1787235562912,624496,94.0
1787235562969,633184,94.0
1787235563024,642288,94.4
1787235563079,651504,94.4
1787235563143,662640,97.3
1787235563206,673904,97.3
1787235563260,683696,96.7
1787235563323,695088,96.7
1787235563386,706432,98.2
1787235563449,718128,98.2
1787235563512,729680,99.0
1787235563566,739200,99.0
1787235563622,748992,99.0
1787235563685,760320,100.0
1787235563747,771456,100.0
1787235563810,782272,99.0
1787235563869,793120,99.0
1787235563927,803824,98.7
1787235563987,814720,98.7
1787235564050,825952,100.0
1787235564107,836096,100.0
1787235564167,846800,99.0
1787235564230,857792,99.0
1787235564292,868896,98.2
1787235564349,879120,98.2
1787235564412,890384,99.3
1787235564475,901584,99.3
1787235564538,912784,97.8
1787235564601,923936,97.8
1787235564660,934576,98.8
1787235564723,945776,98.8
1787235564780,956160,98.7
1787235564836,966144,98.7
1787235564899,977280,99.6
1787235564956,987616,99.6
1787235565019,998192,97.2
1787235565075,1007712,97.2
1787235565138,1018752,98.4
1787235565201,1029968,98.4
1787235565263,1041104,98.9
1787235565318,1050320,98.9
1787235565376,1060656,98.9
1787235565431,1070560,99.6
1787235565491,1080688,99.6
1787235565554,1091712,98.8
1787235565611,1101680,98.8
1787235565674,1112976,97.9
1787235565735,1124448,97.9
1787235565795,1134752,100.0
1787235565854,1145520,100.0
1787235565916,1156368,97.3
1787235565971,1165808,97.3
1787235566034,1176704,99.4
1787235566090,1186528,99.4
1787235566143,1196064,99.9
1787235566202,1206144,99.9
1787235566258,1215728,99.9
1787235566316,1225584,100.0
1787235566379,1207136,100.0
1787235566443,1197584,98.2
1787235566504,1206784,98.2
1787235566565,1197632,99.9
1787235566626,1194320,99.9
1787235566689,1171808,98.9
1787235566748,1164880,98.9
1787235566811,1166288,99.9
1787235566874,1170784,99.9
1787235566934,1166064,99.1
1787235567000,1166416,99.1
1787235567061,1153520,100.0
1787235567118,1145312,100.0
1787235567180,1139776,98.0
1787235567237,1150256,98.0
1787235567296,1143568,98.7
1787235567360,1142752,98.7
1787235567423,1135968,100.0
1787235567486,1147664,100.0
1787235567545,1158272,97.8
1787235567606,1163488,97.8
1787235567669,1161104,99.3
1787235567733,1134112,99.3
1787235567796,1128784,96.7
1787235567853,1138432,96.7
1787235567916,1138096,99.6
1787235567977,1136400,99.6
1787235568039,1147520,98.1
1787235568096,1155008,98.1
1787235568153,1164736,99.0
1787235568216,1176288,99.0
1787235568279,1187856,99.3
1787235568340,1199056,99.3
1787235568395,1209216,99.7
1787235568453,1210656,99.7
1787235568512,1221728,99.7
1787235568566,1231408,99.6
1787235568625,1239872,99.6
1787235568688,1218880,100.0
1787235568745,1228624,100.0
1787235568806,1225568,98.3
1787235568864,1177488,98.3
1787235568922,1170000,98.3
1787235568983,1150016,98.3
1787235569045,1161312,97.8
1787235569108,1172528,97.8
1787235569170,1184016,99.8
1787235569227,1194592,99.8
1787235569290,1183184,98.9
1787235569344,1193072,98.9
1787235569402,1183824,97.7
1787235569462,1195088,97.7
1787235569522,1183120,99.7
1787235569585,1194752,99.7
1787235569649,1206464,98.8
1787235569710,1217840,98.8
1787235569773,1229696,100.0
1787235569836,1235680,100.0
1787235569891,1229024,100.0
1787235569945,1210976,100.0
1787235570004,1204624,100.0
1787235570062,1214624,97.8
1787235570122,1225376,97.8
1787235570183,1236128,100.0
1787235570246,1217792,100.0
1787235570309,1229232,99.8
1787235570369,1239536,99.8
1787235570429,1250576,99.1
1787235570492,1230640,99.1
1787235570553,1241440,99.8
1787235570616,1232192,99.8
1787235570673,1242704,98.2
1787235570737,1254432,98.2
1787235570796,1249680,96.4
1787235570855,1260272,96.4
1787235570918,1271520,99.6
1787235570981,1282496,99.6
1787235571043,1293488,98.4
1787235571104,1278896,98.4
1787235571164,1254448,97.6
1787235571224,1264752,97.6
1787235571287,1275712,99.4
1787235571350,1277280,99.4
1787235571421,1255392,98.8
1787235571484,1266080,98.8
1787235571544,1277008,97.2
1787235571605,1270128,97.2
1787235571668,1281296,97.0
1787235571731,1292864,97.0
1787235571785,1294768,99.3
1787235571847,1281152,99.3
1787235571910,1291152,97.2
1787235571972,1289296,97.2
1787235572033,1299552,98.7
1787235572096,1303072,98.7
1787235572163,1289008,100.0
1787235572226,1277648,100.0
1787235572288,1289088,99.5
1787235572351,1300832,99.5
1787235572410,1285824,99.4
1787235572472,1284272,99.4
1787235572527,1294512,100.0
1787235572590,1287392,100.0
1787235572647,1297264,100.0
1787235572707,1307504,100.0
1787235572771,1290224,100.0
1787235572830,1300880,98.2
1787235572889,1296384,98.2
1787235572946,1306480,98.2
1787235573006,1317344,98.2
1787235573069,1328608,98.9
1787235573133,1339856,98.9
1787235573196,1348480,99.7
1787235573259,1341840,99.7
1787235573322,1312384,98.7
1787235573385,1323728,98.7
1787235573448,1316448,100.0
1787235573511,1328224,100.0
1787235573574,1332352,99.6
1787235573637,1328944,99.6
1787235573692,1331056,97.5
1787235573749,1337728,97.5
1787235573810,1335616,97.8
1787235573870,1326576,97.8
1787235573931,1316704,98.1
1787235573994,1328224,98.1
1787235574050,1338592,99.5
1787235574108,1336528,99.5
1787235574171,1333984,99.1
1787235574233,1345504,99.1
1787235574296,1349760,100.0
1787235574350,1340144,100.0
1787235574417,1321824,98.1
1787235574480,1333456,98.1
1787235574539,1344256,98.7
1787235574602,1355952,98.7
1787235574670,1341040,100.0
1787235574727,1351504,100.0
1787235574781,1348448,98.8
1787235574844,1341120,98.8
1787235574898,1351088,98.8
1787235574961,1350640,100.0
1787235575018,1341408,100.0
1787235575079,1351808,99.1
1787235575138,1335728,99.1
1787235575197,1324512,98.4
1787235575260,1335760,98.4
1787235575324,1337168,99.9
1787235575385,1337248,99.9
1787235575443,1321824,97.5
1787235575506,1333024,97.5
1787235575570,1317264,99.1
1787235575633,1328880,99.1
1787235575690,1339360,100.0
1787235575750,1315024,100.0
1787235575811,1326336,97.9
1787235575874,1337184,97.9
1787235575937,1338752,98.6
1787235576005,1344384,98.6
1787235576068,1355424,98.2
1787235576126,1354576,98.2
1787235576190,1365824,98.8
1787235576253,1359744,98.8
1787235576308,1369552,97.9
1787235576368,1355760,97.9
1787235576431,1365424,99.9
1787235576489,1375488,99.9
1787235576550,1368240,98.8
1787235576613,1379600,98.8
1787235576672,1369152,99.5
1787235576725,1358368,99.5
1787235576785,1368176,98.0
1787235576845,1352768,98.0
1787235576904,1363648,98.0
1787235576964,1352704,99.4
1787235577022,1362944,99.4
1787235577080,1347088,98.7
1787235577143,1358144,98.7
1787235577206,1341120,97.5
1787235577270,1323584,97.5
1787235577333,1335136,97.6
1787235577388,1325488,97.6
1787235577449,1314160,98.3
1787235577512,1325536,98.3
1787235577581,1314000,100.0
1787235577644,1325424,100.0
1787235577703,1322896,97.6
1787235577766,1306496,97.6
1787235577825,1317248,99.7
1787235577885,1304832,99.7
1787235577940,1314736,97.3
1787235578006,1311984,97.3
1787235578069,1323200,98.3
1787235578132,1324288,98.3
1787235578196,1316304,100.0
1787235578259,1327824,100.0
1787235578319,1315616,98.2
1787235578376,1325952,98.2
1787235578431,1316320,99.5
1787235578495,1313728,99.5
1787235578550,1300608,97.1
1787235578610,1311552,97.1
1787235578667,1315952,99.0
1787235578732,1303904,99.0
1787235578798,1305344,98.1
1787235578861,1316688,98.1
1787235578924,1319728,99.0
1787235578987,1331392,99.0
1787235579050,1337232,100.0
1787235579107,1321248,100.0
1787235579161,1330864,100.0
1787235579218,1305440,99.4
1787235579272,1315440,99.4
1787235579329,1325856,98.8
1787235579392,1337104,98.8
1787235579446,1333696,99.4
1787235579508,1345392,99.4
1787235579571,1323856,98.5
1787235579628,1334256,98.5
1787235579691,1333696,100.0
1787235579757,1335552,100.0
1787235579821,1332736,99.1
1787235579881,1343712,99.1
1787235579944,1331888,99.5
1787235580007,1328896,99.5
1787235580065,1338976,97.2
1787235580128,1334992,97.2
1787235580181,1344464,99.6
1787235580245,1325824,99.6
1787235580308,1337504,98.7
1787235580371,1323872,98.7
1787235580431,1334304,99.3
1787235580489,1344752,99.3
1787235580548,1333456,99.2
1787235580604,1343296,99.2
1787235580662,1353872,99.2
1787235580730,1336560,99.4
1787235580793,1348032,99.2
1787235580860,1338960,99.2
1787235580913,1348816,99.2
1787235580976,1343008,98.8
1787235581039,1353904,98.8
1787235581096,1336528,98.2
1787235581159,1347856,98.2
1787235581219,1358656,98.3
1787235581279,1341808,98.3
1787235581342,1353072,97.8
1787235581405,1347184,97.8
1787235581467,1343040,100.0
1787235581529,1353616,100.0
1787235581587,1344240,98.2
1787235581648,1355248,98.2
1787235581706,1337120,100.0
1787235581765,1347648,100.0
1787235581818,1356224,97.5
1787235581881,1350192,97.5
1787235581944,1346128,98.1
1787235582007,1355360,98.1
1787235582064,1365440,98.1
1787235582118,1352512,98.1
1787235582181,1340576,98.5
1787235582242,1336432,98.5
1787235582297,1341584,99.1
1787235582363,1346864,99.1
1787235582424,1339712,98.4
1787235582487,1333728,98.4
1787235582549,1344768,97.8
1787235582612,1345248,97.8
1787235582666,1336192,97.8
1787235582729,1333856,100.0
1787235582788,1344160,100.0
1787235582851,1333312,100.0
1787235582914,1344160,100.0
1787235582974,1339632,99.0
1787235583036,1350960,99.0
1787235583103,1350192,100.0
1787235583159,1360304,100.0
1787235583217,1351168,97.9
1787235583271,1360848,97.9
1787235583334,1357584,99.0
1787235583397,1353088,99.0
1787235583460,1338192,99.9
1787235583513,1348032,99.9
1787235583575,1359440,98.7
1787235583638,1350736,98.7
1787235583701,1362096,100.0
1787235583764,1354944,100.0
1787235583818,1351936,98.9
1787235583884,1344256,98.9
1787235583947,1338160,98.8
1787235584009,1349760,98.8
1787235584068,1329808,99.9
1787235584122,1339744,99.9
1787235584188,1336912,98.1
1787235584251,1348624,98.1
1787235584314,1347728,99.6
1787235584379,1353232,99.6
1787235584442,1364720,98.5
1787235584500,1350704,98.5
1787235584561,1320160,99.9
1787235584623,1331456,99.9
1787235584686,1317360,98.0
1787235584754,1309808,98.0
1787235584812,1320656,99.1
1787235584874,1332240,99.1
1787235584937,1335728,97.7
1787235584997,1346880,97.7
1787235585060,1344640,98.4
1787235585123,1344240,98.4
1787235585187,1330992,100.0
1787235585243,1340912,100.0
1787235585304,1333040,99.4
1787235585372,1322592,99.4
1787235585430,1332480,98.7
1787235585485,1329184,98.7
1787235585546,1340416,98.7
1787235585610,1343488,99.8
1787235585673,1354864,99.8
1787235585727,1350640,98.7
1787235585783,1340624,98.7
1787235585845,1352208,97.5
1787235585908,1363168,97.5
1787235585969,1363536,99.6
1787235586030,1362064,99.6
1787235586092,1372976,99.3
1787235586153,1384000,99.3
1787235586212,1379360,98.5
1787235586275,1379136,98.5
1787235586339,1375216,100.0
1787235586402,1365648,100.0
1787235586463,1356880,99.7
1787235586519,1366368,99.7
1787235586583,1377184,97.7
1787235586645,1359600,97.7
1787235586708,1371040,98.1
1787235586765,1364384,98.1
1787235586828,1375264,97.4
1787235586884,1370048,97.4
1787235586940,1380224,97.9
1787235587003,1372448,97.9
1787235587066,1370016,99.5
1787235587135,1347008,99.5
1787235587199,1357760,98.2
1787235587255,1368000,98.2
1787235587317,1354848,99.2
1787235587380,1366352,99.2
1787235587445,1349888,99.4
1787235587501,1344480,99.4
1787235587560,1354928,100.0
1787235587623,1366592,100.0
1787235587690,1349312,99.3
1787235587756,1312160,99.3
1787235587818,1307584,99.3
1787235587872,1302496,99.3
1787235587937,1266096,99.1
1787235587994,1276304,99.1
1787235588057,1282096,99.7
1787235588119,1272512,99.7
1787235588187,1250400,98.7
1787235588250,1261760,98.7
1787235588308,1272192,100.0
1787235588376,1266960,100.0
1787235588434,1277488,99.7
1787235588497,1274192,99.7
1787235588560,1285856,98.1
1787235588623,1297504,98.1
1787235588686,1308992,98.3
1787235588749,1303904,98.3
1787235588812,1315232,97.3
1787235588875,1305040,97.3
1787235588931,1307248,98.1
1787235588990,1317744,98.1
1787235589046,1301488,98.1
1787235589105,1311760,98.7
1787235589167,1298624,98.7
1787235589230,1309824,98.6
1787235589285,1308256,98.6
1787235589349,1308784,99.9
1787235589407,1311344,99.9
1787235589469,1292544,97.0
1787235589523,1302544,97.0
1787235589581,1285632,100.0
1787235589645,1251632,100.0
1787235589704,1262544,98.2
1787235589768,1270432,98.2
1787235589828,1268592,99.0
1787235589889,1279968,99.0
1787235589952,1275152,98.5
1787235590014,1286768,98.5
1787235590071,1296880,98.5
1787235590128,1292256,98.5
1787235590184,1278368,99.9
1787235590240,1288432,99.9
1787235590302,1292112,99.9
1787235590361,1297424,100.0
1787235590424,1284528,100.0
1787235590490,1283264,97.6
1787235590553,1294672,97.6
1787235590620,1288576,99.7
1787235590676,1298576,99.7
1787235590736,1290448,98.7
1787235590792,1300800,98.7
1787235590855,1286752,99.3
1787235590917,1297424,99.3
1787235590973,1287184,99.6
1787235591033,1298032,99.6
1787235591097,1292224,99.4
1787235591154,1297296,99.4
1787235591220,1292192,98.5
1787235591283,1303536,98.5
1787235591346,1299280,98.2
1787235591409,1285600,98.2
1787235591465,1295440,99.1
1787235591528,1286560,99.1
1787235591587,1296448,100.0
1787235591652,1298640,100.0
1787235591716,1305760,98.4
1787235591783,1301296,98.4
1787235591850,1290000,99.9
1787235591908,1280768,99.9
1787235591967,1291472,100.0
1787235592024,1300368,100.0
1787235592085,1310800,98.7
1787235592151,1306432,98.7
1787235592213,1303456,100.0
1787235592278,1314448,100.0
1787235592341,1298528,98.6
1787235592402,1309552,98.6
1787235592462,1312640,100.0
1787235592525,1323856,100.0
1787235592582,1314304,98.1
1787235592643,1300864,98.1
1787235592700,1310960,98.2
1787235592758,1312608,98.2
1787235592812,1307952,97.2
1787235592868,1306752,97.2
1787235592932,1295472,97.2
1787235592995,1283584,98.5
1787235593054,1287952,98.5
1787235593115,1298880,97.3
1787235593174,1304352,97.3
1787235593237,1299840,97.9
1787235593295,1310080,97.9
1787235593355,1320400,99.4
1787235593417,1314544,99.4
1787235593479,1325760,100.0
1787235593540,1336816,100.0
1787235593602,1316592,99.4
1787235593658,1327040,99.4
1787235593721,1321744,100.0
1787235593777,1331696,100.0
1787235593846,1321920,98.9
1787235593907,1333184,98.9
1787235593970,1330832,99.6
1787235594027,1295024,99.6
1787235594087,1275616,97.9
1787235594150,1287232,97.9
1787235594214,1298768,97.8
1787235594272,1283552,97.8
1787235594331,1294560,99.7
1787235594394,1280400,99.7
1787235594458,1291968,98.5
1787235594513,1277360,98.5
1787235594569,1287888,100.0
1787235594631,1298992,100.0
1787235594694,1293872,99.7
1787235594757,1293600,99.7
1787235594816,1304128,99.0
1787235594881,1295792,99.0
1787235594945,1307456,98.1
1787235595004,1308928,98.1
1787235595060,1319152,98.1
1787235595115,1317072,98.7
1787235595178,1328272,98.7
1787235595236,1314480,100.0
1787235595299,1325344,100.0
1787235595358,1333744,98.5
1787235595416,1325296,98.5
1787235595472,1335200,98.8
1787235595532,1324832,98.8
1787235595590,1315120,100.0
1787235595653,1326304,100.0
1787235595716,1315904,99.1
1787235595779,1305824,99.1
1787235595837,1316560,99.4
1787235595893,1312016,99.4
1787235595957,1322976,98.1
1787235596013,1309136,98.1
1787235596076,1319968,99.3
1787235596139,1317296,99.3
1787235596202,1328608,100.0
1787235596265,1339856,100.0
1787235596328,1326928,100.0
1787235596396,1313824,100.0
1787235596454,1324128,100.0
1787235596515,1317680,100.0
1787235596580,1289152,99.1
1787235596638,1276048,99.1
1787235596702,1275936,99.0
1787235596760,1271808,99.0
1787235596815,1265024,99.0
1787235596873,1275680,99.3
1787235596930,1273568,99.3
1787235596994,1271856,97.9
1787235597055,1247008,97.9
1787235597118,1237856,97.9
1787235597174,1246784,97.9
1787235597237,1242544,100.0
1787235597293,1248224,100.0
1787235597357,1246512,97.8
1787235597413,1221664,97.8
1787235597478,1190544,97.6
1787235597539,1198256,97.6
1787235597603,1204944,97.6
1787235597657,1214816,97.6
1787235597719,1216112,98.3
1787235597785,1227248,98.3
1787235597848,1233696,99.1
1787235597914,1234944,99.1
1787235597977,1234464,100.0
1787235598039,1245648,100.0
1787235598099,1247696,99.4
1787235598157,1233552,99.4
1787235598220,1244912,98.2
1787235598276,1243856,98.2
1787235598342,1240672,98.3
1787235598408,1242128,98.3
1787235598475,1232896,99.0
1787235598531,1242944,99.0
1787235598593,1235280,98.1
1787235598652,1246336,98.1
1787235598714,1235136,98.7
1787235598777,1246560,98.7
1787235598838,1238208,98.2
1787235598897,1228480,98.2
1787235598955,1219136,98.1
1787235599018,1229936,98.1
1787235599084,1219376,100.0
1787235599147,1230400,100.0
1787235599213,1211216,99.4
1787235599275,1185920,99.4
1787235599337,1197328,97.6
1787235599394,1207888,97.6
1787235599455,1207344,100.0
1787235599516,1189552,100.0
1787235599576,1200720,98.1
1787235599641,1197184,98.1
1787235599705,1206896,98.7
1787235599769,1217088,98.7
1787235599832,1228736,100.0
1787235599895,1197920,100.0
1787235599952,1208096,97.8
1787235600015,1209632,97.8
1787235600078,1059424,98.2
1787235600141,1070784,98.2
1787235600205,1082080,98.8
1787235600258,1091248,98.8
1787235600322,1102400,98.8
1787235600384,1113920,99.4
1787235600445,1125216,99.4
1787235600506,1135968,100.0
1787235600567,1146864,100.0
1787235600628,1135104,99.7
1787235600691,1146064,99.7
1787235600754,1136672,99.9
1787235600817,1148240,99.9
1787235600877,1143744,97.8
1787235600938,1145024,97.8
1787235600997,1150560,99.7
1787235601050,1160432,99.7
1787235601113,1163696,98.4
1787235601167,1173360,98.4
1787235601234,1168464,98.5
1787235601294,1179152,98.5
1787235601357,1190160,100.0
1787235601412,1199904,100.0
1787235601477,1188928,98.2
1787235601540,1199504,98.2
1787235601601,1193568,98.1
1787235601662,1199696,98.1
1787235601725,1211136,97.6
1787235601782,1212256,97.6
1787235601841,1222768,99.6
1787235601904,1217552,99.6
1787235601967,1206624,98.2
1787235602030,1218192,98.2
1787235602087,1211984,98.1
1787235602148,1222544,98.1
1787235602205,1231936,99.3
1787235602264,1234448,99.3
1787235602327,1245632,98.4
1787235602383,1250560,98.4
1787235602445,1261904,98.4
1787235602509,1251200,99.4
1787235602568,1236672,99.4
1787235602631,1178480,98.4
1787235602702,1165888,98.1
1787235602765,1177408,98.1
1787235602829,1168912,98.9
1787235602891,1167040,98.9
1787235602948,1177248,98.9
1787235603014,1127792,99.1
1787235603071,1131600,99.1
1787235603142,1137872,97.9
1787235603205,1149248,98.9
1787235603259,1159008,98.9
1787235603314,1168544,98.9
1787235603373,1178992,99.6
1787235603436,1190592,99.6
1787235603499,1201792,98.5
1787235603557,1212368,98.5
1787235603618,1223536,98.6
1787235603676,1234400,98.6
1787235603740,1245984,98.7
1787235603803,1257520,98.7
1787235603865,1268432,99.7
1787235603928,1279760,99.7
1787235603992,1239616,99.1
1787235604052,1249504,99.1
1787235604115,1249632,98.4
1787235604172,1249504,98.4
1787235604239,1238720,99.5
1787235604296,1238160,99.5
1787235604357,1225392,98.7
1787235604420,1223952,98.7
1787235604485,1207264,99.5
1787235604546,1218416,99.5
1787235604603,1211120,100.0
1787235604663,1208832,100.0
1787235604719,1210816,97.2
1787235604786,1215520,97.2
1787235604853,1219520,97.6
1787235604912,1205968,97.6
1787235604975,1217600,100.0
1787235605033,1227872,100.0
1787235605091,1216592,98.4
1787235605153,1211200,98.4
1787235605220,1209136,99.7
1787235605283,1216464,99.7
1787235605346,1197376,98.4
1787235605403,1207536,98.4
1787235605468,1206000,98.0
1787235605531,1199760,98.0
1787235605591,1210432,99.3
1787235605657,1195776,99.3
1787235605711,1205456,97.3
1787235605769,1215808,97.3
1787235605826,1201776,97.3
1787235605883,1212160,99.9
1787235605939,1222208,99.9
1787235606001,1192768,97.5
1787235606064,1204368,97.5
1787235606118,1213920,97.2
1787235606172,1193472,97.2
1787235606235,1204336,99.1
1787235606301,1201472,99.1
1787235606364,1212672,98.4
1787235606426,1202304,98.4
1787235606483,1192800,99.4
1787235606545,1185392,99.4
1787235606607,1195104,100.0
1787235606668,1205440,100.0
1787235606722,1191696,99.5
1787235606788,1184192,99.5
1787235606851,1195600,99.8
1787235606911,1184368,99.8
1787235606973,1194480,98.0
1787235607036,1193152,98.0
1787235607096,1203680,97.6
1787235607153,1211200,97.6
1787235607209,1211824,97.6
1787235607270,1213968,97.6
1787235607330,1224464,97.6
1787235607393,1229760,100.0
1787235607460,1238160,97.1
1787235607523,1249680,97.1
1787235607587,1260880,98.2
1787235607647,1267440,98.2
1787235607711,1278752,98.8
1787235607774,1276176,98.8
1787235607836,1287280,98.8
1787235607899,1286112,98.8
1787235607962,1286400,98.8
1787235608023,1297568,98.8
1787235608086,1308768,98.8
1787235608144,1291376,98.8
1787235608207,1302848,98.8
1787235608262,1312720,99.9
1787235608325,1323824,99.9
1787235608382,1333968,100.0
1787235608445,1345488,100.0
1787235608507,1356624,98.5
1787235608569,1363472,98.5
1787235608626,1366288,98.3
1787235608691,1364768,98.3
1787235608755,1376256,99.1
1787235608818,1382512,99.1
1787235608881,1390384,97.2
1787235608944,1401408,97.2
1787235609007,1412976,98.3
1787235609061,1422368,98.3
1787235609124,1433952,99.4
1787235609179,1433744,99.4
1787235609244,1414784,100.0
1787235609304,1425488,100.0
1787235609367,1437008,99.3
1787235609433,1425152,99.3
1787235609500,1334976,96.2
1787235609564,1320704,96.2
1787235609626,1309072,96.6
1787235609689,1298784,96.6
1787235609752,1296880,97.9
1787235609815,1305952,97.9
1787235609874,1310176,99.3
1787235609932,1280496,99.3
1787235609992,1283456,99.0
1787235610057,1292240,99.0
1787235610118,1275888,96.9
1787235610185,1270032,96.9
1787235610246,1262624,99.3
1787235610306,1273056,99.3
1787235610369,1265344,97.8
1787235610428,1265728,97.8
1787235610496,1254976,99.2
1787235610555,1224400,99.2
1787235610616,1209904,98.5
1787235610677,1201600,98.5
1787235610740,1163152,98.7
1787235610804,1174080,98.7
1787235610866,1180352,97.7
1787235610929,1191840,97.7
1787235610997,1185808,99.4
1787235611055,1175232,99.4
1787235611115,1164272,99.4
1787235611176,1161600,99.4
1787235611236,1161344,100.0
1787235611297,1172256,100.0
1787235611362,1165600,98.7
1787235611419,1175872,98.7
1787235611482,1174912,100.0
1787235611545,1169888,100.0
1787235611605,1180592,98.4
1787235611659,1188752,98.4
1787235611718,1165248,98.3
1787235611781,1176256,98.3
1787235611845,1187632,99.0
1787235611900,1181440,99.0
1787235611963,1192736,99.0
1787235612026,1158032,99.7
1787235612086,1169072,99.7
1787235612143,1179376,99.1
1787235612206,1189104,99.1
1787235612269,1187360,97.8
1787235612331,1186352,97.8
1787235612390,1172656,100.0
1787235612444,1182288,100.0
1787235612503,1173552,97.5
1787235612566,1185088,97.5
1787235612629,1177840,99.8
1787235612682,1187440,99.8
1787235612742,1172352,99.6
1787235612798,1182224,99.6
1787235612861,1169904,98.4
1787235612924,1180832,98.4
1787235612985,1165488,99.0
1787235613044,1176128,99.0
1787235613098,1185936,98.4
1787235613158,1196800,98.4
1787235613213,1193264,98.4
1787235613277,1199536,97.6
1787235613340,1193424,97.6
1787235613403,1178064,99.3
1787235613466,1189024,99.3
1787235613531,1186992,97.8
1787235613591,1197872,97.8
1787235613651,1182896,98.4
1787235613705,1192784,98.4
1787235613759,1161104,100.0
1787235613822,1169056,100.0
1787235613889,1180368,98.0
1787235613951,1191024,98.0
1787235614009,1196144,98.0
1787235614065,1206000,98.0
1787235614128,1216336,98.7
1787235614189,1221504,98.7
1787235614253,1233136,98.1
1787235614312,1209936,98.1
1787235614379,1207136,71.7
1787235614440,1211088,71.7
1787235614507,1203040,47.7
1787235614570,1209200,47.7
1787235614630,1200432,33.0
1787235614693,1206848,33.0
1787235614756,1218752,23.8
1787235614818,1231664,23.8
1787235614881,1244496,18.4
1787235614945,1253744,18.4
1787235615007,1244848,16.3
1787235615071,1215856,16.3
1787235615128,1220192,14.9
1787235615191,1229456,14.9
1787235615256,1222640,14.2
1787235615312,1233104,14.2
1787235615368,1222240,13.6
1787235615429,1235040,13.6
1787235615488,1239040,12.4
1787235615545,1227504,12.4
1787235615602,1230160,10.8
1787235615656,1235024,10.8
1787235615717,1225488,10.8
1787235615775,1229008,10.3
1787235615838,1235040,10.3
1787235615901,1238928,9.5
1787235615965,1242832,9.5
1787235616026,1247120,8.8
1787235616087,1247088,8.8
1787235616149,1250448,8.6
1787235616210,1241680,8.6
1787235616265,1245808,8.2
1787235616322,1251104,8.2
1787235616376,1246112,8.7
1787235616440,1251424,8.7
1787235616500,1256752,8.4
1787235616558,1251232,8.4
1787235616618,1256176,8.1
1787235616672,1261008,8.1
1787235616735,1252784,8.4
1787235616798,1258368,8.4
1787235616862,1264304,8.4
1787235616925,1254656,8.4
1787235616987,1260224,8.1
1787235617048,1254272,8.1
1787235617115,1245152,8.3
1787235617179,1248448,8.3
1787235617239,1254352,8.4
1787235617302,1233520,8.4
1787235617365,1239312,8.2
1787235617425,1211552,8.2
1787235617486,1216496,7.9
1787235617549,1221936,7.9
1787235617609,1209952,8.5
1787235617672,1213264,8.5
1787235617735,1219072,8.1
1787235617799,1216384,8.1
1787235617861,1219120,7.8
1787235617916,1224400,7.8
1787235617979,1216432,8.2
1787235618042,1219168,8.2
1787235618102,1224464,7.8
1787235618158,1229440,7.8
1787235618214,1213792,7.8
1787235618277,1216800,8.1
1787235618340,1222064,8.1
1787235618404,1217536,7.9
1787235618457,1219552,7.9
1787235618515,1223472,7.5
1787235618571,1228832,7.5
1787235618630,1215760,8.1
1787235618692,1218128,8.1
1787235618755,1223376,7.5
1787235618818,1228800,7.5
1787235618883,1225088,8.1
1787235618946,1227424,8.1
1787235619008,1232368,7.7
1787235619067,1213776,7.7
1787235619128,1191728,8.3
1787235619191,1194448,8.3
1787235619254,1200512,8.0
1787235619317,1176800,8.0
1787235619372,1178832,8.0
1787235619435,1184448,8.0
1787235619498,1189872,8.0
1787235619556,1172608,8.0
1787235619617,1175376,7.6
1787235619673,1179872,7.6
1787235619731,1185312,8.2
1787235619789,1176784,8.2
1787235619844,1178672,8.2
1787235619901,1183632,7.6
1787235619964,1189408,7.6
1787235620027,1186800,8.2
1787235620090,1188896,8.2
1787235620153,1194240,7.6
1787235620216,1200048,7.6
1787235620279,1190080,8.3
1787235620340,1193872,8.3
1787235620404,1214000,7.8
1787235620464,1218528,7.8
1787235620519,1211040,9.3
1787235620578,1214128,9.3
1787235620641,1197744,8.6
1787235620705,1203808,8.6
1787235620768,1188304,8.5
1787235620822,1193440,8.5
1787235620877,1184352,8.2
1787235620941,1188704,8.2
1787235621004,1195888,8.1
1787235621086,1184816,8.1
1787235621146,1190704,7.8
1787235621209,1167344,7.8
1787235621263,1173552,7.7
1787235621326,1156720,7.7
1787235621381,1161360,7.7
1787235621441,1168112,7.7
1787235621507,1172560,7.8
1787235621571,1181008,7.8
1787235621634,1171888,8.2
1787235621696,1166080,8.2
1787235621759,1143136,7.3
1787235621822,1103024,7.3
1787235621885,1108640,6.7
1787235621940,1109392,6.7
1787235621998,1115216,7.3
1787235622061,1120448,7.3
1787235622121,1122592,7.6
1787235622185,1120736,7.6
1787235622248,1115792,8.2
1787235622311,1112976,8.2
1787235622379,1118816,8.0
1787235622443,1121632,8.0
1787235622500,1126272,7.5
1787235622561,1131632,7.5
1787235622624,1136224,7.9
1787235622687,1143296,7.9
1787235622746,1146816,7.5
1787235622806,1153680,7.5
1787235622869,1159760,7.9
1787235622932,1163136,7.9
1787235622996,1169936,7.4
1787235623054,1173360,7.4
1787235623115,1179552,7.2
1787235623174,1185200,7.2
1787235623237,1189824,7.5
1787235623296,1196240,7.5
1787235623360,1202704,8.0
1787235623423,1207296,8.0
1787235623486,1214416,7.9
1787235623545,1218544,7.9
1787235623602,1222848,7.6
1787235623658,1227744,7.6
1787235623715,1232688,7.6
1787235623775,1237232,7.9
1787235623835,1242992,7.9
1787235623894,1247696,7.8
1787235623956,1252448,7.8
1787235624019,1259504,7.6
1787235624082,1265648,7.6
1787235624139,1268976,7.8
1787235624202,1276528,7.8
1787235624262,1284064,7.9
1787235624325,1287808,7.9
1787235624384,1293104,7.6
1787235624446,1300208,7.6
1787235624506,1309056,9.1
1787235624569,1316960,9.1
1787235624627,1327856,8.7
1787235624690,1327936,8.7
1787235624753,1336080,8.2
1787235624813,1348256,8.2
1787235624873,1353680,8.7
1787235624932,1364416,8.7
1787235624995,1375168,9.0
1787235625052,1379984,9.0
1787235625116,1385904,8.8
1787235625177,1391792,8.8
1787235625240,1403616,8.7
1787235625296,1413808,8.7
1787235625360,1419392,8.9
1787235625418,1432960,8.9
1787235625475,1444704,9.4
1787235625530,1453792,9.4
1787235625593,1464080,9.4
1787235625653,1470976,9.6
1787235625717,1467792,9.6
1787235625780,1479648,9.8
1787235625836,1485392,9.8
1787235625899,1488448,9.5
1787235625954,1465952,9.5
1787235626018,1442800,9.0
1787235626081,1433680,9.0
1787235626146,1419856,7.6
1787235626211,1421712,7.6
1787235626285,1397280,6.6
1787235626349,1399216,6.6
1787235626405,1405472,6.9
1787235626463,1410336,6.9
1787235626526,1415168,7.2
1787235626589,1421568,7.2
1787235626653,1397520,7.2
1787235626716,1400544,7.2
1787235626779,1404656,6.9
1787235626833,1407344,6.9
1787235626896,1410688,6.2
1787235626954,1412992,6.2
1787235627014,1415888,5.6
1787235627076,1419840,5.6
1787235627139,1430256,5.7
1787235627202,1435248,5.7
1787235627259,1440000,6.4
1787235627322,1442896,6.4
1787235627384,1448064,7.1
1787235627443,1452480,7.1
1787235627501,1453408,7.2
1787235627561,1457728,7.2
1787235627624,1464672,7.4
1787235627684,1469168,7.4
1787235627748,1475728,7.5
1787235627805,1476384,7.5
1787235627868,1483968,7.7
1787235627926,1490672,7.7
1787235627990,1497360,8.1
1787235628051,1505488,8.1
1787235628115,1499952,9.0
1787235628179,1505760,9.0
1787235628236,1508912,8.3
1787235628296,1512912,8.3
1787235628354,1516176,7.9
1787235628412,1519600,7.9
1787235628466,1519984,7.9
1787235628521,1522928,7.8
1787235628583,1529872,7.8
1787235628643,1528880,7.9
1787235628706,1535088,7.9
1787235628769,1538304,7.6
1787235628834,1542144,7.6
1787235628897,1538272,7.3
1787235628959,1537824,7.3
1787235629022,1542384,7.9
1787235629086,1548000,7.9
1787235629146,1555584,7.6
1787235629209,1560128,7.6
1787235629270,1564768,7.8
1787235629333,1569136,7.8
1787235629392,1572432,7.8
1787235629456,1575872,7.8
1787235629514,1578688,7.2
1787235629572,1585520,7.2
1787235629636,1590496,7.1
1787235629699,1596016,7.1
1787235629762,1601216,7.2
1787235629826,1604384,7.2
1787235629885,1608064,7.0
1787235629948,1612272,7.0
1787235630007,1614704,7.2
1787235630066,1618848,7.2
1787235630130,1623168,6.7
1787235630191,1627040,6.7
1787235630253,1633104,7.0
1787235630330,1638016,7.0
1787235630393,1643056,7.2
1787235630471,1649040,7.2
1787235630527,1653472,7.1
1787235630587,1643264,7.1
1787235630645,1635680,7.8
1787235630710,1602032,7.8
1787235630765,1592304,8.2
1787235630865,1580256,7.7
1787235630923,1577008,7.7
1787235630978,1561552,7.9
1787235631039,1549520,7.9
1787235631102,1554960,7.5
1787235631162,1543200,7.5
1787235631218,1548736,7.5
1787235631282,1528192,7.5
1787235631345,1517280,7.5
1787235631403,1520752,7.3
1787235631466,1502368,7.3
1787235631529,1510496,6.7
1787235631592,1478432,6.7
1787235631647,1453136,6.8
1787235631708,1440464,6.8
1787235631778,1412624,6.1
1787235631833,1413472,6.1
1787235631897,1342448,4.6
1787235631956,1342864,4.6
1787235632015,1322752,3.5
1787235632078,1323936,3.5
1787235632134,1325088,3.1
1787235632188,1326848,3.1
1787235632244,1326976,3.7
1787235632297,1311152,3.7
1787235632350,1299952,3.7
1787235632405,1286240,5.2
1787235632468,1275328,5.2
1787235632522,1280256,7.0
1787235632582,1259472,7.0
1787235632639,1265264,6.9
1787235632702,1250560,6.9
1787235632758,1232320,7.5
1787235632814,1171248,7.5
1787235632869,1162272,6.7
1787235632932,1162944,6.7
1787235633100,1174224,5.3
1787235633158,1180736,5.7
1787235633213,1178368,5.7
1787235633270,1168272,6.5
1787235633330,1169856,6.5
1787235633393,1178576,7.8
1787235633451,1190144,7.8
1787235633515,1190048,8.5
1787235633578,1194320,8.5
1787235633634,1200464,8.8
1787235633698,1204848,8.8
1787235633762,1204752,8.3
1787235633826,1200800,8.3
1787235633885,1198256,7.4
1787235633945,1186464,7.4
1787235634008,1083888,6.0
1787235634072,1032960,6.0
1787235634133,1007168,3.8
1787235634189,892288,3.8
1787235634242,843536,2.7
1787235634302,847328,2.7
1787235634361,820880,3.0
1787235634424,823488,3.0
1787235634487,827072,3.4
1787235634542,831056,3.4
1787235634606,834736,4.0
1787235634664,838144,4.0
1787235634728,841440,4.2
1787235634785,844240,4.2
1787235634848,847536,4.2
1787235634911,853200,4.4
1787235634974,857264,4.4
1787235635033,861104,4.8
1787235635096,865824,4.8
1787235635160,869824,5.2
1787235635220,873424,5.2
1787235635283,878048,5.6
1787235635346,882480,5.6
1787235635409,890720,6.0
1787235635471,899360,6.0
1787235635524,904768,7.8
1787235635585,905904,7.8
1787235635641,907056,6.6
1787235635704,908304,6.6
1787235635767,914944,5.2
1787235635838,913040,5.2
1787235635901,914336,5.4
1787235635962,920576,5.4
1787235636025,927168,5.6
1787235636087,931488,5.6
1787235636150,936336,6.1
1787235636213,938864,6.1
1787235636277,945440,6.3
1787235636335,951536,6.3
1787235636398,957904,6.6
1787235636461,962384,6.6
1787235636522,968544,7.1
1787235636585,975344,7.1
1787235636644,979424,7.5
1787235636704,982960,7.5
1787235636769,989680,7.0
1787235636828,994080,7.0
1787235636885,998128,6.8
1787235636948,1003408,6.8
1787235637012,1007056,6.7
1787235637075,1013504,6.7
1787235637138,1016512,7.0
1787235637196,1022720,7.0
1787235637250,1027936,6.9
1787235637314,1051408,6.9
1787235637377,1075584,7.9
1787235637433,1129728,7.9
1787235637497,1178752,13.0
1787235637551,1231200,13.0
1787235637613,1290960,18.7
1787235637676,1349152,18.7
1787235637730,1390928,20.5
1787235637793,1426384,20.5
1787235637848,1472192,20.5
1787235637912,1505968,18.7
1787235637975,1547088,18.7
1787235638036,1576960,19.0
1787235638097,1611136,19.0
1787235638151,1635792,17.6
1787235638217,1675664,17.6
1787235638278,1717344,18.4
1787235638337,1742080,18.4
1787235638399,1772624,19.9
1787235638463,1800128,19.9
1787235638529,1831008,20.7
1787235638592,1867968,20.7
1787235638648,1896816,18.9
1787235638711,1914512,18.9
1787235638774,1924128,17.3
1787235638837,1935120,17.3
1787235638900,1945760,14.2
1787235638962,1955952,14.2
1787235639025,1966624,12.3
1787235639085,1976800,12.3
1787235639145,1986416,11.1
1787235639203,1996496,11.1
1787235639266,2006624,10.4
1787235639331,2018320,10.4
1787235639395,2027872,10.2
1787235639458,2031408,10.2
1787235639516,2037856,10.1
1787235639579,2039520,10.1
1787235639638,2026032,10.6
1787235639701,2027104,10.6
1787235639764,2032160,8.8
1787235639817,2033616,8.8
1787235639876,2026864,6.9
1787235639939,2028144,6.9
1787235640218,2034816,4.7
1787235640303,2036896,4.0
1787235640374,2035088,6.4
1787235640435,2045104,6.4
1787235640496,2054624,7.5
1787235640551,2055072,7.5
1787235640607,2060816,7.7
1787235640671,2069344,7.7
1787235640734,2077440,8.1
1787235640797,2082144,8.1
1787235640860,2088656,7.6
1787235640930,2096272,7.6
1787235640994,2105488,7.7
1787235641057,2111376,7.7
1787235641119,2115152,7.3
1787235641177,2122880,7.3
1787235641239,2128288,7.5
1787235641303,2130144,7.5
1787235641366,2134944,7.5
1787235641429,2143696,7.5
1787235641483,2145024,7.0
1787235641541,2152576,7.0
1787235641598,2153936,7.0
1787235641668,2164800,8.7
1787235641723,2170848,8.7
1787235641790,2181216,9.1
1787235641846,2176400,9.1
1787235641909,2179328,9.5
1787235641969,2174848,9.5
1787235642027,2180288,9.1
1787235642092,2190032,9.1
1787235642154,2201760,8.8
1787235642209,2196816,8.8
1787235642269,2201936,10.8
1787235642325,2212528,10.8
1787235642388,2235216,10.9
1787235642451,2241440,10.9
1787235642511,2245952,10.7
1787235642574,2253616,10.7
1787235642637,2262592,11.3
1787235642699,2268016,11.3
1787235642755,2276192,11.7
1787235642808,2283248,11.7
1787235642866,2294928,14.7
1787235642926,2304608,14.7
1787235642985,2310320,13.7
1787235643042,2312736,13.7
1787235643105,2319616,13.7
1787235643163,2324896,11.6
1787235643226,2328752,11.6
1787235643287,2333376,9.8
1787235643347,2339376,9.8
1787235643401,2344368,9.5
1787235643458,2349344,9.5
1787235643521,2354400,8.7
1787235643580,2358928,8.7
1787235643644,2365520,8.2
1787235643701,2369008,8.2
1787235643760,2376096,8.7
1787235643824,2379280,8.7
1787235643885,2384016,8.6
1787235643948,2390000,8.6
1787235644006,2393168,8.2
1787235644065,2397120,8.2
1787235644124,2402272,8.2
1787235644187,2401088,8.2
1787235644246,2406016,8.8
1787235644309,2413120,8.8
1787235644372,2419488,8.9
1787235644435,2429088,8.9
1787235644491,2436320,9.3
1787235644554,2443744,9.3
1787235644610,2450944,9.4
1787235644675,2458000,9.4
1787235644738,2468320,9.9
1787235644796,2466608,9.9
1787235644859,2474080,9.9
1787235644921,2477488,9.9
1787235644984,2481936,9.7
1787235645048,2485552,9.7
1787235645129,2492864,9.9
1787235645188,2497920,9.9
1787235645243,2503552,9.7
1787235645300,2500304,9.7
1787235645356,2489568,9.7
1787235645419,2480416,9.9
1787235645482,2490704,9.9
1787235645545,2498448,10.0
1787235645603,2504320,10.0
1787235645658,2506992,9.8
1787235645721,2513184,9.8
1787235645785,2520704,10.2
1787235645844,2518016,10.2
1787235645901,2467680,10.2
1787235645964,2466736,10.2
1787235646030,2439120,10.7
1787235646092,2411776,10.7
1787235646157,2386672,11.0
1787235646213,2366192,11.0
1787235646274,2318192,11.7
1787235646334,2318000,11.7
1787235646391,2266720,13.3
1787235646451,2217472,13.3
1787235646515,2212240,13.7
1787235646574,2180832,13.7
1787235646631,2163056,12.5
1787235646695,2181424,12.5
1787235646758,2171104,11.4
1787235646818,2178992,11.4
1787235646881,2174544,10.6
1787235646945,2169856,10.6
1787235647008,2166800,10.6
1787235647073,2170960,10.6
1787235647130,2176144,9.9
1787235647192,2182768,9.9
1787235647255,2176832,10.8
1787235647318,2175248,10.8
1787235647381,2179152,10.9
1787235647444,2198880,10.9
1787235647499,2212832,11.8
1787235647562,2230176,11.8
1787235647626,2247088,11.8
1787235647688,2262256,11.8
1787235647746,2263952,12.4
1787235647805,2264032,12.4
1787235647868,2264432,13.1
1787235647932,2274672,13.1
1787235647991,2274928,13.2
1787235648049,2259776,13.2
1787235648109,2244288,13.5
1787235648168,2251104,13.5
1787235648231,2259760,13.5
1787235648294,2268880,13.0
1787235648357,2270608,13.0
1787235648421,2276816,13.0
1787235648484,2288592,12.6
1787235648547,2292688,12.6
1787235648608,2303840,12.6
1787235648668,2320224,12.0
1787235648722,2328016,12.0
1787235648779,2334368,11.1
1787235648836,2338544,11.1
1787235648896,2342320,10.2
1787235648959,2341920,10.2
1787235649017,2343728,10.2
1787235649079,2316272,10.2
1787235649142,2328240,9.3
1787235649201,2318208,9.3
1787235649264,2312000,9.0
1787235649323,2325952,9.0
1787235649388,2295936,9.1
1787235649451,2310720,9.1
1787235649512,2321952,9.6
1787235649570,2308160,9.6
1787235649631,2317904,9.1
1787235649691,2322192,9.1
1787235649756,2282000,9.3
1787235649821,2284576,9.3
1787235649881,2282912,9.6
1787235649945,2290240,9.6
1787235650010,2295632,9.4
1787235650073,2300144,9.4
1787235650136,2313360,8.6
1787235650199,2319440,8.6
1787235650253,2325216,7.6
1787235650317,2323664,7.6
1787235650380,2334832,7.8
1787235650443,2336576,7.8
1787235650504,2337136,8.5
1787235650562,2347904,8.5
1787235650625,2338192,9.3
1787235650689,2333408,9.3
1787235650743,2341040,8.7
1787235650807,2341168,8.7
1787235650870,2335840,9.1
1787235650927,2341312,9.1
1787235650990,2340176,9.3
1787235651049,2355520,9.3
1787235651111,2366160,9.7
1787235651172,2368464,9.7
1787235651234,2347392,9.7
1787235651301,2344096,9.8
1787235651368,2323376,10.5
1787235651424,2330768,10.5
1787235651487,2334656,9.3
1787235651545,2334752,9.3
1787235651602,2346096,9.3
1787235651662,2342656,9.0
1787235651725,2344256,9.0
1787235651790,2347328,9.5
1787235651848,2349424,9.5
1787235651911,2352368,9.7
1787235651974,2361120,9.7
1787235652037,2371728,8.7
1787235652098,2383840,8.7
1787235652158,2396608,8.8
1787235652220,2413024,8.8
1787235652283,2404064,9.5
1787235652342,2403024,9.5
1787235652404,2399888,9.9
1787235652467,2398704,9.9
1787235652528,2401968,9.4
1787235652582,2412480,9.4
1787235652645,2447520,10.0
1787235652708,2428336,10.0
1787235652771,2405984,12.4
1787235652839,2423488,12.4
1787235652903,2441952,13.9
1787235652964,2417680,13.9
1787235653032,2367104,14.8
1787235653095,2363136,14.8
1787235653153,2366928,10.9
1787235653214,2372000,10.9
1787235653274,2412240,9.5
1787235653330,2433744,9.5
1787235653394,2447856,10.9
1787235653457,2458928,10.9
1787235653514,2473456,11.3
1787235653577,2490048,11.3
1787235653634,2501152,11.4
1787235653697,2514768,11.4
1787235653760,2531856,11.4
1787235653818,2543552,11.4
1787235653882,2550416,11.1
1787235653945,2592064,11.1
1787235654007,2632320,14.2
1787235654068,2684160,14.2
1787235654125,2658800,20.8
1787235654190,2664416,20.8
1787235654249,2655392,18.3
1787235654310,2636688,18.3
1787235654369,2629744,15.7
1787235654427,2611488,15.7
1787235654490,2565456,15.1
1787235654551,2547296,15.1
1787235654612,2538752,15.1
1787235654676,2554272,14.2
1787235654730,2568608,14.2
1787235654790,2571024,12.4
1787235654853,2568240,12.4
1787235654914,2579760,11.5
1787235654977,2578368,11.5
1787235655039,2583280,11.0
1787235655101,2590720,11.0
1787235655163,2616736,11.1
1787235655226,2615664,11.1
1787235655289,2624960,10.7
1787235655349,2647888,10.7
1787235655412,2657648,10.9
1787235655476,2681072,10.9
1787235655531,2696928,11.1
1787235655592,2723808,11.1
1787235655653,2747872,12.0
1787235655709,2768416,12.0
1787235655768,2776032,11.8
1787235655831,2753568,11.8
1787235655889,2733808,11.5
1787235655954,2723584,11.5
1787235656034,2749744,11.9
1787235656099,2761536,11.9
1787235656161,2775216,13.0
1787235656224,2822192,13.0
1787235656281,2861312,14.1
1787235656344,2885808,14.1
1787235656407,2905632,13.8
1787235656464,2903616,13.8
1787235656527,2901552,13.5
1787235656580,2912432,13.5
1787235656636,2899632,11.8
1787235656697,2895232,11.8
1787235656766,2894928,10.9
1787235656832,2900304,10.9
1787235656888,2936384,12.7
1787235656948,2959376,12.7
1787235657005,2914912,14.7
1787235657066,2885360,14.7
1787235657128,2870432,14.7
1787235657190,2879104,14.7
1787235657253,2869408,12.5
1787235657311,2867024,12.5
1787235657373,2851808,11.4
1787235657430,2832768,11.4
1787235657494,2853280,10.6
1787235657556,2859888,10.6
1787235657615,2844208,10.8
1787235657677,2838192,10.8
1787235657744,2839328,9.8
1787235657810,2848144,9.8
1787235657869,2861008,10.9
1787235657925,2850800,10.9
1787235657989,2854800,10.9
1787235658047,2857872,10.7
1787235658109,2862608,10.7
1787235658172,2853056,10.5
1787235658235,2880576,10.5
1787235658299,2886432,10.5
1787235658362,2876144,10.5
1787235658427,2884480,10.8
1787235658490,2874336,10.2
1787235658549,2880736,10.2
1787235658611,2890336,10.2
1787235658674,2908800,9.7
1787235658731,2917712,9.7
1787235658793,2868688,10.0
1787235658857,2880432,10.0
1787235658914,2875616,10.6
1787235658970,2873168,10.6
1787235659033,2881552,11.8
1787235659096,2875776,11.8
1787235659152,2890512,12.0
1787235659215,2899456,12.0
1787235659278,2896656,10.9
1787235659338,2890128,10.9
1787235659401,2905552,11.1
1787235659462,2921264,11.1
1787235659525,2914288,10.5
1787235659588,2889840,10.5
1787235659648,2913504,10.4
1787235659711,2927472,10.4
1787235659776,2929440,11.0
1787235659839,2906752,11.0
1787235659897,2923920,10.0
1787235659961,2936064,10.0
1787235660025,2942896,12.7
1787235660086,2840912,12.7
1787235660148,2843024,10.4
1787235660210,2846064,10.4
1787235660263,2848880,7.8
1787235660326,2866320,7.8
1787235660389,2878896,8.4
1787235660453,2898880,8.4
1787235660513,2906000,8.7
1787235660568,2895680,8.7
1787235660632,2911264,8.9
1787235660696,2930608,8.9
1787235660756,2923904,9.2
1787235660819,2917408,9.2
1787235660881,2901088,8.7
1787235660934,2895808,8.7
1787235660997,2881808,9.3
1787235661061,2893056,9.3
1787235661122,2912544,10.8
1787235661182,2923024,10.8
1787235661251,2912704,10.5
1787235661314,2918432,10.5
1787235661377,2909920,10.8
1787235661441,2918112,10.8
1787235661503,2916496,9.8
1787235661563,2907328,9.8
1787235661619,2896304,9.4
1787235661676,2914480,9.4
1787235661739,2897360,9.4
1787235661796,2892112,9.3
1787235661859,2878672,9.3
1787235661919,2894256,9.3
1787235661979,2881888,9.3
1787235662039,2902608,9.2
1787235662096,2895248,9.2
1787235662155,2881936,9.3
1787235662213,2897488,9.3
1787235662277,2895440,9.8
1787235662340,2893312,9.8
1787235662400,2881568,10.0
1787235662463,2896816,10.0
1787235662522,2891840,9.9
1787235662584,2906048,9.9
1787235662649,2916688,9.6
1787235662713,2927984,9.6
1787235662767,2942416,9.9
1787235662830,2956768,9.9
1787235662900,2971504,9.9
1787235662953,2976352,9.9
1787235663007,2995760,9.1
1787235663066,3021040,9.1
1787235663128,3043472,10.8
1787235663192,3067968,10.8
1787235663249,3089120,10.9
1787235663310,3075968,10.9
1787235663374,3056352,11.5
1787235663432,3052592,11.5
1787235663494,3051936,12.4
1787235663557,3031216,12.4
1787235663619,3029920,11.4
1787235663675,3055104,11.4
1787235663734,3080656,11.4
1787235663797,3066464,12.9
1787235663855,3069760,12.9
1787235663918,3089648,13.5
1787235663976,3071376,13.5
1787235664030,3077360,15.7
1787235664093,3076960,15.7
1787235664147,3071568,17.2
1787235664201,3058752,17.2
1787235664264,3046320,14.7
1787235664324,3058608,14.7
1787235664387,3063424,12.7
1787235664450,3082528,12.7
1787235664513,3091344,11.0
1787235664572,3151104,11.0
1787235664630,3178672,17.7
1787235664690,3187216,17.7
1787235664748,3233328,18.7
1787235664812,3233888,18.7
1787235664871,3206768,16.0
1787235664934,3221904,16.0
1787235664996,3182864,13.2
1787235665056,3163552,13.2
1787235665113,3187968,13.2
1787235665177,3203008,13.8
1787235665237,3202032,13.8
1787235665297,3214656,12.4
1787235665361,3218128,12.4
1787235665423,3221152,10.9
1787235665487,3229104,10.9
1787235665547,3227568,10.5
1787235665642,3248928,10.8
1787235665705,3251440,10.8
1787235665767,3246064,10.4
1787235665831,3267024,10.4
1787235665894,3271264,11.3
1787235665957,3288736,11.3
1787235666018,3323424,12.3
1787235666080,3335552,12.3
1787235666143,3343168,15.1
1787235666201,3345104,15.1
1787235666264,3360640,14.2
1787235666327,3356624,14.2
1787235666393,3326256,12.4
1787235666449,3328224,12.4
1787235666507,3312080,12.4
1787235666570,3308000,12.4
1787235666627,3320544,13.0
1787235666690,3339264,13.0
1787235666753,3346224,11.6
1787235666818,3322032,11.6
1787235666880,3321776,11.2
1787235666943,3339312,11.2
1787235666999,3330992,11.2
1787235667061,3349824,11.2
1787235667124,3348416,10.8
1787235667180,3350848,10.8
1787235667243,3344816,10.8
1787235667306,3329712,10.1
1787235667363,3353024,10.1
1787235667427,3371024,10.0
1787235667490,3383376,10.0
1787235667551,3384192,9.9
1787235667613,3404976,9.9
1787235667675,3409264,9.7
1787235667739,3395312,9.7
1787235667797,3414336,10.0
1787235667860,3411264,10.0
1787235667923,3394544,11.0
1787235667984,3395792,11.0
1787235668046,3416576,10.4
1787235668107,3416000,10.4
1787235668168,3388544,10.3
1787235668233,3266080,10.3
1787235668287,3269968,9.2
1787235668346,3276672,9.2
1787235668405,3281376,7.0
1787235668469,3286416,7.0
1787235668533,3290064,5.8
1787235668596,3295632,5.8
1787235668659,3298240,5.1
1787235668713,3288816,5.1
1787235668776,3284912,6.4
1787235668838,3291504,6.4
1787235668902,3305440,8.1
1787235668965,3312560,8.1
1787235669029,3306000,10.5
1787235669092,3310608,10.5
1787235669155,3306336,10.3
1787235669217,3319392,10.3
1787235669280,3314000,10.0
1787235669336,3300672,10.0
1787235669392,3312832,11.1
1787235669453,3324400,11.1
1787235669508,3340592,11.2
1787235669568,3271200,11.2
1787235669626,3237792,12.5
1787235669694,3188896,12.5
1787235669751,3150560,11.7
1787235669815,3148096,11.7
1787235669875,3149728,11.7
1787235669930,3137120,11.7
1787235669994,3147504,11.7
1787235670047,3143440,11.6
1787235670104,3127552,11.6
1787235670163,3125264,10.8
1787235670219,3125248,10.8
1787235670287,3113488,11.6
1787235670347,3131888,11.6
1787235670410,3145376,10.9
1787235670473,3158032,10.9
1787235670534,3115808,10.8
1787235670596,3057584,10.8
1787235670659,3062384,11.5
1787235670715,3063936,11.5
1787235670777,3069344,10.3
1787235670839,3039552,10.3
1787235670898,3030736,11.1
1787235670961,3051440,11.1
1787235671021,3075440,10.9
1787235671083,3056720,10.9
1787235671143,3065360,10.5
1787235671205,3045648,10.5
1787235671269,3047984,10.2
1787235671332,3065888,10.2
1787235671396,3101680,11.1
1787235671459,3130704,11.1
1787235671517,3135440,11.5
1787235671577,3138720,11.5
1787235671638,3130848,12.1
1787235671706,3124336,12.1
1787235671764,3107280,12.9
1787235671827,3113056,12.9
1787235671883,3140304,12.1
1787235671942,3165040,12.1
1787235672005,3206352,12.4
1787235672060,3242688,12.4
1787235672123,3230976,14.5
1787235672179,3221920,14.5
1787235672236,3212752,14.5
1787235672297,3058224,14.1
1787235672360,3060736,14.1
1787235672417,3062464,9.9
1787235672474,3073328,9.9
1787235672530,3103040,8.5
1787235672592,3127024,8.5
1787235672651,3092720,9.6
1787235672717,3093712,9.6
1787235672775,3113744,10.3
1787235672834,3096400,10.3
1787235672897,3093280,10.2
1787235672962,3107600,10.2
1787235673023,3131952,10.3
1787235673084,3123264,10.3
1787235673139,3120544,10.8
1787235673202,3140208,10.8
1787235673265,3131072,10.8
1787235673325,3139200,10.8
1787235673380,3159408,10.6
1787235673443,3189008,10.6
1787235673506,3224320,11.2
1787235673568,3246256,11.2
1787235673631,3257584,11.1
1787235673694,3281184,11.1
1787235673756,3296128,12.7
1787235673819,3291024,12.7
1787235673882,3272096,13.9
1787235673939,3261136,13.9
1787235674002,3258832,13.5
1787235674061,3267904,13.5
1787235674127,3273552,12.5
1787235674186,3288432,12.5
1787235674249,3312368,11.6
1787235674313,3342976,11.6
1787235674384,3326256,11.7
1787235674444,3325312,11.7
1787235674516,3329072,11.1
1787235674579,3327872,11.1
1787235674634,3347264,10.3
1787235674688,3323808,10.3
1787235674756,3323552,10.6
1787235674820,3321472,10.6
1787235674882,3305040,11.3
1787235674945,3307488,11.3
1787235675008,3308400,11.7
1787235675074,3304176,11.7
1787235675135,3246672,12.1
1787235675198,3221472,12.1
1787235675262,3213840,11.7
1787235675316,3225920,11.7
1787235675379,3200304,12.3
1787235675442,3213680,12.3
1787235675499,3202288,11.4
1787235675562,3218288,11.4
1787235675623,3241808,11.0
1787235675685,3225568,11.0
1787235675746,3229568,11.0
1787235675804,3207904,11.5
1787235675861,3241168,11.5
1787235675923,3255200,19.5
1787235675987,3249392,19.5
1787235676049,3242048,18.0
1787235676108,3244960,18.0
1787235676171,3257456,15.3
1787235676228,3248208,15.3
1787235676287,3245968,13.4
1787235676350,3249280,13.4
1787235676415,3252976,11.6
1787235676478,3255168,11.6
1787235676541,3261040,9.7
1787235676613,3276704,9.7
1787235676674,3282688,9.6
1787235676732,3301440,9.6
1787235676795,3303632,10.0
1787235676858,3316368,10.0
1787235676920,3320944,10.1
1787235676983,3297920,10.1
1787235677046,3323664,9.9
1787235677108,3333600,9.9
1787235677171,3324640,10.2
1787235677226,3330080,10.2
1787235677283,3318976,9.0
1787235677340,3315664,9.0
1787235677401,3298144,8.2
1787235677464,3279856,8.2
1787235677527,3302464,9.8
1787235677585,3301104,9.8
1787235677648,3294992,10.3
1787235677704,3294848,10.3
1787235677767,3268528,10.0
1787235677832,3272416,10.0
1787235677886,3287984,8.4
1787235677949,3295808,8.4
1787235678020,3283456,8.2
1787235678159,3188544,7.2
1787235678222,3160800,7.2
1787235678286,3141680,7.5
1787235678362,3134096,7.5
1787235678425,3152784,9.2
1787235678491,3157744,9.2
1787235678552,3175696,10.5
1787235678619,3167520,10.5
1787235678680,3156992,11.7
1787235678742,3161552,11.7
1787235678808,3156560,12.5
1787235678887,3159808,11.1
1787235678982,3164384,11.1
1787235679055,3164112,9.3
1787235679118,3174864,9.3
1787235679176,3178976,8.2
1787235679239,3190528,8.2
1787235679296,3201312,8.9
1787235679356,3198192,8.9
1787235679419,3196832,9.1
1787235679507,3213616,10.1
1787235679567,3227392,10.1
1787235679639,3246432,9.8
1787235679714,3250704,9.8
1787235679777,3247648,8.8
1787235679849,3241424,8.8
1787235679955,3242528,8.2
1787235680052,3176432,8.4
1787235680114,3182560,8.4
1787235680172,3187184,9.6
1787235680281,3198960,10.8
1787235680344,3185312,10.8
1787235680406,3136624,10.1
1787235680470,3110208,10.1
1787235680531,3097872,11.4
1787235680585,3076544,11.4
1787235680650,3072480,9.7
1787235680712,3075728,9.7
1787235680767,3077552,9.0
1787235680829,3068112,9.0
1787235680892,3053360,9.5
1787235680962,3036816,9.5
1787235681043,3038896,9.1
1787235681103,3058752,9.1
1787235681166,3044256,10.0
1787235681252,3004880,10.3
1787235681306,2981680,10.3
1787235681371,2979328,10.3
1787235681429,2982672,10.8
1787235681493,2975232,10.8
1787235681558,2942448,9.2
1787235681627,2897760,10.4
1787235681690,2879952,10.4
1787235681744,2886288,10.4
1787235681807,2868992,11.3
1787235681870,2837312,11.3
1787235681934,2821056,10.9
1787235681997,2837264,10.9
1787235682052,2845296,10.5
1787235682115,2846592,10.5
1787235682168,2841792,10.2
1787235682230,2831664,10.2
1787235682293,2819776,8.4
1787235682351,2822736,8.4
1787235682416,2817376,7.8
1787235682480,2797568,7.8
1787235682543,2798688,7.9
1787235682604,2795216,7.9
1787235682662,2796320,8.7
1787235682725,2789824,8.7
1787235682788,2783456,8.8
1787235682851,2803584,8.8
1787235682930,2791760,8.9
1787235682990,2797568,8.9
1787235683050,2772928,9.1
1787235683114,2777440,9.1
1787235683177,2775024,8.0
1787235683240,2777792,8.0
1787235683303,2778528,7.5
1787235683365,2784448,7.5
1787235683428,2784272,8.2
1787235683486,2786400,8.2
1787235683549,2789440,8.8
1787235683612,2783024,8.8
1787235683673,2808112,9.0
1787235683731,2804128,9.0
1787235683794,2792592,9.6
1787235683858,2772272,9.6
1787235683914,2775952,9.1
1787235683977,2725712,9.1
1787235684037,2730112,8.6
1787235684097,2707184,8.6
1787235684161,2727856,7.9
1787235684219,2718048,7.9
1787235684276,2723120,8.8
1787235684340,2738880,8.8
1787235684397,2737696,9.3
1787235684460,2742320,9.3
1787235684522,2728720,9.9
1787235684585,2729840,9.9
1787235684648,2742640,9.4
1787235684704,2750592,9.4
1787235684766,2723104,9.1
1787235684829,2685680,9.1
1787235684890,2641840,8.7
1787235684944,2641680,8.7
1787235685007,2667808,11.5
1787235685069,2689600,11.5
1787235685132,2705632,12.0
1787235685194,2720528,12.0
1787235685262,2701728,11.7
1787235685325,2720864,11.7
1787235685388,2728672,10.9
1787235685444,2711120,10.9
1787235685507,2693296,9.3
1787235685567,2696256,9.3
1787235685629,2701248,8.3
1787235685692,2714656,8.3
1787235685755,2717872,8.5
1787235685818,2712304,8.5
1787235685886,2680832,9.0
1787235685948,2628016,9.0
1787235686011,2549776,9.1
1787235686087,2506512,9.1
1787235686150,2505696,11.0
1787235686208,2500576,11.0
1787235686261,2483376,12.7
1787235686316,2464880,12.7
1787235686383,2445216,11.2
1787235686443,2421408,11.2
1787235686506,2424144,9.9
1787235686567,2410576,9.9
1787235686630,2422576,9.8
1787235686696,2425936,9.8
1787235686762,2392752,12.8
1787235686816,2402112,12.8
1787235686879,2402656,12.7
1787235686943,2401600,12.7
1787235687006,2376400,12.7
1787235687069,2393728,12.7
1787235687124,2388960,12.7
1787235687178,2391728,12.8
1787235687241,2396032,12.8
1787235687301,2399248,10.3
1787235687357,2404912,10.3
1787235687420,2412432,8.6
1787235687483,2445856,8.6
1787235687541,2418736,9.6
1787235687600,2407328,9.6
1787235687664,2392208,10.5
1787235687727,2407520,10.5
1787235687792,2405616,11.2
1787235687849,2399568,11.2
1787235687913,2427632,11.4
1787235687977,2430304,11.4
1787235688043,2433392,10.7
1787235688106,2435888,10.7
1787235688168,2429088,9.0
1787235688229,2439696,9.0
1787235688293,2460464,10.8
1787235688356,2471808,10.8
1787235688419,2485120,11.2
1787235688482,2476816,11.2
1787235688544,2503536,11.3
1787235688602,2476896,11.3
1787235688663,2473360,12.5
1787235688727,2469872,12.5
1787235688783,2446160,12.7
1787235688837,2447376,12.7
1787235688902,2435568,10.7
1787235688966,2426032,10.7
1787235689029,2391520,11.4
1787235689091,2399712,11.4
1787235689149,2405088,12.5
1787235689207,2388736,12.5
1787235689263,2390736,10.9
1787235689323,2363552,10.9
1787235689414,2403552,13.2
1787235689477,2428240,13.2
1787235689540,2425360,12.7
1787235689604,2398704,12.7
1787235689669,2397616,10.7
1787235689732,2383696,10.7
1787235689795,2400544,10.4
1787235689859,2406848,10.4
1787235689913,2408320,10.7
1787235689970,2383632,10.7
1787235690027,2398624,10.7
1787235690089,2408896,10.7
1787235690148,2421376,10.8
1787235690209,2419024,10.8
1787235690272,2427488,10.5
1787235690333,2426944,10.5
1787235690388,2426272,9.2
1787235690452,2430464,9.2
1787235690517,2433280,8.2
1787235690576,2440992,8.2
1787235690633,2456080,8.7
1787235690696,2453344,8.7
1787235690754,2481776,8.7
1787235690843,2489248,10.4
1787235690906,2499328,11.1
1787235690970,2502752,11.1
1787235691028,2487968,10.6
1787235691086,2474960,10.6
1787235691142,2478240,9.7
1787235691205,2457920,9.7
1787235691267,2461488,8.5
1787235691330,2456352,8.5
1787235691393,2473296,8.1
1787235691451,2476144,8.1
1787235691509,2450704,9.6
1787235691570,2458832,9.6
1787235691633,2466240,8.0
1787235691696,2495488,8.0
1787235691754,2504544,8.0
1787235691824,2516352,9.2
1787235691887,2540336,9.7
1787235691946,2558240,9.7
1787235692009,2562016,9.7
1787235692071,2558544,9.7
1787235692134,2562896,8.5
1787235692194,2552960,8.5
1787235692250,2560720,8.5
1787235692318,2568912,8.2
1787235692380,2579696,8.2
1787235692442,2574752,9.3
1787235692506,2579408,9.3
1787235692570,2561104,9.7
1787235692627,2578272,9.7
1787235692682,2568352,10.0
1787235692745,2588320,10.0
1787235692809,2578848,10.2
1787235692875,2583296,10.2
1787235692938,2573168,8.8
1787235693001,2558080,8.8
1787235693055,2545824,7.6
1787235693125,2562240,7.6
1787235693181,2556608,8.2
1787235693244,2573312,8.2
1787235693301,2563632,10.1
1787235693364,2564496,10.1
1787235693427,2569392,10.5
1787235693488,2567600,10.5
1787235693551,2567424,10.2
1787235693613,2571936,10.2
1787235693666,2561728,9.8
1787235693722,2564800,9.8
1787235693779,2547408,8.5
1787235693840,2548752,8.5
1787235693898,2577392,8.2
1787235693960,2554752,8.2
1787235694023,2563328,9.6
1787235694086,2544032,9.6
1787235694149,2551216,9.9
1787235694212,2556816,9.9
1787235694272,2570832,9.3
1787235694339,2591840,9.3
1787235694396,2600848,9.5
1787235694459,2594080,9.5
1787235694526,2517152,8.6
1787235694589,2522256,8.6
1787235694647,2510096,8.3
1787235694710,2518592,8.3
1787235694765,2511104,9.3
1787235694828,2515312,9.3
1787235694885,2512256,9.4
1787235694953,2519824,9.4
1787235695015,2540400,10.3
1787235695078,2552400,10.3
1787235695136,2562720,10.1
1787235695193,2578160,10.1
1787235695253,2581168,10.1
1787235695318,2585984,9.1
1787235695380,2587568,9.1
1787235695433,2592048,8.0
1787235695492,2600400,8.0
1787235695553,2628928,8.1
1787235695606,2639760,8.1
1787235695669,2638720,9.6
1787235695723,2630400,9.6
1787235695784,2641888,9.2
1787235695848,2660512,9.2
1787235695912,2631328,9.9
1787235695975,2645936,9.9
1787235696029,2636672,9.4
1787235696084,2632592,9.4
1787235696148,2613200,8.6
1787235696205,2616992,8.6
1787235696268,2602976,7.7
1787235696324,2606512,7.7
1787235696388,2616352,8.3
1787235696452,2636064,8.3
1787235696511,2631600,9.3
1787235696573,2638432,9.3
1787235696632,2632592,9.3
1787235696695,2642000,9.2
1787235696760,2664848,9.7
1787235696825,2682704,9.7
1787235696883,2697152,9.7
1787235696942,2708784,9.3
1787235697002,2709760,9.3
1787235697065,2712160,8.6
1787235697128,2717360,8.6
1787235697192,2719792,7.9
1787235697245,2738720,7.9
1787235697309,2760896,8.1
1787235697366,2782272,8.1
1787235697429,2792608,9.7
1787235697482,2818016,9.7
1787235697540,2837952,10.4
1787235697603,2851184,10.4
1787235697667,2860736,11.7
1787235697729,2869184,11.7
1787235697792,2868640,11.1
1787235697847,2870528,11.1
1787235697900,2866160,9.4
1787235697963,2870320,9.4
1787235698017,2873392,8.2
1787235698077,2891280,8.2
1787235698138,2923184,11.1
1787235698200,2947200,11.1
1787235698263,2976336,13.5
1787235698326,3009056,13.5
1787235698390,3033776,13.4
1787235698450,3025664,13.4
1787235698505,2992144,13.4
1787235698568,2988848,13.2
1787235698630,2950880,13.2
1787235698689,2932112,11.6
1787235698742,2938576,11.6
1787235698803,2904496,12.1
1787235698865,2916816,12.1
1787235698926,2928704,10.5
1787235698986,2930096,10.5
1787235699049,2940752,11.3
1787235699112,2941712,11.3
1787235699174,2927024,10.7
1787235699237,2930496,10.7
1787235699305,2919856,9.2
1787235699368,2921488,9.2
1787235699431,2926288,7.9
1787235699492,2923200,7.9
1787235699549,2943360,7.4
1787235699612,2942688,7.4
1787235699676,2949808,8.5
1787235699733,2955376,8.5
1787235699796,2952448,8.4
1787235699850,2962528,8.4
1787235699906,2977792,9.3
1787235699961,2982512,9.3
1787235700019,2967040,9.5
1787235700080,3010688,9.5
1787235700135,3050064,9.5
1787235700198,3050624,16.8
1787235700260,3073136,16.8
1787235700326,3107184,13.5
1787235700383,3131664,13.5
1787235700440,3140144,16.2
1787235700499,3154944,16.2
1787235700562,3182864,15.5
1787235700619,3194992,15.5
1787235700678,3198784,14.1
1787235700741,3199936,14.1
1787235700804,3224864,12.8
1787235700864,3246784,12.8
1787235700927,3271712,13.0
1787235700991,3264256,13.0
1787235701058,3250416,12.6
1787235701115,3260352,12.6
1787235701172,3300880,13.0
1787235701233,3327216,13.0
1787235701297,3368080,15.7
1787235701355,3367872,15.7
1787235701418,3379104,16.2
1787235701473,3364480,16.2
1787235701530,3372224,15.9
1787235701605,3374128,15.9
1787235701669,3377520,17.5
1787235701726,3390000,17.5
1787235701789,3419792,16.6
1787235701853,3408736,16.6
1787235701916,3403536,14.7
1787235701976,3443104,14.7
1787235702037,3440928,15.5
1787235702092,3453120,15.5
1787235702152,3461216,17.4
1787235702207,3403312,17.4
1787235702270,3406576,15.3
1787235702331,3418400,15.3
1787235702394,3434592,13.2
1787235702455,3452064,13.2
1787235702519,3484848,14.1
1787235702578,3491232,14.1
1787235702642,3491632,15.3
1787235702697,3484192,15.3
1787235702751,3496272,15.3
1787235702809,3472448,13.6
1787235702866,3475376,13.6
1787235702922,3516464,14.0
1787235702977,3575728,14.0
1787235703033,3616816,16.9
1787235703097,3614800,16.9
1787235703160,3589184,14.8
1787235703223,3573712,14.8
1787235703290,3548240,16.6
1787235703346,3566672,16.6
1787235703409,3558256,15.6
1787235703472,3549392,15.6
1787235703534,3562768,12.4
1787235703592,3569376,12.4
1787235703654,3568384,13.9
1787235703710,3563088,13.9
1787235703764,3584144,13.0
1787235703825,3560944,13.0
1787235703888,3571440,11.4
1787235703948,3593584,11.4
1787235704010,3568064,11.4
1787235704067,3596048,11.8
1787235704131,3633376,11.8
1787235704199,3653296,11.5
1787235704258,3661568,11.5
1787235704324,3654272,11.5
1787235704381,3665632,11.5
1787235704444,3673424,10.4
1787235704502,3689728,10.4
1787235704561,3709792,12.4
1787235704619,3734880,12.4
1787235704682,3757328,12.1
1787235704737,3762352,12.1
1787235704801,3740448,11.2
1787235704866,3757776,11.2
1787235704923,3772160,12.3
1787235704989,3783280,12.3
1787235705052,3762640,13.2
1787235705108,3776496,13.2
1787235705172,3781344,12.1
1787235705230,3790224,12.1
1787235705286,3809872,12.6
1787235705340,3825680,12.6
1787235705403,3767536,12.9
1787235705466,3749088,12.9
1787235705529,3742400,12.6
1787235705594,3763008,12.6
1787235705658,3785216,12.3
1787235705721,3781056,12.3
1787235705784,3808768,12.7
1787235705848,3795792,12.7
1787235705910,3811328,12.1
1787235705964,3801072,12.1
1787235706024,3809632,11.5
1787235706084,3822704,11.5
1787235706146,3832880,11.1
1787235706209,3881728,11.1
1787235706272,3925040,12.7
1787235706338,3891840,12.7
1787235706401,3904464,11.4
1787235706469,3904160,11.4
1787235706530,3910448,12.1
1787235706593,3919136,12.1
1787235706649,3928896,13.0
1787235706710,3945408,13.0
1787235706768,3955200,11.6
1787235706833,3966336,11.6
1787235706896,3996000,10.8
1787235706959,4040240,10.8
1787235707022,4037632,12.1
1787235707087,4021984,12.1
1787235707142,4024992,12.5
1787235707207,4025328,12.5
1787235707264,4006720,12.5
1787235707317,4011952,11.1
1787235707378,4030528,11.1
1787235707434,4028208,12.4
1787235707502,4025056,12.4
1787235707565,4016320,12.7
1787235707630,4020304,12.7
1787235707693,4001152,11.4
1787235707756,4035424,11.4
1787235707821,4027808,11.6
1787235707884,4025024,11.6
1787235707946,3964768,13.3
1787235708004,3933264,13.3
1787235708067,3919376,12.7
1787235708128,3898048,12.7
1787235708186,3910656,10.6
1787235708249,3930032,10.6
1787235708319,3948800,12.9
1787235708383,3954416,12.9
1787235708449,3968192,12.6
1787235708512,3954928,12.6
1787235708569,3973216,11.1
1787235708629,3973600,11.1
1787235708687,3949920,11.3
1787235708749,3957856,11.3
1787235708806,3968032,12.3
1787235708873,3965632,12.3
1787235708942,3976720,11.9
1787235709006,3977888,11.9
1787235709063,3983664,10.9
1787235709129,3976688,10.9
1787235709198,3966128,13.0
1787235709260,3984240,13.0
1787235709323,3961664,13.4
1787235709377,3969584,13.4
1787235709441,3959392,11.7
1787235709504,3934592,11.7
1787235709567,3940480,12.8
1787235709629,3941888,12.8
1787235709682,3929840,13.3
1787235709751,3917760,13.3
1787235709815,3923904,10.9
1787235709878,3913328,10.9
1787235709936,3928864,12.7
1787235709995,3948624,12.7
1787235710058,3899632,16.1
1787235710121,3882880,16.1
1787235710184,3889392,15.7
1787235710241,3890864,15.7
1787235710304,3873312,16.9
1787235710368,3845856,16.9
1787235710432,3835328,15.4
1787235710495,3819776,15.4
1787235710556,3834304,14.6
1787235710618,3837280,14.6
1787235710672,3836000,14.7
1787235710735,3823184,14.7
1787235710799,3803040,13.2
1787235710854,3810720,13.2
1787235710916,3848528,12.4
1787235710982,3843376,12.4
1787235711044,3829488,14.2
1787235711100,3835744,14.2
1787235711163,3819280,12.6
1787235711233,3764704,12.6
1787235711303,3798032,12.6
1787235711367,3824992,12.6
1787235711429,3817536,12.9
1787235711486,3813600,12.9
1787235711551,3757712,12.0
1787235711612,3749968,12.0
1787235711673,3720064,10.4
1787235711736,3701200,10.4
1787235711792,3722464,8.6
1787235711855,3664912,8.6
1787235711914,3642640,9.0
1787235711977,3670688,9.0
1787235712037,3718320,10.0
1787235712097,3748288,10.0
1787235712153,3762928,10.7
1787235712213,3792736,10.7
1787235712277,3800432,14.8
1787235712334,3797104,14.8
1787235712399,3786992,17.1
1787235712464,3806016,17.1
1787235712526,3782672,18.5
1787235712592,3768592,18.5
1787235712651,3755216,17.7
1787235712710,3751408,17.7
1787235712770,3742528,17.7
1787235712834,3744368,17.1
1787235712888,3709104,17.1
1787235712951,3707872,16.1
1787235713014,3716288,16.1
1787235713077,3684400,13.2
1787235713136,3689904,13.2
1787235713199,3701504,10.3
1787235713262,3681536,10.3
1787235713325,3665008,9.0
1787235713394,3531936,9.0
1787235713458,3540288,8.5
1787235713520,3556016,8.5
1787235713582,3574528,9.7
1787235713639,3586672,9.7
1787235713697,3591504,12.7
1787235713754,3594672,12.7
1787235713817,3597296,14.2
1787235713883,3597552,14.2
1787235713941,3584656,14.0
1787235714005,3590416,14.0
1787235714062,3577584,11.1
1787235714119,3586688,11.1
1787235714172,3596640,9.6
1787235714230,3582768,9.6
1787235714293,3567472,8.4
1787235714357,3530320,8.4
1787235714417,3513056,8.5
1787235714472,3506560,8.5
1787235714535,3516304,10.8
1787235714596,3536800,10.8
1787235714661,3518816,14.1
1787235714724,3514592,14.1
1787235714781,3517152,15.7
1787235714837,3495328,15.7
1787235714895,3499808,15.7
1787235714959,3482624,13.4
1787235715022,3486992,11.2
1787235715082,3497856,11.2
1787235715137,3486976,11.2
1787235715195,3493168,9.7
1787235715253,3503520,9.7
1787235715316,3475296,9.0
1787235715376,3488464,9.0
1787235715435,3496288,10.0
1787235715493,3525408,10.0
1787235715554,3537216,13.9
1787235715617,3564608,13.9
1787235715680,3574160,15.4
1787235715746,3540912,15.4
1787235715802,3555664,16.2
1787235715858,3562816,16.2
1787235715922,3559984,13.8
1787235715978,3560400,13.8
1787235716041,3572112,12.3
1787235716109,3547360,12.3
1787235716173,3539936,10.7
1787235716230,3508592,10.7
1787235716286,3522688,14.1
1787235716348,3489648,14.1
1787235716412,3490544,13.9
1787235716472,3501376,13.9
1787235716532,3492208,12.4
1787235716596,3473424,12.4
1787235716652,3479040,10.2
1787235716715,3457616,10.2
1787235716777,3466832,9.0
1787235716840,3461216,9.0
1787235716902,3467712,8.2
1787235716965,3459264,8.2
1787235717024,3466992,9.4
1787235717091,3436752,9.4
1787235717154,3442608,10.3
1787235717217,3441696,10.3
1787235717279,3458656,12.1
1787235717339,3457136,12.1
1787235717397,3436480,12.1
1787235717463,3420624,12.0
1787235717526,3425872,9.9
1787235717596,3413376,9.9
1787235717653,3424448,8.9
1787235717716,3415904,8.9
1787235717775,3422736,8.2
1787235717838,3430784,8.2
1787235717901,3430544,7.8
1787235717963,3459552,7.8
1787235718025,3448000,10.0
1787235718082,3462688,10.0
1787235718143,3480928,10.0
1787235718206,3468144,12.0
1787235718270,3498736,12.0
1787235718333,3503280,12.1
1787235718397,3506080,12.1
1787235718460,3507856,10.0
1787235718522,3517760,10.0
1787235718585,3525248,8.5
1787235718642,3527792,8.5
1787235718705,3535504,7.6
1787235718763,3545616,7.6
1787235718823,3543648,7.7
1787235718884,3559936,7.7
1787235718942,3558016,7.6
1787235719005,3550864,7.6
1787235719067,3524816,8.8
1787235719129,3522736,8.8
1787235719193,3527552,9.3
1787235719247,3507344,9.3
1787235719302,3465072,11.1
1787235719365,3449168,11.1
1787235719428,3429344,12.9
1787235719492,3439312,12.9
1787235719558,3409696,11.7
1787235719619,3390640,11.7
1787235719687,3373808,10.5
1787235719746,3377968,10.5
1787235719809,3352064,8.8
1787235719873,3356384,8.8
1787235719928,3361152,10.7
1787235719983,3342032,10.7
1787235720047,3266320,11.1
1787235720110,3252960,11.1
1787235720168,3257872,8.4
1787235720228,3264768,8.4
1787235720287,3267888,6.6
1787235720341,3305344,6.6
1787235720398,3320080,6.6
1787235720461,3296832,9.4
1787235720525,3280512,8.6
1787235720588,3286112,8.6
1787235720650,3268192,7.8
1787235720704,3243296,7.8
1787235720764,3250640,7.8
1787235720821,3255456,7.1
1787235720884,3259264,7.1
1787235720944,3266544,6.6
1787235721007,3265472,6.6
1787235721070,3249840,7.0
1787235721129,3245360,7.0
1787235721192,3266896,9.5
1787235721255,3275904,9.5
1787235721320,3262992,12.3
1787235721383,3273792,12.3
1787235721446,3280544,12.1
1787235721509,3259280,12.1
1787235721566,3266432,10.1
1787235721629,3253808,10.1
1787235721693,3235472,8.8
1787235721755,3239776,8.8
1787235721823,3237520,7.8
1787235721882,3243568,7.8
1787235721945,3235648,7.8
1787235722005,3237056,7.8
1787235722069,3242880,7.9
1787235722132,3225120,7.9
1787235722192,3242672,10.0
1787235722255,3224000,10.0
1787235722315,3219808,11.5
1787235722378,3242576,11.5
1787235722438,3214592,12.0
1787235722501,3223056,12.0
1787235722564,3207552,10.0
1787235722626,3217072,10.0
1787235722680,3210992,8.7
1787235722735,3220304,8.7
1787235722794,3205728,7.6
1787235722849,3215328,7.6
1787235722908,3193792,7.3
1787235722968,3188832,7.3
1787235723027,3207328,9.1
1787235723090,3223664,9.1
1787235723154,3277984,12.3
1787235723214,3316704,12.3
1787235723269,3273824,12.3
1787235723325,3264720,14.4
1787235723379,3257424,14.4
1787235723441,3220880,12.1
1787235723503,3231760,12.1
1787235723560,3240720,11.7
1787235723614,3250592,11.7
1787235723676,3247856,10.8
1787235723739,3273808,10.8
1787235723802,3295792,12.2
1787235723858,3285440,12.2
1787235723919,3270016,13.3
1787235723982,3282160,13.3
1787235724040,3271184,12.7
1787235724098,3255584,12.7
1787235724162,3261456,11.0
1787235724225,3248304,11.0
1787235724280,3254224,9.4
1787235724347,3245520,9.4
1787235724411,3249984,8.4
1787235724471,3258544,8.4
1787235724534,3247856,7.9
1787235724595,3270144,7.9
1787235724649,3285328,7.9
1787235724704,3289024,9.6
1787235724762,3337664,9.6
1787235724819,3337200,11.9
1787235724882,3336208,11.9
1787235724942,3352096,12.3
1787235725006,3333840,12.3
1787235725066,3309168,10.8
1787235725128,3294624,10.8
1787235725191,3274624,9.1
1787235725254,3259856,9.1
1787235725314,3267376,8.3
1787235725377,3255728,8.3
1787235725432,3248976,7.9
1787235725493,3255680,7.9
1787235725553,3279072,10.3
1787235725619,3292752,10.3
1787235725680,3309360,11.5
1787235725744,3297248,11.5
1787235725809,3286992,12.3
1787235725872,3295952,12.3
1787235725934,3267344,11.4
1787235725991,3274576,11.4
1787235726051,3266624,9.6
1787235726117,3223744,9.6
1787235726178,3216160,9.4
1787235726241,3210816,9.4
1787235726298,3206384,9.7
1787235726357,3190192,9.7
1787235726420,3151888,12.1
1787235726485,3135200,12.1
1787235726540,3133376,13.9
1787235726603,3140672,13.9
1787235726657,3140000,14.3
1787235726714,3102704,14.3
1787235726778,3110928,14.3
1787235726844,3104080,11.3
1787235726901,3108608,11.3
1787235726964,3106896,9.9
1787235727027,3104704,9.9
1787235727083,3109136,8.7
1787235727144,3100080,8.7
1787235727204,3116896,7.9
1787235727267,3125120,7.9
1787235727330,3125248,9.3
1787235727393,3114672,9.3
1787235727456,3141616,10.5
1787235727513,3142624,10.5
1787235727574,3167408,10.6
1787235727633,3184640,10.6
1787235727700,3166256,11.3
1787235727764,3172272,11.3
1787235727821,3149888,9.8
1787235727879,3158816,9.8
1787235727956,3133536,8.6
1787235728023,3115168,8.6
1787235728082,3123504,7.3
1787235728145,3142560,7.3
1787235728208,3139280,8.2
1787235728271,3133808,8.2
1787235728334,3112944,9.5
1787235728393,3148080,9.5
1787235728454,3142048,11.1
1787235728516,3142656,11.1
1787235728578,3133296,12.3
1787235728640,3137712,12.3
1787235728705,3124736,10.0
1787235728765,3130192,10.0
1787235728822,3140048,8.5
1787235728885,3149104,8.5
1787235728944,3153376,7.9
1787235729005,3163648,7.9
1787235729065,3166368,7.5
1787235729128,3218544,7.5
1787235729186,3217392,10.2
1787235729250,3218080,10.2
1787235729304,3203728,11.7
1787235729357,3226608,11.7
1787235729423,3248208,11.5
1787235729492,3244624,11.5
1787235729551,3248192,10.0
1787235729614,3255616,10.0
1787235729672,3259360,9.0
1787235729735,3266320,9.0
1787235729798,3277936,8.0
1787235729861,3278160,8.0
1787235729924,3288480,7.1
1787235729985,3270672,7.1
1787235730043,3293840,7.3
1787235730098,3303632,7.3
1787235730160,3326320,9.0
1787235730215,3346384,9.0
1787235730269,3362432,9.0
1787235730324,3385568,11.7
1787235730387,3385648,11.7
1787235730450,3360576,11.1
1787235730517,3350480,11.1
1787235730572,3353968,9.9
1787235730626,3347504,9.9
1787235730683,3340912,8.7
1787235730747,3344048,8.7
1787235730810,3341728,8.1
1787235730868,3344448,8.1
1787235730931,3342288,7.5
1787235730992,3358912,7.5
1787235731054,3363024,8.2
1787235731115,3376048,8.2
1787235731178,3381040,9.1
1787235731242,3393056,9.1
1787235731301,3397776,10.8
1787235731364,3424640,10.8
1787235731418,3435184,11.6
1787235731481,3438976,11.6
1787235731535,3435536,9.8
1787235731596,3434368,9.8
1787235731659,3418720,9.8
1787235731722,3409072,9.8
1787235731785,3418224,8.9
1787235731849,3408992,8.9
1787235731902,3397808,8.9
1787235731959,3391888,8.8
1787235732014,3410032,8.8
1787235732079,3448000,11.7
1787235732137,3442736,11.7
1787235732205,3433376,13.4
1787235732268,3433040,13.4
1787235732331,3413232,13.5
1787235732388,3419824,13.5
1787235732451,3409568,10.9
1787235732514,3419936,10.9
1787235732567,3400688,9.2
1787235732627,3403776,9.2
1787235732687,3412432,8.1
1787235732750,3408816,8.1
1787235732808,3396464,8.1
1787235732872,3365120,8.1
1787235732935,3342864,11.2
1787235732995,3356528,11.2
1787235733059,3342320,12.3
1787235733124,3345536,12.3
1787235733188,3354352,11.8
1787235733254,3330752,11.8
1787235733311,3337632,9.8
1787235733371,3316304,9.8
1787235733425,3318496,8.5
1787235733483,3328128,8.5
1787235733542,3332816,8.3
1787235733602,3334176,8.3
1787235733665,3344592,7.3
1787235733728,3370368,7.3
1787235733786,3404160,9.0
1787235733849,3424208,9.0
1787235733908,3434896,9.3
1787235733976,3431760,9.3
1787235734039,3427008,10.4
1787235734102,3455152,10.4
1787235734163,3446640,10.9
1787235734232,3438608,10.9
1787235734295,3442960,9.3
1787235734350,3452912,9.3
1787235734413,3441696,8.5
1787235734476,3442400,8.5
1787235734539,3448256,8.1
1787235734594,3458528,8.1
1787235734657,3445744,8.1
1787235734718,3471776,7.2
1787235734785,3464496,9.8
1787235734848,3459152,9.8
1787235734911,3486384,12.1
1787235734975,3505056,12.1
1787235735035,3446768,13.8
1787235735098,3434784,13.8
1787235735159,3394400,11.5
1787235735218,3403008,11.5
1787235735281,3387504,11.5
1787235735339,3349568,9.7
1787235735397,3343632,9.7
1787235735460,3354080,8.1
1787235735523,3343136,8.1
1787235735586,3346032,7.5
1787235735649,3381808,7.5
1787235735710,3356608,9.8
1787235735773,3368240,9.8
1787235735836,3401776,10.8
1787235735899,3426224,10.8
1787235735961,3441584,10.9
1787235736020,3447952,10.9
1787235736086,3445200,10.8
1787235736144,3450256,10.8
1787235736202,3445664,9.6
1787235736265,3423072,9.6
1787235736329,3407152,8.4
1787235736388,3333984,8.4
1787235736451,3329136,6.9
1787235736511,3300912,6.9
1787235736573,3302784,6.7
1787235736629,3298416,6.7
1787235736690,3230144,6.2
1787235736753,3235248,6.2
1787235736816,3240160,4.9
1787235736872,3244032,4.9
1787235736932,3254928,4.5
1787235736995,3262992,4.5
1787235737057,3273456,4.5
1787235737119,3283264,4.5
1787235737178,3330576,6.4
1787235737247,3394736,6.4
1787235737302,3406800,9.3
1787235737361,3424336,9.3
1787235737425,3434272,10.3
1787235737488,3418240,10.3
1787235737551,3425264,8.7
1787235737607,3415056,8.7
1787235737671,3426480,8.3
1787235737734,3419456,8.3
1787235737789,3426112,8.4
1787235737852,3437456,8.4
1787235737918,3394192,10.3
1787235737982,3405776,10.3
1787235738045,3436384,12.7
1787235738099,3443280,12.7
1787235738162,3437600,14.7
1787235738224,3429952,14.7
1787235738286,3418000,12.1
1787235738349,3406608,12.1
1787235738404,3369760,12.1
1787235738471,3343632,10.8
1787235738531,3317152,10.8
1787235738590,3290752,10.1
1787235738654,3303264,10.1
1787235738717,3279504,10.2
1787235738782,3241856,10.2
1787235738845,3299024,12.5
1787235738903,3299184,12.5
1787235738964,3241376,13.6
1787235739020,3213808,13.6
1787235739078,3197280,12.0
1787235739138,3186176,12.0
1787235739196,3176528,10.8
1787235739258,3162208,10.8
1787235739313,3169392,9.6
1787235739376,3153472,9.6
1787235739437,3148480,8.8
1787235739493,3162048,8.8
1787235739556,3159088,9.3
1787235739615,3161344,9.3
1787235739673,3167728,10.4
1787235739731,3158304,10.4
1787235739794,3121472,11.5
1787235739854,3125136,11.5
1787235739918,3207808,14.4
1787235739979,3214672,14.4
1787235740053,3051584,17.2
1787235740117,2949104,17.2
1787235740172,2950560,12.5
1787235740225,2952224,12.5
1787235740280,2954416,12.5
1787235740340,2956032,9.2
1787235740403,2957520,9.2
1787235740466,2958816,6.9
1787235740530,2953152,6.9
1787235740591,2976512,8.0
1787235740650,3004912,8.0
1787235740712,3032736,13.2
1787235740774,3053456,13.2
1787235740836,3065184,12.4
1787235740899,3080272,12.4
1787235740956,3097840,12.7
1787235741013,3114064,12.7
1787235741078,3062064,15.9
1787235741137,3063472,15.9
1787235741196,3062016,16.2
1787235741262,3064960,16.2
1787235741323,3089392,17.9
1787235741385,3108528,17.9
1787235741442,3154192,18.7
1787235741498,3182608,18.7
1787235741557,3227888,17.1
1787235741619,3325296,17.1
1787235741683,3353952,21.0
1787235741747,3382320,21.0
1787235741809,3395072,21.5
1787235741870,3423248,21.5
1787235741925,3437344,22.6
1787235741989,3428400,22.6
1787235742052,3409536,21.7
1787235742114,3371360,21.7
1787235742180,3351024,22.2
1787235742244,3321936,22.2
1787235742307,3343392,26.6
1787235742362,3352464,26.6
1787235742424,3378496,22.4
1787235742484,3399824,22.4
1787235742547,3389248,24.5
1787235742602,3385584,24.5
1787235742663,3352048,20.9
1787235742724,3338320,20.9
1787235742787,3366800,20.9
1787235742850,3369280,17.7
1787235742905,3393184,17.7
1787235742967,3469472,21.3
1787235743030,3427904,21.3
1787235743093,3415808,21.4
1787235743157,3395984,21.4
1787235743221,3401120,18.4
1787235743284,3446208,18.4
1787235743341,3441616,21.1
1787235743397,3442448,21.1
1787235743453,3435296,19.8
1787235743516,3399888,19.8
1787235743578,3429616,19.3
1787235743641,3435600,19.3
1787235743706,3480832,21.7
1787235743769,3513248,21.7
1787235743834,3541328,19.5
1787235743900,3562800,19.5
1787235743961,3613504,18.3
1787235744024,3642048,18.3
1787235744083,3655664,19.4
1787235744145,3641568,19.4
1787235744203,3625872,18.0
1787235744263,3648912,18.0
1787235744326,3660784,16.9
1787235744389,3688976,16.9
1787235744448,3720848,17.4
1787235744503,3758288,17.4
1787235744563,3772672,19.8
1787235744625,3749936,19.8
1787235744682,3740416,18.8
1787235744747,3736016,18.8
1787235744805,3736912,17.4
1787235744859,3774192,17.4
1787235744922,3808032,22.9
1787235744978,3772608,22.9
1787235745042,3770720,21.0
1787235745098,3763808,21.0
1787235745161,3765648,21.0
1787235745220,3815280,19.3
1787235745275,3865152,19.3
1787235745338,3904704,24.0
1787235745392,3882096,24.0
1787235745452,3875952,21.0
1787235745515,3878496,21.0
1787235745578,3893136,23.1
1787235745635,3888528,23.1
1787235745691,3826784,24.9
1787235745755,3817008,24.9
1787235745821,3825744,23.5
1787235745883,3852000,23.5
1787235745948,3810288,20.8
1787235746011,3734128,20.8
1787235746077,3700848,25.3
1787235746139,3683040,25.3
1787235746203,3652416,22.5
1787235746266,3647616,22.5
1787235746328,3647744,21.3
1787235746383,3625696,21.3
1787235746446,3612720,24.0
1787235746510,3599536,24.0
1787235746566,3592080,22.2
1787235746626,3442784,22.2
1787235746689,3361072,18.0
1787235746743,3375744,18.0
1787235746806,3384448,13.2
1787235746869,3396880,13.2
1787235746924,3415072,10.5
1787235746984,3433072,10.5
1787235747047,3477264,9.9
1787235747110,3494048,9.9
1787235747170,3466032,15.6
1787235747236,3457552,15.6
1787235747299,3440656,18.2
1787235747362,3436960,18.2
1787235747428,3418928,21.9
1787235747490,3414592,21.9
1787235747550,3418224,20.7
1787235747611,3435008,20.7
1787235747676,3450480,21.4
1787235747731,3529552,21.4
1787235747794,3575504,24.4
1787235747858,3610640,24.4
1787235747921,3715296,23.8
1787235747981,3861360,23.8
1787235748046,3944832,26.5
1787235748105,3962608,26.5
1787235748164,3956544,26.5
1787235748227,3942240,28.6
1787235748291,3951984,28.6
1787235748352,3956240,29.3
1787235748415,3963216,29.3
1787235748475,3926832,25.8
1787235748539,3919728,25.8
1787235748603,3904256,28.5
1787235748664,3873920,28.5
1787235748721,3853088,27.0
1787235748786,3863232,27.0
1787235748847,3863280,26.2
1787235748908,3873680,26.2
1787235748973,3798640,30.4
1787235749036,3774208,30.4
1787235749100,3757136,30.4
1787235749159,3746576,30.4
1787235749223,3837632,31.2
1787235749283,3825328,31.2
1787235749337,3813488,33.9
1787235749400,3816960,33.9
1787235749463,3800432,33.0
1787235749527,3782288,33.0
1787235749583,3872704,34.9
1787235749638,3881360,34.9
1787235749701,3887040,38.5
1787235749760,3997408,38.5
1787235749820,4047696,39.4
1787235749885,4045824,39.4
1787235749948,4014400,33.9
1787235750008,4086656,33.9
1787235750065,4090592,32.5
1787235750126,4089120,32.5
1787235750189,4113296,30.6
1787235750253,4147680,30.6
1787235750316,4168672,30.0
1787235750378,4186800,30.0
1787235750441,4201216,26.4
1787235750508,4166032,26.4
1787235750570,4139504,20.4
1787235750625,4156064,20.4
1787235750682,4094208,17.4
1787235750738,4047456,17.4
1787235750801,4069072,19.1
1787235750867,4051936,19.1
1787235750930,4048752,24.8
1787235750989,4030384,24.8
1787235751046,4050656,18.8
1787235751104,4040160,18.8
1787235751167,4034256,18.8
1787235751226,4047712,15.5
1787235751288,4070656,15.5
1787235751353,4067648,18.4
1787235751416,4056864,18.4
1787235751479,4043200,22.9
1787235751542,4031056,22.9
1787235751603,4014096,17.0
1787235751664,4014032,17.0
1787235751727,4020160,15.6
1787235751790,3980192,15.6
1787235751855,3963600,12.8
1787235751919,3954896,12.8
1787235751978,3934912,18.4
1787235752032,3943984,18.4
1787235752092,3931072,22.1
1787235752148,3942032,22.1
1787235752209,3962288,17.7
1787235752266,3932672,17.7
1787235752326,3893072,15.0
1787235752390,3868528,15.0
1787235752447,3875568,17.5
1787235752512,3854656,17.5
1787235752567,3866816,19.4
1787235752627,3859296,19.4
1787235752690,3858208,15.3
1787235752753,3834368,15.3
1787235752816,3821808,12.6
1787235752881,3857872,12.6
1787235752944,3844224,15.3
1787235753007,3848688,15.3
1787235753071,3842480,17.4
1787235753127,3840464,17.4
1787235753190,3824368,14.4
1787235753245,3821008,14.4
1787235753308,3812048,12.6
1787235753365,3821936,12.6
1787235753419,3807216,12.6
1787235753478,3831712,10.9
1787235753545,3778608,10.9
1787235753608,3807040,12.2
1787235753671,3844816,14.8
1787235753734,3865728,14.8
1787235753795,3853872,14.8
1787235753849,3863344,13.5
1787235753912,3813344,13.5
1787235753975,3800832,11.4
1787235754041,3796096,11.4
1787235754102,3802880,10.1
1787235754173,3791952,9.0
1787235754237,3762064,9.0
1787235754301,3748016,13.3
1787235754363,3772768,13.3
1787235754419,3779216,13.3
1787235754475,3786112,14.8
1787235754538,3774768,14.8
1787235754599,3763232,12.6
1787235754666,3763712,12.6
1787235754734,3750368,10.7
1787235754799,3707840,9.7
1787235754856,3720368,9.7
1787235754919,3717472,9.7
1787235754982,3708976,16.7
1787235755039,3681008,16.7
1787235755099,3663296,21.7
1787235755158,3676096,21.7
1787235755223,3682144,17.8
1787235755276,3659264,17.8
1787235755339,3645808,14.8
1787235755398,3646640,14.8
1787235755464,3641888,14.9
1787235755524,3653408,14.9
1787235755586,3650176,16.1
1787235755643,3647296,16.1
1787235755697,3641456,15.2
1787235755767,3607264,15.2
1787235755828,3569264,12.5
1787235755884,3501824,12.5
1787235755947,3377904,11.0
1787235756011,3360448,11.0
1787235756081,3283488,10.4
1787235756145,3284656,10.4
1787235756209,3280160,13.0
1787235756272,3281488,13.0
1787235756335,3296368,14.5
1787235756390,3284528,14.5
1787235756450,3268096,13.5
1787235756514,3284704,13.5
1787235756569,3276848,11.2
1787235756626,3287424,11.2
1787235756688,3283584,9.6
1787235756751,3314704,9.6
1787235756806,3384992,13.0
1787235756866,3416240,13.0
1787235756929,3449584,14.2
1787235756990,3437040,14.2
1787235757050,3425904,14.4
1787235757113,3436048,14.4
1787235757175,3452016,12.4
1787235757235,3395216,12.4
1787235757298,3400064,12.4
1787235757367,3390432,10.2
1787235757431,3412176,9.3
1787235757497,3398624,9.3
1787235757557,3409728,13.8
1787235757613,3422816,13.8
1787235757678,3411520,15.0
1787235757734,3421088,15.0
1787235757797,3403920,15.0
1787235757852,3395664,12.6
1787235757915,3409024,12.6
1787235757969,3420304,11.3
1787235758028,3413632,11.3
1787235758094,3409296,10.3
1787235758157,3421616,10.3
1787235758215,3434336,13.2
1787235758278,3438240,13.2
1787235758338,3482688,15.0
1787235758396,3492480,15.0
1787235758459,3480080,13.4
1787235758513,3448640,13.4
1787235758573,3466928,11.4
1787235758635,3456432,11.4
1787235758698,3441744,10.3
1787235758757,3452064,10.3
1787235758824,3475056,11.0
1787235758885,3509120,11.0
1787235758951,3503696,13.8
1787235759018,3509056,13.8
1787235759076,3522352,15.3
1787235759140,3525840,15.3
1787235759200,3538800,12.6
1787235759257,3510816,12.6
1787235759318,3495792,11.5
1787235759378,3482544,11.5
1787235759445,3542768,12.9
1787235759503,3532928,12.9
1787235759573,3527744,15.4
1787235759637,3547440,15.4
1787235759698,3540992,14.4
1787235759753,3530928,14.4
1787235759816,3545776,11.7
1787235759869,3536944,11.7
1787235759923,3508800,11.7
1787235759978,3517728,10.6
1787235760032,3507584,10.6
1787235760094,3521488,12.1
1787235760157,3505600,12.1
1787235760217,3512864,16.3
1787235760281,3539632,16.3
1787235760340,3522640,16.9
1787235760403,3539360,16.9
1787235760458,3536960,14.3
1787235760513,3510688,14.3
1787235760573,3513808,11.8
1787235760630,3528288,11.8
1787235760692,3554480,13.7
1787235760753,3559056,13.7
1787235760812,3546656,19.2
1787235760867,3555216,19.2
1787235760930,3569456,19.2
1787235760986,3555024,19.2
1787235761046,3570272,19.2
1787235761104,3582176,14.8
1787235761167,3595360,14.8
1787235761232,3589904,12.5
1787235761296,3609024,12.5
1787235761362,3642896,12.3
1787235761422,3649744,12.3
1787235761486,3680768,15.6
1787235761540,3656032,15.6
1787235761606,3658736,19.5
1787235761669,3669152,19.5
1787235761729,3649136,16.4
1787235761792,3661728,16.4
1787235761855,3675344,14.0
1787235761911,3651200,14.0
1787235761974,3682800,12.3
1787235762032,3698896,12.3
1787235762093,3710000,16.8
1787235762156,3758752,16.8
1787235762217,3791616,17.4
1787235762271,3817408,17.4
1787235762334,3799792,16.5
1787235762398,3782656,16.5
1787235762461,3777792,13.8
1787235762522,3771328,13.8
1787235762578,3744768,11.6
1787235762638,3716368,11.6
1787235762692,3721456,19.5
1787235762754,3728416,19.5
1787235762817,3722944,22.1
1787235762879,3744096,22.1
1787235762942,3721472,17.7
1787235762998,3694960,17.7
1787235763064,3679936,17.4
1787235763130,3781312,17.4
1787235763195,3849376,21.5
1787235763259,3861072,21.5
1787235763315,3875488,16.9
1787235763368,3878112,16.9
1787235763427,3890464,16.9
1787235763490,3889680,13.0
1787235763553,3905344,13.0
1787235763621,3944000,10.8
1787235763689,3948432,14.3
1787235763751,3974368,14.3
1787235763814,3958720,15.6
1787235763872,3971056,15.6
1787235763930,3938992,12.3
1787235763988,3955104,12.3
1787235764051,3947232,12.3
1787235764113,3953888,11.1
1787235764176,3944048,11.1
1787235764236,3957328,9.5
1787235764299,3946144,9.5
1787235764362,3947152,12.7
1787235764420,3952944,12.7
1787235764483,3919312,15.5
1787235764539,3890400,15.5
1787235764603,3888688,13.1
1787235764665,3877952,13.1
1787235764729,3832368,11.9
1787235764797,3821184,11.9
1787235764860,3834752,10.2
1787235764924,3841440,10.2
1787235764994,3842352,12.2
1787235765059,3882816,15.6
1787235765117,3899072,15.6
1787235765180,3889264,14.9
1787235765246,3859872,14.9
1787235765309,3874768,12.9
1787235765365,3857856,12.9
1787235765428,3874496,12.9
1787235765488,3873616,11.0
1787235765544,3826416,11.0
1787235765607,3814624,13.3
1787235765671,3842928,13.3
1787235765734,3858320,16.5
1787235765800,3741216,16.5
1787235765857,3729056,13.8
1787235765911,3717120,13.8
1787235765971,3698432,12.0
1787235766034,3683904,12.0
1787235766091,3704528,10.2
1787235766150,3711568,10.2
1787235766207,3743296,13.4
1787235766270,3785616,13.4
1787235766332,3734912,16.0
1787235766387,3725696,16.0
1787235766450,3723280,14.3
1787235766513,3689664,14.3
1787235766573,3676544,12.9
1787235766634,3648336,12.9
1787235766689,3665328,11.7
1787235766757,3684864,11.7
1787235766820,3725328,13.9
1787235766884,3718448,13.9
1787235766947,3717984,16.2
1787235767006,3695984,16.2
1787235767075,3681584,12.8
1787235767131,3694768,12.8
1787235767194,3677552,10.9
1787235767257,3685040,10.9
1787235767320,3671056,9.9
1787235767383,3708528,9.9
1787235767446,3693776,12.3
1787235767510,3702688,12.3
1787235767568,3695744,15.4
1787235767630,3679888,15.4
1787235767688,3691280,13.0
1787235767751,3691200,13.0
1787235767813,3689936,11.4
1787235767876,3668896,11.4
1787235767940,3647472,9.5
1787235768002,3636032,9.5
1787235768066,3661104,11.1
1787235768128,3654272,11.1
1787235768191,3604288,15.1
1787235768249,3583712,15.1
1787235768306,3526960,18.0
1787235768375,3465232,18.0
1787235768439,3488816,17.4
1787235768497,3473488,17.4
1787235768557,3485664,15.4
1787235768618,3514464,15.4
1787235768681,3578480,18.9
1787235768745,3582400,18.9
1787235768803,3563888,18.9
1787235768866,3568672,16.8
1787235768923,3580208,16.8
1787235768985,3565456,15.1
1787235769048,3567968,15.1
1787235769104,3510048,13.1
1787235769161,3531408,13.1
1787235769224,3565472,15.3
1787235769282,3594832,15.3
1787235769340,3601104,21.4
1787235769397,3594080,21.4
1787235769460,3596528,18.9
1787235769523,3573360,18.9
1787235769581,3567280,16.2
1787235769636,3615536,16.2
1787235769701,3610784,19.3
1787235769758,3633760,19.3
1787235769827,3557360,17.5
1787235769886,3535344,17.5
1787235769943,3529200,15.7
1787235770009,3502656,15.7
1787235770069,3457408,13.6
1787235770133,3441040,13.6
1787235770195,3463920,11.9
1787235770265,3485904,11.9
1787235770326,3485424,16.5
1787235770389,3504912,16.5
1787235770452,3536976,14.8
1787235770515,3565088,14.8
1787235770579,3554544,13.3
1787235770641,3552112,13.3
1787235770704,3566976,11.9
1787235770758,3556176,11.9
1787235770819,3549856,11.6
1787235770882,3550656,11.6
1787235770946,3567984,15.3
1787235771003,3556080,15.3
1787235771065,3559584,15.6
1787235771123,3547216,15.6
1787235771177,3562096,15.6
1787235771234,3586320,13.8
1787235771297,3600784,13.8
1787235771360,3598864,12.6
1787235771415,3600512,12.6
1787235771477,3641072,15.8
1787235771540,3623072,15.8
1787235771594,3637968,20.4
1787235771655,3675776,20.4
1787235771718,3685360,18.4
1787235771781,3689696,18.4
1787235771835,3673680,15.9
1787235771901,3677088,15.9
1787235771955,3684736,14.2
1787235772014,3700832,14.2
1787235772073,3695648,19.7
1787235772136,3685120,19.7
1787235772199,3692528,18.3
1787235772259,3711952,18.3
1787235772319,3708320,15.9
1787235772382,3722512,15.9
1787235772437,3719952,14.5
1787235772491,3723168,14.5
1787235772550,3730992,14.5
1787235772604,3735040,13.9
1787235772660,3734384,13.9
1787235772723,3733632,17.2
1787235772779,3733488,17.2
1787235772842,3740384,20.8
1787235772905,3749552,20.8
1787235772969,3750720,20.2
1787235773031,3729760,20.2
1787235773087,3724272,17.1
1787235773150,3737632,17.1
1787235773210,3702576,15.6
1787235773265,3670128,15.6
1787235773328,3735568,21.8
1787235773390,3719840,21.8
1787235773450,3761520,21.7
1787235773507,3771392,21.7
1787235773566,3765072,18.9
1787235773631,3728288,18.9
1787235773692,3740784,16.3
1787235773760,3761632,16.3
1787235773828,3785200,19.9
1787235773891,3808096,19.9
1787235773951,3824512,16.6
1787235774018,3829056,16.6
1787235774081,3834464,14.7
1787235774143,3800880,14.7
1787235774207,3792784,12.9
1787235774270,3791296,12.9
1787235774330,3770400,11.4
1787235774385,3804880,11.4
1787235774443,3780496,15.4
1787235774502,3791472,15.4
1787235774557,3797344,15.4
1787235774620,3790512,14.8
1787235774678,3796672,14.8
1787235774741,3773456,13.5
1787235774801,3773344,13.5
1787235774864,3753904,11.6
1787235774928,3713712,11.6
1787235774987,3726352,10.2
1787235775042,3765792,10.2
1787235775107,3768240,10.3
1787235775175,3770640,10.3
1787235775238,3786512,15.3
1787235775301,3770592,15.3
1787235775359,3759616,14.0
1787235775430,3754688,14.0
1787235775496,3759504,12.5
1787235775556,3775456,12.5
1787235775609,3780128,11.5
1787235775669,3817136,11.5
1787235775732,3811200,14.1
1787235775795,3818976,14.1
1787235775858,3819936,15.2
1787235775919,3769232,15.2
1787235775972,3783616,13.5
1787235776035,3796736,13.5
1787235776098,3796832,11.8
1787235776161,3781456,11.8
1787235776225,3788160,10.8
1787235776286,3846432,10.8
1787235776343,3916704,14.7
1787235776406,3930608,14.7
1787235776464,3882736,16.2
1787235776531,3861792,16.2
1787235776596,3850400,14.9
1787235776659,3840784,14.9
1787235776724,3846784,12.9
1787235776788,3820336,12.9
1787235776844,3808192,17.8
1787235776899,3784816,17.8
1787235776963,3805376,17.1
1787235777031,3756304,17.1
1787235777094,3720240,15.1
1787235777154,3719696,15.1
1787235777210,3708896,13.3
1787235777273,3696592,13.3
1787235777330,3694608,15.0
1787235777398,3684048,15.0
1787235777459,3686368,16.4
1787235777515,3715328,16.4
1787235777573,3696576,14.4
1787235777640,3700928,14.4
1787235777700,3721776,12.5
1787235777765,3713216,12.5
1787235777821,3733664,11.6
1787235777880,3733920,11.6
1787235777937,3730512,11.6
1787235777993,3733728,16.0
1787235778054,3731200,16.0
1787235778114,3757952,15.4
1787235778174,3771968,15.4
1787235778241,3748128,13.8
1787235778310,3750016,13.8
1787235778373,3768832,12.2
1787235778434,3771408,12.2
1787235778499,3787680,12.0
1787235778555,3744784,12.0
1787235778619,3738944,20.5
1787235778678,3767328,20.5
1787235778744,3741952,19.5
1787235778809,3735712,19.5
1787235778872,3718576,16.6
1787235778936,3704448,16.6
1787235779002,3692944,16.0
1787235779055,3713072,16.0
1787235779112,3731520,18.6
1787235779176,3693488,18.6
1787235779239,3711872,15.9
1787235779303,3696480,15.9
1787235779359,3680032,14.1
1787235779419,3651472,14.1
1787235779481,3602176,11.4
1787235779546,3568048,11.4
1787235779612,3552688,9.3
1787235779675,3524576,9.3
1787235779739,3541424,13.5
1787235779798,3510352,13.5
1787235779861,3495376,14.4
1787235779926,3490576,14.4
1787235779985,3476688,13.8
1787235780046,3372096,13.8
1787235780108,3359968,11.9
1787235780167,3364864,11.9
1787235780219,3367648,8.8
1787235780274,3371888,8.8
1787235780334,3389280,7.5
1787235780394,3382464,7.5
1787235780459,3428144,8.6
1787235780524,3466976,8.6
1787235780578,3486896,15.4
1787235780640,3526912,15.4
1787235780703,3499184,15.6
1787235780763,3507712,15.6
1787235780830,3476640,13.7
1787235780893,3467952,13.7
1787235780955,3480448,12.2
1787235781015,3481088,12.2
1787235781081,3513760,15.9
1787235781141,3505136,15.9
1787235781200,3504896,16.5
1787235781270,3435120,16.5
1787235781338,3447040,14.6
1787235781401,3435792,14.6
1787235781458,3455872,12.7
1787235781517,3519584,12.7
1787235781573,3526832,15.5
1787235781645,3521200,15.5
1787235781699,3396288,15.1
1787235781760,3392480,15.1
1787235781823,3376976,15.1
1787235781887,3378832,15.1
1787235781949,3374064,12.9
1787235782006,3360400,12.9
1787235782068,3375936,12.7
1787235782130,3437440,12.7
1787235782190,3460704,12.7
1787235782254,3463376,15.8
1787235782317,3452816,15.8
1787235782380,3455136,15.3
1787235782441,3442672,15.3
1787235782509,3423216,13.4
1787235782572,3436384,12.0
1787235782631,3425072,12.0
1787235782696,3449808,14.5
1787235782758,3491344,14.5
1787235782819,3460528,15.3
1787235782879,3495872,15.3
1787235782941,3473392,15.3
1787235783004,3465184,14.4
1787235783066,3474832,14.4
1787235783129,3497984,12.9
1787235783193,3563152,12.9
1787235783255,3563872,15.4
1787235783318,3547728,15.4
1787235783386,3533248,17.2
1787235783449,3521744,15.9
1787235783512,3483440,15.9
1787235783575,3433232,14.3
1787235783633,3437152,14.3
1787235783687,3463184,14.3
1787235783750,3500512,15.7
1787235783807,3507104,15.7
1787235783869,3514352,16.9
1787235783932,3524704,16.9
1787235784001,3518928,15.4
1787235784054,3521536,15.4
1787235784115,3529088,13.5
1787235784178,3525344,13.5
1787235784237,3534368,11.5
1787235784296,3542832,11.5
1787235784359,3541968,18.1
1787235784423,3567056,18.1
1787235784486,3598928,16.9
1787235784550,3615456,16.9
1787235784608,3610608,14.4
1787235784664,3626592,14.4
1787235784723,3617680,12.9
1787235784785,3623088,12.9
1787235784851,3594800,17.2
1787235784908,3612512,17.2
1787235784972,3628848,21.4
1787235785036,3627456,21.4
1787235785099,3639376,17.6
1787235785161,3642880,17.6
1787235785215,3653056,16.6
1787235785273,3660528,16.6
1787235785337,3667024,14.9
1787235785392,3691392,14.9
1787235785455,3722256,17.3
1787235785512,3722688,17.3
1787235785576,3764144,20.5
1787235785630,3760864,20.5
1787235785684,3757184,20.5
1787235785741,3773648,18.6
1787235785802,3844640,18.6
1787235785867,3879056,25.2
1787235785923,3882000,25.2
1787235785982,3874656,27.0
1787235786037,3840608,27.0
1787235786101,3797456,26.4
1787235786160,3780656,26.4
1787235786226,3780176,20.1
1787235786289,3788080,20.1
1787235786352,3779200,16.6
1787235786407,3798864,16.6
1787235786463,3792368,18.8
1787235786527,3806432,18.8
1787235786590,3821760,18.7
1787235786654,3807216,18.7
1787235786715,3794240,15.1
1787235786778,3799376,15.1
1787235786841,3799376,12.8
1787235786904,3783232,12.8
1787235786972,3790768,12.5
1787235787032,3875792,12.5
1787235787087,3929328,20.7
1787235787151,3898336,20.7
1787235787217,3888112,18.1
1787235787274,3850848,18.1
1787235787337,3855680,15.2
1787235787403,3828704,15.2
1787235787461,3825136,13.2
1787235787521,3897408,13.2
1787235787585,3855216,19.8
1787235787642,3868720,19.8
1787235787701,3846608,18.9
1787235787764,3836016,18.9
1787235787827,3842832,15.6
1787235787886,3824832,15.6
1787235787949,3838480,12.6
1787235788012,3833328,12.6
1787235788075,3852368,16.0
1787235788138,3855040,16.0
1787235788204,3872800,17.9
1787235788267,3849216,17.9
1787235788320,3875616,17.9
1787235788383,3866864,14.7
1787235788446,3854112,12.4
1787235788509,3843904,12.4
1787235788574,3883152,15.0
1787235788634,3873728,15.0
1787235788698,3886592,20.1
1787235788761,3878912,20.1
1787235788824,3860704,15.3
1787235788887,3861504,15.3
1787235788951,3852720,13.3
1787235789014,3837680,13.3
1787235789072,3873632,12.4
1787235789135,3909440,12.4
1787235789197,3849568,22.8
1787235789259,3842768,22.8
1787235789322,3815664,19.0
1787235789379,3816096,19.0
1787235789442,3840576,19.0
1787235789505,3809712,16.6
1787235789561,3835904,16.6
1787235789620,3846080,17.1
1787235789679,3866192,17.1
1787235789741,3854352,26.3
1787235789801,3850944,26.3
1787235789864,3838832,20.6
1787235789927,3860784,20.6
1787235789992,3810448,18.1
1787235790051,3817568,18.1
1787235790111,3870736,19.4
1787235790174,3887632,19.4
1787235790242,3857504,27.9
1787235790306,3689248,27.9
1787235790369,3691648,21.6
1787235790431,3695568,21.6
1787235790494,3700192,14.7
1787235790550,3701872,14.7
1787235790609,3711664,10.4
1787235790669,3737680,10.4
1787235790731,3763680,10.6
1787235790794,3795728,10.6
1787235790858,3965840,13.9
1787235790924,4047296,13.9
1787235790985,4069232,19.7
1787235791048,4058400,19.7
1787235791111,4082576,17.2
1787235791174,4104016,17.2
1787235791232,4093968,14.9
1787235791293,4088368,14.9
1787235791355,4026016,21.5
1787235791418,4001984,21.5
1787235791474,4020848,20.2
1787235791535,4053584,20.2
1787235791598,4075808,17.1
1787235791661,4171536,17.1
1787235791730,4227488,20.6
1787235791797,4197088,20.6
1787235791860,4184576,20.6
1787235791923,4175440,20.6
1787235791986,4176240,17.1
1787235792047,4159712,17.1
1787235792104,4157072,16.8
1787235792159,4195872,16.8
1787235792229,4149216,22.5
1787235792289,4144384,22.5
1787235792350,4140192,18.4
1787235792413,4141328,18.4
1787235792476,4121360,15.6
1787235792534,4131280,15.6
1787235792595,4234480,22.5
1787235792651,4230672,22.5
1787235792715,4213584,22.9
1787235792778,4249728,22.9
1787235792841,4229968,19.2
1787235792904,4230768,19.2
1787235792967,4237024,21.0
1787235793030,4291680,21.0
1787235793097,4212544,22.3
1787235793158,4199872,22.3
1787235793215,4178240,18.3
1787235793270,4139248,18.3
1787235793325,4095712,18.3
1787235793380,4089520,15.4
1787235793434,4108160,15.4
1787235793490,4063856,20.8
1787235793553,4064720,20.8
1787235793614,4062400,18.6
1787235793677,4062512,18.6
1787235793739,4064272,15.1
1787235793802,4020576,15.1
1787235793863,4033360,12.1
1787235793920,4031904,12.1
1787235793981,4061520,16.0
1787235794042,4047952,16.0
1787235794098,4034816,18.4
1787235794153,4051632,18.4
1787235794216,4056608,15.0
1787235794284,4070352,15.0
1787235794340,4046464,12.7
1787235794399,4024064,12.7
1787235794462,4043840,17.2
1787235794518,4035600,17.2
1787235794580,4044256,18.4
1787235794643,4006672,18.4
1787235794709,3983520,15.2
1787235794772,3978448,15.2
1787235794831,3996352,12.6
1787235794895,3999456,12.6
1787235794960,4056144,15.0
1787235795024,4079280,15.0
1787235795084,4138192,19.9
1787235795150,4023312,19.9
1787235795214,4018768,16.1
1787235795276,4018688,16.1
1787235795331,4036368,15.0
1787235795391,4018768,15.0
1787235795446,4034432,15.0
1787235795505,4098832,12.3
1787235795564,4116512,12.3
1787235795620,4125744,21.7
1787235795674,4146400,21.7
1787235795732,4114064,21.0
1787235795793,4104480,21.0
1787235795856,4124576,17.1
1787235795920,4127216,17.1
1787235795979,4044768,16.2
1787235796041,4049072,16.2
1787235796097,4047184,27.7
1787235796160,4007568,27.7
1787235796215,4019536,22.3
1787235796276,4032128,22.3
1787235796339,4043616,18.7
1787235796393,4050368,18.7
1787235796456,4062608,15.7
1787235796515,4129808,15.7
1787235796578,4136064,23.8
1787235796636,4127744,23.8
1787235796698,4091520,23.8
1787235796760,4115264,22.7
1787235796820,4112272,22.7
1787235796880,4128032,18.4
1787235796935,4096944,18.4
1787235797000,4126864,24.0
1787235797056,4114848,24.0
1787235797119,4123344,26.8
1787235797182,4116128,26.8
1787235797236,4134160,21.3
1787235797302,4150048,21.3
1787235797367,4169376,22.1
1787235797430,4178384,22.1
1787235797493,4210816,27.1
1787235797547,4228624,27.1
1787235797610,4232144,21.4
1787235797665,4226208,21.4
1787235797730,4209184,17.9
1787235797790,4199504,17.9
1787235797850,4206224,22.6
1787235797916,4193280,22.6
1787235797980,4178528,20.1
1787235798043,4147488,20.1
1787235798099,4155920,16.8
1787235798157,4136768,16.8
1787235798221,4140880,15.4
1787235798282,4202384,15.4
1787235798339,4251872,21.9
1787235798397,4257824,21.9
1787235798461,4274000,17.2
1787235798516,4291168,17.2
1787235798578,4268464,17.2
1787235798633,4285648,14.3
1787235798696,4275440,14.3
1787235798754,4285744,12.6
1787235798815,4286944,12.6
1787235798881,4302656,18.3
1787235798944,4290832,18.3
1787235799001,4280752,17.7
1787235799057,4298064,17.7
1787235799112,4300624,14.4
1787235799171,4295744,14.4
1787235799230,4277264,12.8
1787235799293,4306464,12.8
1787235799359,4256704,16.6
1787235799418,4271728,16.6
1787235799481,4263936,18.0
1787235799535,4268512,18.0
1787235799598,4293936,14.2
1787235799657,4306784,14.2
1787235799716,4305088,12.5
1787235799775,4308288,12.5
1787235799832,4274912,14.1
1787235799891,4267392,14.1
1787235799950,4260704,14.1
1787235800012,4177184,18.9
1787235800075,4168160,18.9
1787235800136,4139088,16.6
1787235800194,4162528,16.6
1787235800249,4147728,14.2
1787235800309,4128912,14.2
1787235800366,4201776,16.3
1787235800424,4233616,16.3
1787235800487,4227744,23.2
1787235800545,4202784,23.2
1787235800609,4223280,21.8
1787235800665,4176688,21.8
1787235800723,4190752,22.9
1787235800781,4240464,22.9
1787235800844,4272672,23.7
1787235800900,4273808,23.7
1787235800955,4272576,23.7
1787235801018,4262480,21.5
1787235801073,4258032,21.5
1787235801130,4250992,17.1
1787235801188,4251728,17.1
1787235801247,4282112,17.6
1787235801302,4262384,17.6
1787235801367,4259600,24.4
1787235801424,4239920,24.4
1787235801482,4179472,23.8
1787235801548,4161952,23.8
1787235801611,4103520,19.0
1787235801669,4110672,19.0
1787235801732,4135840,13.6
1787235801795,4122384,13.6
1787235801858,4068816,13.6
1787235801921,4031728,13.6
1787235801982,4092720,10.0
1787235802041,4226704,10.0
1787235802099,4309104,18.2
1787235802162,4320240,18.2
1787235802220,4310896,17.8
1787235802282,4280912,17.8
1787235802345,4322464,18.0
1787235802406,4343104,18.0
1787235802465,4318768,22.5
1787235802531,4281680,22.5
1787235802591,4286576,20.7
1787235802650,4253664,20.7
1787235802717,4114304,18.1
1787235802776,4089776,18.1
1787235802834,4077248,18.1
1787235802897,4073520,20.5
1787235802955,4081408,20.5
1787235803015,4066000,23.2
1787235803078,4041712,23.2
1787235803134,4016480,19.6
1787235803197,4023760,19.6
1787235803258,4013632,17.4
1787235803315,4021296,17.4
1787235803378,4014960,20.2
1787235803442,4020912,20.2
1787235803504,4011120,19.1
1787235803565,3999504,19.1
1787235803623,3999616,15.9
1787235803677,4027648,15.9
1787235803740,3994992,16.3
1787235803794,4007280,16.3
1787235803860,4041808,18.9
1787235803915,4089696,18.9
1787235803970,4103936,24.3
1787235804030,4118496,24.3
1787235804093,4115632,20.6
1787235804154,4098384,20.6
1787235804215,4109920,18.1
1787235804272,4062576,18.1
1787235804332,4071584,18.1
1787235804397,4053648,22.8
1787235804460,4053280,21.2
1787235804528,4013296,21.2
1787235804592,4003408,16.8
1787235804654,4027168,16.8
1787235804720,4040384,16.0
1787235804773,4095888,16.0
1787235804836,4166272,18.6
1787235804902,4128096,18.6
1787235804966,4156832,17.3
1787235805031,4153120,17.3
1787235805091,4151952,16.0
1787235805148,4137648,16.0
1787235805212,4148080,14.0
1787235805280,4152992,14.0
1787235805343,4161616,15.0
1787235805403,4197856,15.0
1787235805464,3906576,20.8
1787235805526,3919360,20.8
1787235805582,3930864,20.8
1787235805639,3938272,14.9
1787235805700,3949040,14.9
1787235805763,3958288,11.1
1787235805824,3968896,11.1
1787235805883,3980112,8.9
1787235805946,3961280,8.9
1787235806008,3953008,11.0
1787235806066,3949440,11.0
1787235806126,3889104,12.7
1787235806187,3848624,12.7
1787235806252,3803264,14.3
1787235806316,3719408,14.3
1787235806378,3741136,21.1
1787235806445,3654048,21.1
1787235806514,3529648,21.5
1787235806573,3480352,21.5
1787235806632,3455216,18.3
1787235806693,3451680,18.3
1787235806750,3461728,16.4
1787235806807,3458960,16.4
1787235806870,3484672,20.9
1787235806934,3472272,20.9
1787235806987,3465264,20.7
1787235807041,3448272,20.7
1787235807107,3467392,18.0
1787235807171,3515776,18.0
1787235807237,3535408,21.4
1787235807300,3497872,21.4
1787235807360,3462784,20.8
1787235807425,3458320,20.8
1787235807490,3463216,22.1
1787235807550,3439744,22.1
1787235807606,3466496,23.5
1787235807674,3389392,23.5
1787235807733,3407456,23.1
1787235807794,3379008,23.1
1787235807849,3406464,21.3
1787235807906,3381088,21.3
1787235807965,3421360,21.4
1787235808027,3396640,21.4
1787235808084,3416624,21.4
1787235808146,3396752,22.7
1787235808206,3378224,22.7
1787235808265,3373616,19.2
1787235808331,3359264,19.2
1787235808394,3363104,15.7
1787235808453,3352784,15.7
1787235808507,3421600,15.5
1787235808575,3484976,15.5
1787235808636,3501808,19.2
1787235808695,3498720,19.2
1787235808755,3500912,18.9
1787235808819,3482720,18.9
1787235808883,3497360,16.4
1787235808946,3472208,16.4
1787235809003,3493776,16.8
1787235809063,3484928,16.8
1787235809120,3480864,20.8
1787235809183,3465040,20.8
1787235809245,3459600,20.7
1787235809303,3475984,20.7
1787235809357,3447792,19.9
1787235809419,3474576,19.9
1787235809482,3437056,23.5
1787235809540,3458176,23.5
1787235809606,3474048,24.6
1787235809669,3476928,24.6
1787235809734,3491136,20.9
1787235809803,3530848,20.9
1787235809868,3595696,21.6
1787235809930,3622512,21.6
1787235809995,3639088,24.1
1787235810058,3658480,24.1
1787235810119,3647024,20.7
1787235810174,3645584,20.7
1787235810234,3664672,17.4
1787235810297,3683488,17.4
1787235810351,3714976,21.7
1787235810412,3741904,21.7
1787235810473,3785536,19.6
1787235810529,3799232,19.6
1787235810592,3819936,16.5
1787235810655,3835680,16.5
1787235810718,3857248,13.9
1787235810782,3911104,13.9
1787235810843,4006176,18.7
1787235810902,4021776,18.7
1787235810966,4038464,20.8
1787235811025,4029984,20.8
1787235811092,4022128,17.8
1787235811157,4004416,17.8
1787235811220,3993104,17.5
1787235811278,4005904,17.5
1787235811336,3993072,17.5
1787235811401,3960768,23.6
1787235811465,3957968,20.3
1787235811520,3956416,20.3
1787235811584,3958992,20.3
1787235811642,3941232,16.9
1787235811696,3886288,16.9
1787235811760,3874320,15.6
1787235811817,3913712,15.6
1787235811881,3911200,20.9
1787235811944,3900832,20.9
1787235812007,3904160,19.5
1787235812062,3899152,19.5
1787235812120,3885424,16.4
1787235812183,3888864,16.4
1787235812243,3891424,14.7
1787235812305,3884432,14.7
1787235812361,3857072,21.2
1787235812425,3813472,21.2
1787235812488,3818016,24.9
1787235812552,3825168,24.9
1787235812615,3848384,22.6
1787235812675,3870480,22.6
1787235812738,3864880,23.2
1787235812808,3842288,23.2
1787235812871,3874288,23.7
1787235812933,3860112,23.7
1787235812996,3866608,19.2
1787235813056,3860208,19.2
1787235813121,3861952,16.9
1787235813185,3891568,16.9
1787235813248,3946736,17.8
1787235813312,3983504,17.8
1787235813367,3979120,19.6
1787235813431,3975952,19.6
1787235813494,3976816,18.0
1787235813552,3964448,18.0
1787235813617,3977744,15.3
1787235813683,3981680,15.3
1787235813742,4009360,14.3
1787235813805,4040016,14.3
1787235813868,4079664,18.7
1787235813937,4118208,18.7
1787235813993,4158576,16.5
1787235814052,4173792,16.5
1787235814114,4166256,14.7
1787235814177,4175104,14.7
1787235814240,4174544,14.0
1787235814307,4171232,14.0
1787235814371,4206992,15.7
1787235814426,4215216,15.7
1787235814488,4214000,22.8
1787235814544,4211920,22.8
1787235814600,4210304,19.4
1787235814663,4214112,19.4
1787235814725,4174400,18.3
1787235814787,4146128,18.3
1787235814849,4184896,19.8
1787235814909,4177488,19.8
1787235814965,4176640,19.8
1787235815020,4174032,24.2
1787235815085,4144304,24.2
1787235815147,4124256,20.4
1787235815205,4123808,20.4
1787235815269,4110976,17.0
1787235815330,4143696,17.0
1787235815387,4084128,20.2
1787235815451,4061136,20.2
1787235815515,4065008,21.3
1787235815578,4060640,21.3
1787235815641,4018832,21.2
1787235815705,4013120,21.2
1787235815763,4012640,20.5
1787235815824,4016112,20.5
1787235815883,4000672,26.4
1787235815946,3994176,26.4
1787235816001,3994624,22.6
1787235816066,3988720,22.6
1787235816129,4044560,22.5
1787235816192,4056064,22.5
1787235816257,4034144,25.7
1787235816314,4037248,25.7
1787235816377,4028592,21.6
1787235816440,4024688,21.6
1787235816503,4003232,18.8
1787235816562,4013232,18.8
1787235816626,4011536,25.4
1787235816682,4037472,25.4
1787235816745,4053488,21.9
1787235816807,4053632,21.9
1787235816869,4059360,17.7
1787235816937,4065680,17.7
1787235816996,4116944,19.6
1787235817057,4104400,19.6
1787235817119,4089520,21.8
1787235817179,4089328,21.8
1787235817233,4075024,18.8
1787235817297,4069488,18.8
1787235817355,4073264,16.6
1787235817415,4095664,16.6
1787235817478,4087280,22.3
1787235817541,4105776,22.3
1787235817604,4087088,21.0
1787235817660,4077984,21.0
1787235817723,4075280,17.1
1787235817786,4090256,17.1
1787235817851,4078192,16.1
1787235817911,4061472,16.1
1787235817972,4056928,21.7
1787235818033,4042304,21.7
1787235818096,4052704,19.0
1787235818156,4019856,19.0
1787235818215,4027424,19.0
1787235818270,3984192,16.6
1787235818329,4004272,16.6
1787235818392,3995424,18.8
1787235818448,3980496,18.8
1787235818511,4000256,22.4
1787235818568,3987120,22.4
1787235818627,3983584,18.8
1787235818683,3984544,18.8
1787235818747,3996768,19.6
1787235818804,4061264,19.6
1787235818869,4050640,26.6
1787235818932,4025168,26.6
1787235819001,3992912,23.5
1787235819057,3967312,23.5
1787235819113,3988784,19.9
1787235819175,4006784,19.9
1787235819239,4041040,22.8
1787235819302,4042080,22.8
1787235819364,4007184,22.5
1787235819427,3981840,22.5
1787235819494,3956432,19.3
1787235819557,3991328,19.3
1787235819622,3997472,21.0
1787235819685,4040288,21.0
1787235819753,4041120,22.9
1787235819816,4054320,22.9
1787235819882,4057328,18.6
1787235819947,4044272,18.6
1787235820006,4051472,16.5
1787235820065,4093952,16.5
1787235820128,4114032,21.9
1787235820188,4118336,21.9
1787235820255,4123776,21.7
1787235820321,4089680,21.7
1787235820393,4111808,18.4
1787235820456,4170304,18.4
1787235820520,4164912,19.2
1787235820578,4176720,19.2
1787235820641,4191024,22.0
1787235820704,4182896,22.0
1787235820767,4201632,17.7
1787235820835,4191776,17.7
1787235820899,4203104,16.3
1787235820963,4192144,16.3
1787235821024,4168816,18.9
1787235821082,4129424,18.9
1787235821140,4087024,20.7
1787235821196,4043584,20.7
1787235821260,4060656,19.5
1787235821323,4060176,19.5
1787235821381,4093456,18.0
1787235821450,4065280,18.0
1787235821513,4074624,24.0
1787235821568,4045376,24.0
1787235821630,4025584,20.6
1787235821688,4032080,20.6
1787235821748,4055152,17.1
1787235821810,4066880,17.1
1787235821870,4099520,22.8
1787235821929,4106576,22.8
1787235821994,4067440,24.7
1787235822058,4087088,24.7
1787235822113,4087440,21.9
1787235822176,4118896,21.9
1787235822242,4110592,29.0
1787235822306,4107248,29.0
1787235822369,4131728,28.9
1787235822428,4139632,28.9
1787235822491,4148336,24.5
1787235822555,4159408,24.5
1787235822614,4167904,27.9
1787235822678,4164384,27.9
1787235822741,4189056,30.6
1787235822802,4192464,30.6
1787235822857,4189968,25.2
1787235822913,4176496,25.2
1787235822976,4191408,28.8
1787235823038,4236240,28.8
1787235823097,4217872,28.8
1787235823160,4217552,25.2
1787235823229,4157616,20.9
1787235823288,4203744,20.9
1787235823345,4246560,20.9
1787235823402,4231392,26.2
1787235823457,4212720,26.2
1787235823518,4203152,23.8
1787235823578,4201168,23.8
1787235823639,4201344,19.5
1787235823697,4202544,19.5
1787235823758,4113120,21.5
1787235823811,4085200,21.5
1787235823878,4091728,25.4
1787235823940,4062432,25.4
1787235824003,4066160,21.4
1787235824062,4064208,21.4
1787235824121,4079600,18.7
1787235824175,4076096,18.7
1787235824236,4059952,23.6
1787235824299,4061264,23.6
1787235824363,4041728,20.3
1787235824425,4050736,20.3
1787235824488,4055136,17.8
1787235824542,4086656,17.8
1787235824599,4094992,17.8
1787235824653,4132176,26.1
1787235824719,4139888,26.1
1787235824784,4153936,23.1
1787235824841,4180480,23.1
1787235824907,4175344,18.7
1787235824963,4196736,18.7
1787235825026,4207632,20.4
1787235825084,4191616,20.4
1787235825148,4188416,24.8
1787235825213,4204688,24.8
1787235825270,4206608,20.3
1787235825325,4234800,20.3
1787235825390,4221536,23.7
1787235825453,4178128,23.7
1787235825517,4146608,22.8
1787235825580,4156080,22.8
1787235825643,4154768,19.0
1787235825706,4160512,19.0
1787235825769,4209440,20.2
1787235825828,4193936,20.2
1787235825890,4206208,24.6
1787235825947,4195504,24.6
1787235826009,4196256,21.1
1787235826073,4186944,21.1
1787235826133,4191728,22.5
1787235826199,4193088,22.5
1787235826267,4164432,23.2
1787235826328,4158368,23.2
1787235826391,4117520,19.2
1787235826451,4109952,19.2
1787235826509,4138640,16.2
1787235826571,4111344,16.2
1787235826636,4108944,24.0
1787235826705,4058304,24.0
1787235826761,4056112,22.0
1787235826821,4059488,22.0
1787235826884,4065024,18.3
1787235826947,4094624,18.3
1787235827003,4141296,16.2
1787235827058,4187824,16.2
1787235827121,4163344,22.4
1787235827180,4143168,22.4
1787235827243,4138672,18.8
1787235827306,4128128,18.8
1787235827369,4136736,17.5
1787235827428,4195184,17.5
1787235827485,4208256,24.4
1787235827542,4248496,24.4
1787235827604,4247840,24.4
1787235827667,4278240,22.0
1787235827728,4273936,22.0
1787235827790,4267872,19.7
1787235827853,4263872,19.7
1787235827917,4262448,24.8
1787235827980,4253712,24.4
1787235828042,4237664,24.4
1787235828105,4222304,28.3
1787235828161,4229872,28.3
1787235828224,4209536,28.3
1787235828288,4212640,34.8
1787235828351,4161536,34.8
1787235828416,4056704,28.2
1787235828479,4058368,28.2
1787235828542,4058656,28.9
1787235828605,4050144,27.9
1787235828665,4028256,27.9
1787235828729,3991744,27.9
1787235828792,3966384,22.5
1787235828858,3967712,19.7
1787235828919,4037584,19.7
1787235828976,4059360,19.7
1787235829040,4051168,26.4
1787235829098,4054336,26.4
1787235829159,4041232,22.5
1787235829224,4049200,22.5
1787235829284,4063728,19.6
1787235829344,4021680,19.6
1787235829408,4025840,25.0
1787235829471,4036496,25.0
1787235829525,4006640,22.1
1787235829583,3999008,22.1
1787235829642,4004304,17.7
1787235829702,3976912,17.7
1787235829762,3973760,17.2
1787235829822,3936992,17.2
1787235829884,3930448,24.0
1787235829949,3930624,24.0
1787235830008,3875328,22.1
1787235830071,3860560,22.1
1787235830137,3878736,18.4
1787235830200,3882448,18.4
1787235830265,3884752,17.2
1787235830328,3962272,17.2
1787235830391,3931600,24.8
1787235830458,3899808,24.8
1787235830514,3903680,20.5
1787235830582,3896336,20.5
1787235830641,3962672,17.7
1787235830704,3949904,17.7
1787235830767,3954448,26.0
1787235830830,3923776,26.0
1787235830895,3913168,21.9
1787235830953,3931040,21.9
1787235831016,3929008,19.8
1787235831079,3952736,19.8
1787235831143,3935584,27.5
1787235831206,3941536,27.5
1787235831261,3946864,22.5
1787235831324,3923376,22.5
1787235831382,3941632,19.1
1787235831449,3972560,19.1
1787235831512,4017520,23.3
1787235831574,4042048,23.3
1787235831637,4058224,21.8
1787235831696,4067200,21.8
1787235831759,4055200,18.1
1787235831819,4074256,18.1
1787235831881,4058032,16.3
1787235831939,4072944,16.3
1787235832000,4125808,24.7
1787235832063,4145456,24.7
1787235832126,4153664,19.4
1787235832188,4158416,19.4
1787235832246,4142288,16.9
1787235832309,4152576,16.9
1787235832374,4164064,19.9
1787235832431,4208464,19.9
1787235832491,4178720,26.1
1787235832552,4141760,26.1
1787235832615,4104256,21.7
1787235832674,4084048,21.7
1787235832743,4094224,19.3
1787235832807,4086464,19.3
1787235832866,4099200,26.7
1787235832924,4101712,26.7
1787235832987,4120832,21.3
1787235833044,4085984,21.3
1787235833103,4090320,21.3
1787235833160,4092464,18.4
1787235833222,4089488,18.4
1787235833286,4105040,23.1
1787235833340,4133184,23.1
1787235833400,4130672,22.7
1787235833464,4125952,22.7
1787235833526,4167248,19.4
1787235833579,4201040,19.4
1787235833635,4233840,25.9
1787235833697,4210128,25.9
1787235833755,4221728,28.5
1787235833821,4247072,28.5
1787235833883,4277376,22.0
1787235833948,4306064,22.0
1787235834011,4339424,22.2
1787235834074,4375280,22.2
1787235834138,4373408,30.0
1787235834196,4387200,30.0
1787235834260,4352928,27.9
1787235834318,4359072,27.9
1787235834382,4392560,28.0
1787235834442,4428768,28.0
1787235834501,4419760,30.0
1787235834564,4405424,30.0
1787235834626,4368688,24.8
1787235834688,4376416,24.8
1787235834741,4376656,26.2
1787235834795,4417184,26.2
1787235834858,4402576,26.2
1787235834921,4371824,26.4
1787235834990,4342096,20.8
1787235835051,4349920,20.8
1787235835105,4333616,20.8
1787235835168,4355680,18.8
1787235835226,4379632,18.8
1787235835288,4341376,25.7
1787235835349,4339056,25.7
1787235835403,4348096,21.5
1787235835466,4363472,21.5
1787235835530,4376112,19.0
1787235835588,4405408,19.0
1787235835651,4379248,25.7
1787235835709,4376016,25.7
1787235835773,4277264,22.1
1787235835828,4266208,22.1
1787235835891,4261472,18.3
1787235835948,4205504,18.3
1787235836011,4195472,18.5
1787235836073,4164928,18.5
1787235836132,4202864,25.7
1787235836196,4231344,25.7
1787235836263,4195296,21.3
1787235836332,4209088,21.3
1787235836392,4227664,18.9
1787235836457,4223488,18.9
1787235836521,4221776,25.5
1787235836582,4179904,25.5
1787235836636,4185216,22.8
1787235836692,4187248,22.8
1787235836755,4184528,19.3
1787235836820,4169072,19.3
1787235836882,4149952,23.8
1787235836938,4168704,23.8
1787235836999,4129968,27.7
1787235837062,4111680,27.7
1787235837121,4166304,26.4
1787235837183,4185264,26.4
1787235837248,4162704,31.9
1787235837309,4157952,31.9
1787235837373,4135472,25.8
1787235837438,4109520,25.8
1787235837500,4119664,23.2
1787235837564,4138080,23.2
1787235837620,4112704,27.0
1787235837689,4088544,27.0
1787235837752,4092608,21.5
1787235837815,4088288,21.5
1787235837878,4106288,18.8
1787235837938,4108560,18.8
1787235837995,4135248,25.9
1787235838058,4121600,25.9
1787235838113,4134416,21.6
1787235838171,4114272,21.6
1787235838224,4117200,21.6
1787235838285,4139600,18.6
1787235838344,4194336,18.6
1787235838407,4191936,28.0
1787235838469,4176464,28.0
1787235838532,4178880,22.9
1787235838594,4144096,22.9
1787235838658,4147920,19.1
1787235838727,4167728,19.1
1787235838782,4133456,24.0
1787235838846,4140752,24.0
1787235838910,4125232,23.5
1787235838973,4041104,23.5
1787235839028,4034272,20.4
1787235839091,4050416,20.4
1787235839154,4132592,26.0
1787235839217,4123840,26.0
1787235839274,4142112,24.8
1787235839329,4166768,24.8
1787235839392,4175840,19.9
1787235839447,4175712,19.9
1787235839507,4225136,22.5
1787235839568,4227440,22.5
1787235839632,4217536,25.9
1787235839696,4230352,25.9
1787235839761,4250288,22.0
1787235839825,4253312,22.0
1787235839889,4276816,22.0
1787235839947,4258640,22.0
1787235840005,4279216,27.8
1787235840063,4141936,27.8
1787235840125,4148544,21.6
1787235840178,4155344,21.6
1787235840241,4159088,15.0
1787235840296,4172176,15.0
1787235840356,4237136,15.0
1787235840419,4297120,14.7
1787235840479,4313776,14.7
1787235840545,4289312,21.4
1787235840603,4301824,21.4
1787235840660,4312480,19.3
1787235840723,4313200,19.3
1787235840786,4307952,17.0
1787235840847,4327296,17.0
1787235840902,4309728,19.1
1787235840963,4320736,19.1
1787235841026,4273552,22.3
1787235841089,4247824,22.3
1787235841145,4273696,19.9
1787235841204,4265536,19.9
1787235841267,4247344,19.3
1787235841324,4232240,19.3
1787235841388,4223440,23.7
1787235841452,4209664,23.7
1787235841505,4115120,29.4
1787235841564,4043392,29.4
1787235841620,4061680,27.0
1787235841684,4075200,27.0
1787235841740,4041408,25.6
1787235841804,4076848,25.6
1787235841857,4081632,25.6
1787235841920,4064592,28.4
1787235841985,4040448,28.4
1787235842041,3999744,23.4
1787235842096,4005712,23.4
1787235842150,4046960,23.5
1787235842214,4040960,23.5
1787235842277,4060752,26.8
1787235842340,4047216,26.8
1787235842403,4034880,21.9
1787235842458,4031824,21.9
1787235842521,4049824,18.5
1787235842575,4065232,18.5
1787235842631,4087248,22.5
1787235842697,4053456,22.5
1787235842760,4061376,22.6
1787235842823,4072960,22.6
1787235842887,4048928,19.2
1787235842944,4055968,19.2
1787235843009,4063760,16.8
1787235843075,4092080,16.8
1787235843133,4110224,23.7
1787235843195,4182288,23.7
1787235843252,4218160,23.2
1787235843315,4247536,23.2
1787235843371,4225856,25.5
1787235843429,4255552,25.5
1787235843485,4225168,25.5
1787235843543,4207920,29.0
1787235843597,4198496,29.0
1787235843660,4175920,24.3
1787235843727,4206672,24.3
1787235843791,4262656,28.4
1787235843854,4277040,28.4
1787235843918,4254080,25.5
1787235843979,4258656,25.5
1787235844041,4263520,21.6
1787235844105,4274048,21.6
1787235844168,4305056,22.5
1787235844231,4301264,22.5
1787235844295,4278240,27.7
1787235844358,4332000,27.7
1787235844421,4249536,24.7
1787235844486,4218688,24.7
1787235844551,4253360,23.5
1787235844615,4251568,27.4
1787235844671,4234096,27.4
1787235844736,4238432,27.4
1787235844792,4223520,22.2
1787235844849,4223008,22.2
1787235844915,4216176,18.4
1787235844972,4288528,18.4
1787235845038,4306992,22.2
1787235845093,4335408,22.2
1787235845155,4373808,21.9
1787235845212,4364080,21.9
1787235845275,4391744,20.8
1787235845339,4418064,20.8
1787235845403,4419824,24.4
1787235845466,4394928,24.4
1787235845528,4402688,25.0
1787235845585,4397840,25.0
1787235845648,4421248,20.7
1787235845712,4418848,20.7
1787235845771,4448368,22.0
1787235845833,4452240,22.0
1787235845897,4444544,25.8
1787235845957,4408864,25.8
1787235846011,4419408,20.5
1787235846082,4397808,20.5
1787235846143,4406416,17.3
1787235846208,4441104,17.3
1787235846263,4450960,21.4
1787235846319,4489360,21.4
1787235846382,4487120,23.4
1787235846443,4475808,23.4
1787235846506,4502528,18.9
1787235846563,4490624,18.9
1787235846626,4499408,17.1
1787235846689,4515296,17.1
1787235846752,4500416,23.2
1787235846811,4490960,23.2
1787235846874,4503328,20.0
1787235846938,4467552,20.0
1787235846998,4451392,17.7
1787235847061,4452784,17.7
1787235847115,4451392,17.7
1787235847175,4468208,15.3
1787235847239,4465616,15.3
1787235847303,4436864,23.3
1787235847366,4451216,23.3
1787235847426,4414560,21.4
1787235847486,4423984,21.4
1787235847547,4408560,18.2
1787235847608,4401280,18.2
1787235847671,4425440,16.0
1787235847732,4389536,16.0
1787235847796,4379312,24.4
1787235847855,4357920,24.4
1787235847918,4379584,21.1
1787235847981,4355776,21.1
1787235848044,4367168,18.4
1787235848106,4299680,18.4
1787235848165,4283776,19.2
1787235848224,4289840,19.2
1787235848278,4276208,23.2
1787235848341,4272048,23.2
1787235848404,4316560,18.5
1787235848467,4289600,18.5
1787235848534,4301040,16.5
1787235848597,4312032,16.5
1787235848652,4290736,22.6
1787235848715,4302464,22.6
1787235848770,4278272,27.6
1787235848829,4271600,27.6
1787235848892,4287248,23.5
1787235848954,4288640,23.5
1787235849017,4290288,26.5
1787235849081,4276912,26.5
1787235849136,4300272,30.1
1787235849193,4318192,30.1
1787235849253,4278608,24.9
1787235849311,4315568,24.9
1787235849365,4284752,24.9
1787235849426,4296368,21.9
1787235849489,4223456,21.9
1787235849553,4230464,28.3
1787235849615,4312592,28.3
1787235849679,4258000,29.9
1787235849733,4233616,29.9
1787235849802,4205120,24.9
1787235849860,4210256,24.9
1787235849917,4208400,28.2
1787235849980,4188784,28.2
1787235850044,4172496,27.5
1787235850106,4116864,27.5
1787235850169,4122240,22.9
1787235850232,4111488,22.9
1787235850289,4157552,21.7
1787235850349,4185536,21.7
1787235850402,4141600,26.1
1787235850461,4128336,26.1
1787235850530,4116640,21.9
1787235850593,4098480,21.9
1787235850656,4133536,17.7
1787235850714,4143248,17.7
1787235850779,4159824,25.6
1787235850842,4155856,25.6
1787235850907,4148928,22.2
1787235850962,4143632,22.2
1787235851030,4151232,19.3
1787235851093,4164896,19.3
1787235851156,4168400,23.8
1787235851211,4183024,23.8
1787235851267,4165200,23.8
1787235851330,4151344,23.8
1787235851401,4154752,19.6
1787235851464,4153728,19.6
1787235851525,4165136,17.4
1787235851587,4160832,17.4
1787235851652,4171968,24.1
1787235851711,4220512,24.1
1787235851770,4234672,22.8
1787235851833,4216512,22.8
1787235851892,4217840,18.6
1787235851952,4216944,18.6
1787235852014,4267024,22.0
1787235852073,4257056,22.0
1787235852131,4247600,23.8
1787235852193,4227248,23.8
1787235852256,4254960,19.5
1787235852318,4252720,19.5
1787235852380,4240608,17.1
1787235852434,4321664,17.1
1787235852498,4305872,25.1
1787235852560,4303808,25.1
1787235852619,4299136,25.1
1787235852685,4271664,21.9
1787235852748,4269616,18.3
1787235852810,4270720,18.3
1787235852876,4317344,22.6
1787235852931,4305360,22.6
1787235852991,4344272,22.6
1787235853046,4364576,23.7
1787235853108,4381344,23.7
1787235853164,4450272,24.4
1787235853226,4502000,24.4
1787235853289,4496336,30.0
1787235853355,4472928,30.0
1787235853411,4490144,25.2
1787235853475,4495296,25.2
1787235853536,4504640,24.5
1787235853592,4526480,24.5
1787235853651,4506656,31.3
1787235853714,4539904,31.3
1787235853780,4511712,30.1
1787235853845,4502800,30.1
1787235853902,4531152,25.7
1787235853957,4564800,25.7
1787235854019,4551728,30.0
1787235854077,4528848,30.0
1787235854140,4471632,25.0
1787235854203,4453584,25.0
1787235854266,4465792,22.9
1787235854329,4504144,22.9
1787235854392,4501456,27.9
1787235854456,4421280,27.9
1787235854515,4412912,25.5
1787235854573,4400816,25.5
1787235854632,4370096,22.2
1787235854697,4372336,22.2
1787235854758,4385920,26.5
1787235854824,4382608,26.5
1787235854885,4411232,23.0
1787235854948,4395888,23.0
1787235855014,4394464,20.5
1787235855078,4327920,20.5
1787235855141,4357952,22.3
1787235855207,4333936,22.3
1787235855261,4341280,26.8
1787235855325,4320416,26.8
1787235855388,4263632,23.4
1787235855452,4307616,23.4
1787235855512,4267232,24.6
1787235855575,4273488,24.6
1787235855630,4258368,32.3
1787235855689,4218976,32.3
1787235855745,4222096,32.3
1787235855808,4188848,27.4
1787235855877,4164736,29.3
1787235855941,4175488,29.3
1787235856004,4165488,27.3
1787235856063,4162672,27.3
1787235856126,4151280,22.5
1787235856180,4166608,22.5
1787235856239,4184848,22.5
1787235856302,4186400,24.1
1787235856371,4165232,24.1
1787235856430,4158448,25.2
1787235856485,4174704,25.2
1787235856552,4175696,21.7
1787235856615,4248976,21.7
1787235856670,4223072,24.4
1787235856730,4200752,24.4
1787235856800,4173152,26.9
1787235856864,4199712,26.9
1787235856929,4193344,21.9
1787235856992,4182464,21.9
1787235857053,4171280,18.8
1787235857111,4185920,18.8
1787235857178,4194272,26.4
1787235857241,4221824,26.4
1787235857304,4164896,23.8
1787235857368,4124304,23.8
1787235857429,4197136,19.3
1787235857487,4249552,19.3
1787235857548,4265712,27.7
1787235857611,4231248,27.7
1787235857669,4246272,27.6
1787235857730,4235264,27.6
1787235857793,4271712,25.2
1787235857856,4345760,25.2
1787235857922,4392752,32.2
1787235857984,4382720,32.2
1787235858041,4365184,29.8
1787235858106,4359600,29.8
1787235858169,4363680,26.2
1787235858233,4382240,26.2
1787235858298,4380112,31.6
1787235858364,4377600,31.6
1787235858422,4448096,31.8
1787235858480,4448272,31.8
1787235858541,4517552,28.0
1787235858603,4492704,28.0
1787235858664,4485632,32.3
1787235858727,4481584,32.3
1787235858782,4485568,26.4
1787235858843,4497120,26.4
1787235858902,4552832,21.0
1787235858968,4564528,21.0
1787235859028,4585888,27.3
1787235859088,4562288,27.3
1787235859146,4559328,21.9
1787235859208,4554880,21.9
1787235859271,4565632,19.6
1787235859331,4559504,19.6
1787235859389,4581776,24.4
1787235859452,4592784,24.4
1787235859515,4574224,22.8
1787235859576,4552736,22.8
1787235859645,4554624,19.0
1787235859710,4546208,19.0
1787235859771,4564048,17.2
1787235859836,4507504,17.2
1787235859900,4494288,24.0
1787235859957,4472960,24.0
1787235860019,4489008,26.0
1787235860080,4475008,26.0
1787235860141,4477136,23.9
1787235860207,4479216,23.9
1787235860267,4464928,29.5
1787235860330,4432208,29.5
1787235860385,4434304,25.0
1787235860443,4437472,25.0
1787235860506,4407184,20.4
1787235860568,4319376,20.4
1787235860632,4347648,26.5
1787235860695,4346448,26.5
1787235860758,4373312,23.2
1787235860821,4368160,23.2
1787235860879,4367072,19.5
1787235860942,4359456,19.5
1787235861008,4340992,23.0
1787235861071,4326160,23.0
1787235861131,4328048,25.3
1787235861194,4318736,25.3
1787235861257,4302960,21.1
1787235861321,4232832,21.1
1787235861387,4243136,20.6
1787235861449,4261456,20.6
1787235861512,4247552,27.5
1787235861575,4206608,27.5
1787235861638,4196992,22.8
1787235861693,4199792,22.8
1787235861757,4207296,22.2
1787235861817,4219808,22.2
1787235861883,4199120,27.3
1787235861946,4203248,27.3
1787235862001,4213968,22.5
1787235862063,4207536,22.5
1787235862124,4245296,22.5
1787235862189,4177056,26.8
1787235862256,4139984,25.5
1787235862316,4160224,25.5
1787235862379,4163456,21.3
1787235862437,4154544,21.3
1787235862496,4229184,21.3
1787235862558,4235472,27.1
1787235862620,4235632,27.1
1787235862680,4217280,24.3
1787235862741,4199312,24.3
1787235862805,4200624,23.0
1787235862865,4211904,23.0
1787235862932,4214096,30.3
1787235862997,4158288,30.3
1787235863052,4127632,27.1
1787235863122,4130240,27.1
1787235863189,4169408,23.5
1787235863252,4211088,26.2
1787235863315,4200432,26.2
1787235863371,4178976,26.2
1787235863429,4177584,23.4
1787235863490,4187488,23.4
1787235863556,4171616,21.1
1787235863613,4172384,21.1
1787235863674,4227280,27.0
1787235863739,4278256,27.0
1787235863796,4335376,30.7
1787235863862,4344784,30.7
1787235863928,4330096,26.9
1787235863985,4332160,26.9
1787235864049,4344144,30.7
1787235864111,4360224,30.7
1787235864176,4354224,25.6
1787235864237,4360688,25.6
1787235864298,4398272,21.3
1787235864352,4414208,21.3
1787235864410,4455600,26.3
1787235864474,4442640,26.3
1787235864533,4473808,25.6
1787235864589,4492512,25.6
1787235864648,4552144,22.9
1787235864712,4585200,22.9
1787235864776,4571824,30.6
1787235864842,4526176,30.6
1787235864903,4515984,25.8
1787235864965,4524128,25.8
1787235865025,4518960,29.3
1787235865080,4490224,29.3
1787235865136,4509328,26.3
1787235865197,4489632,26.3
1787235865260,4484848,23.4
1787235865315,4469536,23.4
1787235865376,4467296,23.4
1787235865441,4504192,27.7
1787235865504,4516048,23.4
1787235865563,4529296,23.4
1787235865620,4524800,23.4
1787235865684,4522928,21.0
1787235865747,4526256,21.0
1787235865807,4477600,30.6
1787235865864,4506672,30.6
1787235865926,4273680,29.1
1787235865991,4204448,29.1
1787235866047,4266320,28.7
1787235866110,4242176,28.7
1787235866173,4204096,30.6
1787235866235,4213296,30.6
1787235866298,4214816,26.3
1787235866356,4165088,26.3
1787235866417,4220672,24.6
1787235866483,4223760,24.6
1787235866548,4174576,35.6
1787235866602,4156512,35.6
1787235866664,3888080,32.0
1787235866727,3890384,32.0
1787235866790,3920272,21.3
1787235866847,3934624,21.3
1787235866910,3935808,15.6
1787235866972,3949840,15.6
1787235867037,4064096,15.9
1787235867101,4056400,15.9
1787235867163,4046624,23.9
1787235867220,4026544,23.9
1787235867283,3993824,25.6
1787235867338,3969472,25.6
1787235867395,3953456,35.8
1787235867449,3898448,35.8
1787235867513,3935728,34.7
1787235867574,3972304,34.7
1787235867632,3944784,35.2
1787235867687,3950624,35.2
1787235867751,3953168,35.2
1787235867814,3971424,34.6
1787235867872,3958352,34.6
1787235867935,3946496,30.9
1787235867998,3890032,30.9
1787235868058,3906672,32.7
1787235868122,3914784,32.7
1787235868186,3921408,30.4
1787235868250,3929504,30.4
1787235868307,3941216,38.5
1787235868368,4058272,38.5
1787235868428,4123216,45.9
1787235868485,4176160,45.9
1787235868545,4244352,45.0
1787235868603,4369840,45.0
1787235868661,4427088,46.6
1787235868718,4478048,46.6
1787235868785,4525408,45.7
1787235868849,4542592,45.7
1787235868912,4535888,40.2
1787235868974,4419632,40.2
1787235869038,4444288,43.2
1787235869106,4435504,43.2
1787235869165,4435264,39.6
1787235869226,4470864,39.6
1787235869290,4427184,45.6
1787235869353,4402096,45.6
1787235869410,4416912,44.9
1787235869468,4489696,44.9
1787235869521,4498480,48.7
1787235869584,4490000,48.7
1787235869643,4467504,48.4
1787235869704,4459360,48.4
1787235869771,4422336,45.5
1787235869826,4419264,45.5
1787235869890,4424544,43.8
1787235869953,4447024,43.8
1787235870010,4483632,43.0
1787235870068,4384560,43.0
1787235870131,4367200,36.6
1787235870198,4379072,36.6
1787235870262,4393248,32.1
1787235870325,4365408,32.1
1787235870391,4342496,33.0
1787235870452,4286688,33.0
1787235870510,4292496,31.5
1787235870571,4317024,31.5
1787235870630,4342416,31.5
1787235870690,4327536,35.5
1787235870749,4343264,35.5
1787235870811,4351520,41.6
1787235870868,4390976,41.6
1787235870925,4390640,42.7
1787235870987,4411584,42.7
1787235871047,4428304,50.3
1787235871103,4435216,50.3
1787235871164,4445504,50.8
1787235871226,4447024,50.8
1787235871287,4480720,51.7
1787235871351,4465552,51.7
1787235871412,4436352,50.4
1787235871476,4441008,50.4
1787235871540,4406944,45.4
1787235871594,4388112,45.4
1787235871649,4389104,49.7
1787235871712,4385328,49.7
1787235871766,4399088,48.0
1787235871830,4436496,48.0
1787235871887,4558864,52.5
1787235871944,4600736,52.5
1787235871999,4569648,52.5
1787235872053,4568704,51.0
1787235872118,4608176,51.0
1787235872178,4643808,48.4
1787235872241,4576704,48.4
1787235872302,4556576,44.7
1787235872368,4515840,44.7
1787235872428,4526864,44.6
1787235872492,4461824,44.6
1787235872555,4468560,40.9
1787235872615,4495728,40.9
1787235872679,4499376,41.1
1787235872744,4501088,41.1
1787235872809,4514640,40.0
1787235872874,4472880,40.0
1787235872934,4478688,40.9
1787235872997,4481504,40.9
1787235873055,4497184,39.4
1787235873118,4473424,39.4
1787235873187,4479264,38.4
1787235873249,4488160,38.4
1787235873312,4453280,38.6
1787235873371,4469984,38.6
1787235873432,4511968,33.8
1787235873490,4519968,33.8
1787235873553,4544736,35.7
1787235873620,4494496,35.7
1787235873686,4478336,32.1
1787235873750,4474800,32.1
1787235873813,4483920,34.2
1787235873869,4493376,34.2
1787235873926,4532288,31.9
1787235873984,4554032,31.9
1787235874049,4534464,35.6
1787235874108,4540208,35.6
1787235874171,4559888,32.3
1787235874235,4615568,32.3
1787235874293,4618080,37.2
1787235874349,4685648,37.2
1787235874416,4692576,39.4
1787235874479,4711216,39.4
1787235874539,4682320,37.2
1787235874597,4778720,37.2
1787235874659,4828000,35.6
1787235874717,4812016,35.6
1787235874780,4828992,41.6
1787235874845,4833760,41.6
1787235874900,4835632,45.3
1787235874963,4860112,45.3
1787235875025,4887344,49.5
1787235875085,4843296,49.5
1787235875144,4843392,48.4
1787235875205,4824416,48.4
1787235875270,4832416,48.6
1787235875336,4807392,48.6
1787235875399,4787264,45.6
1787235875454,4841888,45.6
1787235875517,4845808,51.0
1787235875579,4853024,51.0
1787235875640,4864928,53.1
1787235875699,4816480,53.1
1787235875761,4811344,53.1
1787235875824,4810336,53.2
1787235875884,4806752,53.2
1787235875948,4731808,48.5
1787235876005,4726784,48.5
1787235876064,4689792,47.5
1787235876122,4657840,47.5
1787235876186,4662560,46.6
1787235876250,4659744,46.6
1787235876314,4654544,46.2
1787235876378,4652032,46.2
1787235876436,4647664,39.3
1787235876497,4638432,39.3
1787235876560,4583168,45.3
1787235876623,4554704,45.3
1787235876688,4543680,44.8
1787235876752,4542448,44.8
1787235876807,4535456,47.1
1787235876869,4525456,47.1
1787235876925,4512480,43.2
1787235876980,4519248,43.2
1787235877045,4468000,49.2
1787235877105,4483840,49.2
1787235877166,4495968,42.2
1787235877219,4513072,42.2
1787235877285,4489792,48.2
1787235877345,4532512,48.2
1787235877405,4749264,47.4
1787235877461,4737856,47.4
1787235877522,4709760,43.4
1787235877579,4639968,43.4
1787235877640,4640464,45.3
1787235877706,4609440,45.3
1787235877767,4599456,38.6
1787235877825,4585568,38.6
1787235877892,4474560,40.8
1787235877955,4462560,40.8
1787235878013,4451952,40.8
1787235878073,4500704,35.2
1787235878136,4518560,35.2
1787235878199,4494944,38.5
1787235878267,4482720,32.7
1787235878328,4502192,32.7
1787235878399,4479456,34.8
1787235878462,4488256,34.8
1787235878519,4494848,30.3
1787235878581,4499168,30.3
1787235878636,4601040,30.3
1787235878698,4568736,34.8
1787235878760,4603408,34.8
1787235878821,4623632,31.8
1787235878889,4614176,34.7
1787235878947,4605152,34.7
1787235879009,4589504,34.7
1787235879074,4638832,36.8
1787235879138,4610960,36.8
1787235879202,4632448,39.2
1787235879270,4613472,41.3
1787235879333,4627296,41.3
1787235879398,4612192,41.1
1787235879459,4620192,41.1
1787235879524,4619008,40.6
1787235879586,4651056,40.6
1787235879650,4628608,43.0
1787235879717,4622416,43.0
1787235879785,4647648,37.1
1787235879849,4652880,37.1
1787235879913,4646784,41.1
1787235879979,4735024,41.1
1787235880036,4722592,44.1
1787235880104,4731152,44.1
1787235880158,4728128,36.9
1787235880221,4754800,36.9
1787235880285,4746544,38.7
1787235880348,4755264,38.7
1787235880411,4737632,32.8
1787235880469,4776464,32.8
1787235880535,4750016,36.0
1787235880598,4779792,36.0
1787235880664,4769776,31.0
1787235880722,4787552,31.0
1787235880785,4787104,35.1
1787235880854,4757696,35.1
1787235880917,4783104,34.0
1787235880980,4797664,34.0
1787235881035,4769456,34.6
1787235881101,4730336,34.6
1787235881162,4735072,37.3
1787235881224,4764720,37.3
1787235881293,4775056,38.9
1787235881357,4771392,38.9
1787235881421,4779792,42.1
1787235881477,4743088,42.1
1787235881532,4713744,47.7
1787235881597,4686032,47.7
1787235881655,4694464,50.4
1787235881713,4721600,50.4
1787235881769,4699120,56.0
1787235881829,4700288,56.0
1787235881886,4658096,56.0
1787235881952,4663360,58.1
1787235882012,4642592,58.1
1787235882076,4617824,56.1
1787235882140,4626528,56.1
1787235882199,4771376,57.1
1787235882255,4746608,57.1
1787235882320,4716912,56.1
1787235882382,4719680,56.1
1787235882440,4669408,53.1
1787235882506,4639440,53.1
1787235882561,4656912,47.7
1787235882620,4651840,47.7
1787235882685,4684288,49.0
1787235882749,4735104,49.0
1787235882806,4690176,49.2
1787235882864,4676864,49.2
1787235882920,4657904,47.5
1787235882982,4595184,47.5
1787235883047,4600272,41.8
1787235883104,4595504,41.8
1787235883164,4632144,44.8
1787235883222,4662400,44.8
1787235883287,4689824,42.4
1787235883351,4753536,42.4
1787235883406,4664112,44.1
1787235883464,4631456,44.1
1787235883524,4608848,45.0
1787235883585,4584224,45.0
1787235883649,4573296,50.7
1787235883704,4563152,50.7
1787235883767,4526272,50.7
1787235883822,4526208,55.6
1787235883877,4544784,55.6
1787235883933,4520080,55.5
1787235883998,4534880,55.5
1787235884058,4508448,53.6
1787235884118,4530816,53.6
1787235884179,4509472,55.3
1787235884242,4533488,55.3
1787235884302,4550048,51.7
1787235884362,4513888,51.7
1787235884421,4430064,54.0
1787235884484,4472496,54.0
1787235884550,4457792,52.0
1787235884605,4465424,52.0
1787235884664,4491840,55.2
1787235884727,4511296,55.2
1787235884785,4543488,55.8
1787235884844,4543312,55.8
1787235884902,4516464,50.2
1787235884964,4537232,50.2
1787235885022,4513776,53.8
1787235885088,4511648,53.8
1787235885149,4527568,45.9
1787235885206,4548976,45.9
1787235885270,4586960,48.0
1787235885334,4576704,48.0
1787235885395,4532896,42.6
1787235885452,4581040,42.6
1787235885507,4586160,42.6
1787235885569,4573920,51.0
1787235885633,4835200,51.0
1787235885688,4864032,46.2
1787235885754,4832704,46.2
1787235885814,4757664,38.8
1787235885878,4540432,38.8
1787235885947,4526160,43.6
1787235886010,4473616,43.6
1787235886075,4443728,37.0
1787235886141,4409600,37.0
1787235886202,4413344,35.8
1787235886269,4374080,32.9
1787235886336,4385456,32.9
1787235886402,4364800,36.5
1787235886464,4436832,36.5
1787235886529,4379216,32.6
1787235886592,4357744,32.6
1787235886655,4349536,38.2
1787235886715,4331648,38.2
1787235886772,4242816,34.8
1787235886833,4237392,34.8
1787235886894,4297584,34.8
1787235886950,4271296,41.5
1787235887010,4266960,41.5
1787235887077,4232608,38.5
1787235887137,4217856,38.5
1787235887197,4196416,37.4
1787235887259,4223456,37.4
1787235887322,4296960,41.1
1787235887378,4304864,41.1
1787235887433,4323680,32.2
1787235887498,4318112,32.2
1787235887565,4307536,38.1
1787235887626,4277856,38.1
1787235887687,4301056,33.0
1787235887750,4316896,33.0
1787235887806,4266912,39.0
1787235887866,4305520,39.0
1787235887926,4415456,36.7
1787235887985,4494576,36.7
1787235888049,4471280,36.6
1787235888112,4517168,36.6
1787235888176,4491264,35.2
1787235888235,4500304,35.2
1787235888298,4455536,33.3
1787235888360,4476512,33.3
1787235888423,4475936,32.1
1787235888486,4396976,32.1
1787235888547,4376000,34.5
1787235888611,4371344,34.5
1787235888675,4368560,33.6
1787235888733,4351248,33.6
1787235888796,4341616,34.6
1787235888859,4364656,34.6
1787235888925,4362240,32.1
1787235888984,4403312,32.1
1787235889047,4405760,38.1
1787235889106,4441152,38.1
1787235889165,4462144,38.8
1787235889220,4444288,38.8
1787235889284,4395408,34.8
1787235889339,4419040,34.8
1787235889407,4434240,34.8
1787235889463,4441584,34.8
1787235889526,4419280,33.5
1787235889587,4435696,33.5
1787235889650,4454704,31.8
1787235889715,4450752,31.8
1787235889780,4455296,35.5
1787235889844,4390448,35.5
1787235889898,4370320,28.9
1787235889960,4380720,28.9
1787235890019,4315744,28.9
1787235890080,4348832,38.7
1787235890140,4348608,38.7
1787235890202,4409968,30.4
1787235890266,4394464,30.4
1787235890330,4343952,37.0
1787235890387,4322704,37.0
1787235890448,4402448,38.2
1787235890504,4355712,38.2
1787235890562,4348544,42.7
1787235890626,4319264,42.7
1787235890688,4324704,38.3
1787235890744,4356176,38.3
1787235890804,4361600,43.3
1787235890859,4379664,43.3
1787235890919,4381360,42.1
1787235890982,4364224,42.1
1787235891039,4362688,44.5
1787235891095,4424080,44.5
1787235891151,4436544,43.5
1787235891210,4389280,43.5
1787235891267,4370992,43.5
1787235891329,4326608,37.4
1787235891389,4334304,37.4
1787235891453,4289504,39.7
1787235891516,4275888,39.7
1787235891578,4218192,35.1
1787235891636,4255600,35.1
1787235891694,4220448,25.8
1787235891753,4219584,25.8
1787235891816,4197360,34.1
1787235891881,4133008,34.1
1787235891937,4152160,24.9
1787235891998,4228000,24.9
1787235892057,4403952,22.7
1787235892121,4489312,22.7
1787235892178,4480208,35.6
1787235892243,4515040,35.6
1787235892307,4532144,44.1
1787235892368,4586384,44.1
1787235892432,4571360,46.6
1787235892490,4628112,46.6
1787235892551,4639904,47.2
1787235892617,4663104,47.2
1787235892680,4675184,44.0
1787235892735,4668352,44.0
1787235892791,4636256,49.6
1787235892854,4657088,49.6
1787235892919,4644992,48.0
1787235892975,4635600,48.0
1787235893039,4630592,46.6
1787235893097,4552288,46.6
1787235893155,4539312,43.0
1787235893222,4559744,43.0
1787235893287,4568256,43.0
1787235893349,4472784,43.0
1787235893419,4453344,36.7
1787235893482,4497152,36.7
1787235893548,4474112,38.7
1787235893608,4495280,38.7
1787235893663,4489360,38.0
1787235893727,4505920,38.0
1787235893784,4456576,37.1
1787235893850,4441856,37.1
1787235893910,4437408,42.6
1787235893971,4436992,42.6
1787235894036,4455520,40.3
1787235894095,4457920,40.3
1787235894151,4453488,45.2
1787235894209,4442128,45.2
1787235894264,4457248,45.2
1787235894328,4462896,48.9
1787235894386,4460448,48.9
1787235894450,4458960,49.3
1787235894513,4480864,49.3
1787235894568,4492288,52.9
1787235894628,4459968,52.9
1787235894693,4439680,52.8
1787235894756,4445088,52.8
1787235894814,4443568,52.3
1787235894867,4399392,52.3
1787235894926,4381152,55.3
1787235894985,4410976,55.3
1787235895047,4389792,57.1
1787235895111,4343488,57.1
1787235895169,4416848,59.5
1787235895233,4526656,59.5
1787235895297,4545968,59.5
1787235895362,4536896,59.5
1787235895417,4518096,58.6
1787235895472,4536496,58.6
1787235895537,4517744,52.7
1787235895595,4548496,52.7
1787235895653,4545264,53.5
1787235895709,4526704,53.5
1787235895763,4526400,53.5
1787235895827,4488960,50.0
1787235895881,4496576,50.0
1787235895945,4457072,52.2
1787235896008,4394864,52.2
1787235896066,4371856,46.8
1787235896125,4355472,46.8
1787235896190,4357344,49.2
1787235896253,4560400,49.2
1787235896308,4744400,51.7
1787235896365,4698816,51.7
1787235896428,4630656,49.0
1787235896490,4618000,49.0
1787235896556,4594912,46.9
1787235896620,4572288,46.9
1787235896677,4563440,47.4
1787235896743,4520176,47.4
1787235896808,4478768,46.5
1787235896869,4438368,46.5
1787235896925,4407136,43.3
1787235896986,4377616,43.3
1787235897048,4389440,44.6
1787235897115,4233680,44.6
1787235897172,4260688,45.5
1787235897230,4292256,45.5
1787235897286,4283888,49.6
1787235897342,4260032,49.6
1787235897406,4256816,53.4
1787235897462,4272656,53.4
1787235897527,4229232,53.4
1787235897589,4234320,55.0
1787235897650,4304352,55.0
1787235897714,4472896,55.7
1787235897775,4475696,55.7
1787235897839,4446512,57.4
1787235897903,4419104,49.6
1787235897964,4407504,49.6
1787235898026,4403536,49.6
1787235898088,4399872,49.0
1787235898151,4398048,49.0
1787235898214,4398144,49.3
1787235898272,4412352,49.3
1787235898331,4395728,42.6
1787235898393,4352240,42.6
1787235898453,4368448,43.0
1787235898516,4438384,43.0
1787235898581,4451856,43.2
1787235898646,4427472,43.2
1787235898709,4463584,35.3
1787235898766,4454336,35.3
1787235898820,4457056,34.5
1787235898885,4494272,34.5
1787235898948,4474240,32.9
1787235899015,4450208,32.9
1787235899081,4423648,34.2
1787235899145,4397136,34.2
1787235899205,4405952,31.6
1787235899263,4336944,31.6
1787235899326,4286064,34.8
1787235899390,4281712,34.8
1787235899447,4271280,31.7
1787235899511,4203632,31.7
1787235899571,4206432,35.3
1787235899626,4226528,35.3
1787235899693,4235408,37.0
1787235899758,4219088,37.0
1787235899818,4212064,42.4
1787235899881,4181952,42.4
1787235899945,4206704,42.2
1787235900013,4203952,42.2
1787235900072,4104480,39.1
1787235900135,4121728,39.1
1787235900199,4127888,35.2
1787235900265,4115968,35.2
1787235900328,4124992,29.3
1787235900383,4147808,29.3
1787235900448,4203552,29.7
1787235900504,4239616,29.7
1787235900561,4238432,31.3
1787235900617,4237504,31.3
1787235900682,4246208,29.2
1787235900737,4242624,29.2
1787235900793,4185792,34.8
1787235900856,4194400,34.8
1787235900911,4195472,29.2
1787235900976,4144720,29.2
1787235901041,4145136,42.4
1787235901097,4127136,42.4
1787235901161,4160848,32.1
1787235901223,4225040,32.1
1787235901276,4245280,32.1
1787235901335,4229552,41.1
1787235901393,4200768,41.1
1787235901447,4220832,34.9
1787235901502,4242224,34.9
1787235901558,4381840,43.8
1787235901621,4334704,43.8
1787235901678,4324112,34.6
1787235901741,4357424,34.6
1787235901803,4349872,39.1
1787235901865,4346352,39.1
1787235901929,4382704,30.6
1787235901996,4348672,30.6
1787235902059,4327248,36.6
1787235902115,4303840,36.6
1787235902178,4327456,27.1
1787235902237,4298768,27.1
1787235902301,4303712,27.8
1787235902361,4305760,27.8
1787235902423,4185776,29.4
1787235902489,4151120,29.4
1787235902553,4166464,28.7
1787235902610,4158080,28.7
1787235902674,4134736,40.0
1787235902730,4124448,40.0
1787235902793,4134592,30.0
1787235902851,4135776,30.0
1787235902906,4094416,30.0
1787235902972,4107952,35.3
1787235903035,4094608,35.5
1787235903093,4162848,35.5
1787235903154,4147840,35.5
1787235903218,4168208,39.6
1787235903281,4184320,39.6
1787235903340,4205504,36.6
1787235903396,4216528,36.6
1787235903458,4203120,45.6
1787235903519,4270288,45.6
1787235903580,4249008,41.1
1787235903640,4234832,41.1
1787235903694,4252640,37.1
1787235903753,4379648,37.1
1787235903813,4359088,47.8
1787235903877,4397040,47.8
1787235903930,4432720,43.5
1787235903994,4421184,43.5
1787235904053,4408400,38.2
1787235904119,4321776,38.2
1787235904182,4333408,45.4
1787235904245,4324352,45.4
1787235904309,4323920,38.8
1787235904362,4342848,38.8
1787235904427,4353184,44.5
1787235904484,4361648,44.5
1787235904539,4405728,38.7
1787235904596,4446272,38.7
1787235904653,4556832,38.7
1787235904711,4568160,43.3
1787235904773,4566960,43.3
1787235904842,4544736,44.4
1787235904905,4523056,44.4
1787235904968,4493808,30.2
1787235905036,4480560,24.3
1787235905100,4476736,24.3
1787235905167,4509376,30.8
1787235905235,4502096,30.8
1787235905288,4488080,23.9
1787235905345,4529792,23.9
1787235905402,4505104,23.9
1787235905465,4478416,19.7
1787235905528,4518272,19.7
1787235905585,4533888,22.4
1787235905643,4498144,22.4
1787235905707,4516032,26.6
1787235905769,4476432,26.6
1787235905829,4479088,22.5
1787235905885,4459248,22.5
1787235905939,4477344,19.8
1787235906002,4460752,19.8
1787235906058,4478176,29.8
1787235906121,4456528,29.8
1787235906177,4454512,22.3
1787235906239,4429104,22.3
1787235906295,4403616,20.5
1787235906357,4406784,20.5
1787235906413,4431408,19.2
1787235906477,4393472,19.2
1787235906540,4395728,28.7
1787235906604,4377648,28.7
1787235906669,4358512,22.8
1787235906735,4325536,22.8
1787235906801,4298672,20.9
1787235906866,4396864,20.9
1787235906929,4409584,25.4
1787235906991,4376688,25.4
1787235907048,4364768,23.5
1787235907108,4331248,23.5
1787235907170,4334016,20.2
1787235907235,4316192,20.2
1787235907289,4322640,23.2
1787235907353,4315040,23.2
1787235907413,4285184,25.0
1787235907469,4289904,25.0
1787235907524,4289744,25.0
1787235907578,4265632,21.1
1787235907641,4233392,21.1
1787235907705,4264560,19.2
1787235907762,4248944,19.2
1787235907826,4279056,28.5
1787235907885,4257232,28.5
1787235907950,4153184,23.3
1787235908016,4135792,23.3
1787235908076,4117152,19.6
1787235908142,4097504,19.6
1787235908202,4095712,26.2
1787235908261,4066352,26.2
1787235908322,4071856,21.6
1787235908382,4079664,21.6
1787235908445,4058864,20.0
1787235908505,4029616,20.0
1787235908564,4048560,15.4
1787235908620,4074272,15.4
1787235908684,4083568,30.4
1787235908747,4080528,30.4
1787235908810,4079696,26.5
1787235908874,4080496,26.5
1787235908936,4040000,21.4
1787235908999,4040656,21.4
1787235909066,3992176,19.3
1787235909131,3988528,19.3
1787235909196,3936656,29.8
1787235909251,3943232,29.8
1787235909310,3908128,26.4
1787235909371,3927920,26.4
1787235909435,3918608,28.3
1787235909497,3940000,28.3
1787235909552,3926208,26.2
1787235909618,3912208,26.2
1787235909677,3940208,18.4
1787235909739,3902752,18.4
1787235909802,3907616,16.8
1787235909860,3917024,16.8
1787235909919,3971424,25.5
1787235909982,3948544,25.5
1787235910042,3952992,21.4
1787235910098,3955568,21.4
1787235910161,3936512,21.4
1787235910224,3944432,19.2
1787235910285,3949232,19.2
1787235910348,4000048,24.9
1787235910408,4007328,24.9
1787235910467,4009008,27.5
1787235910531,4011200,27.5
1787235910596,4000784,20.7
1787235910653,4007792,20.7
1787235910709,4021760,21.9
1787235910772,4050128,21.9
1787235910836,4031040,33.1
1787235910901,3976352,33.1
1787235910964,3984352,28.9
1787235911022,3927216,28.9
1787235911081,3924992,24.4
1787235911142,3924480,24.4
1787235911201,3978656,36.6
1787235911262,3943152,36.6
1787235911320,3945376,27.9
1787235911384,3954576,27.9
1787235911447,3923200,23.4
1787235911512,3940064,23.4
1787235911576,3951328,25.0
1787235911630,3981984,25.0
1787235911690,4012208,29.5
1787235911753,4012368,29.5
1787235911819,3984880,21.7
1787235911880,3995040,21.7
1787235911941,3975040,21.1
1787235911998,3989024,21.1
1787235912052,3986256,22.6
1787235912110,3996400,22.6
1787235912169,4023184,29.1
1787235912232,3998592,29.1
1787235912296,4012592,21.6
1787235912359,4013792,21.6
1787235912422,3985712,19.2
1787235912481,4006864,19.2
1787235912537,3999184,19.2
1787235912600,4026960,26.3
1787235912663,4024976,26.3
1787235912728,4006960,27.9
1787235912792,4016896,20.1
1787235912858,4077872,20.1
1787235912917,4082320,18.5
1787235912972,4114656,18.5
1787235913030,4142048,18.5
1787235913088,4150512,27.2
1787235913151,4136848,27.2
1787235913205,4148720,27.7
1787235913260,4114192,27.7
1787235913323,4131744,20.7
1787235913388,4127376,20.7
1787235913451,4131408,21.2
1787235913515,4127312,21.2
1787235913579,4135504,17.2
1787235913644,4131120,17.2
1787235913706,4114448,25.7
1787235913770,4132624,25.7
1787235913829,4100960,25.9
1787235913890,4102208,25.9
1787235913947,4132672,21.3
1787235914013,4094208,21.3
1787235914076,4211008,18.4
1787235914134,4326592,18.4
1787235914197,4266784,27.0
1787235914264,4246080,27.0
1787235914327,4202864,22.9
1787235914386,4207728,22.9
1787235914450,4201600,24.3
1787235914508,4173536,24.3
1787235914570,4124400,26.1
1787235914627,4129952,26.1
1787235914690,4110592,21.8
1787235914745,4119264,21.8
1787235914802,4095792,25.5
1787235914865,4102256,25.5
1787235914928,4084480,22.3
1787235914991,4085104,22.3
1787235915054,4153488,18.9
1787235915113,4141600,18.9
1787235915169,4102544,17.4
1787235915232,4192304,17.4
1787235915296,4165648,27.3
1787235915361,4114160,27.3
1787235915425,4107888,23.0
1787235915488,4114960,23.0
1787235915543,4143344,17.8
1787235915604,4166944,17.8
1787235915668,4179456,25.6
1787235915727,4164928,25.6
1787235915796,4136512,19.3
1787235915854,4159792,19.3
1787235915917,4161296,17.2
1787235915986,4221568,17.2
1787235916049,4257232,20.1
1787235916105,4234144,20.1
1787235916169,4217168,21.7
1787235916233,4190944,21.7
1787235916296,4203952,19.3
1787235916357,4181024,19.3
1787235916421,4179520,18.0
1787235916484,4204800,18.0
1787235916547,4154640,30.0
1787235916611,4131104,30.0
1787235916671,4070160,24.5
1787235916731,4021456,24.5
1787235916788,3986544,24.5
1787235916845,4047824,23.8
1787235916904,4048944,23.8
1787235916963,4058704,30.1
1787235917024,4017360,30.1
1787235917087,4053744,22.9
1787235917150,4035392,22.9
1787235917210,4065552,19.8
1787235917271,4050080,19.8
1787235917334,4073712,24.4
1787235917389,4069440,24.4
1787235917451,4109888,26.4
1787235917512,4088848,26.4
1787235917575,4107808,27.3
1787235917639,4063856,27.3
1787235917701,4076208,20.5
1787235917761,4098480,20.5
1787235917822,4080464,18.1
1787235917880,4067424,18.1
1787235917938,4114384,16.3
1787235917997,4140608,16.3
1787235918059,4085056,26.1
1787235918123,4090368,26.1
1787235918180,4058224,21.1
1787235918243,4063408,21.1
1787235918306,4049616,20.2
1787235918369,4060608,20.2
1787235918442,4071312,19.5
1787235918506,4068160,19.5
1787235918570,4055488,27.5
1787235918633,4046640,27.5
1787235918689,4042832,22.3
1787235918747,4026400,22.3
1787235918812,4042880,21.3
1787235918867,4047136,21.3
1787235918922,4098464,22.3
1787235918986,4180224,22.3
1787235919047,4145776,29.9
1787235919103,4130736,29.9
1787235919166,4125808,29.9
1787235919223,4157200,23.8
1787235919286,4182240,23.8
1787235919349,4176080,20.5
1787235919408,4182480,20.5
1787235919463,4142720,24.8
1787235919526,4123024,24.8
1787235919588,4125168,22.5
1787235919650,4047328,22.5
1787235919714,4036304,17.2
1787235919777,4026784,17.2
1787235919840,3985888,16.1
1787235919905,4007872,16.1
1787235919969,3975504,19.1
1787235920031,3942832,19.1
1787235920093,3915600,21.1
1787235920152,3917296,21.1
1787235920215,3927488,16.9
1787235920273,3936048,16.9
1787235920330,3944704,18.4
1787235920386,3924288,18.4
1787235920441,3941168,14.4
1787235920506,3945408,14.4
1787235920569,3968560,26.9
1787235920626,3976672,26.9
1787235920684,3974848,22.3
1787235920747,3995632,22.3
1787235920802,3983008,17.2
1787235920860,3984240,17.2
1787235920915,3985344,17.2
1787235920977,4045952,12.0
1787235921036,4057536,12.0
1787235921097,4085600,13.9
1787235921158,4038464,13.9
1787235921214,4019216,25.3
1787235921278,3989648,25.3
1787235921333,3952128,21.6
1787235921400,3928960,21.6
1787235921463,3885664,19.2
1787235921525,3871584,19.2
1787235921583,3877136,15.2
1787235921638,3881232,15.2
1787235921700,3773200,22.8
1787235921756,3763680,22.8
1787235921821,3741040,22.0
1787235921885,3713072,22.0
1787235921948,3725984,18.0
1787235922010,3703408,18.0
1787235922073,3680016,16.3
1787235922135,3726896,16.3
1787235922200,3690656,22.6
1787235922264,3672352,22.6
1787235922324,3657520,19.2
1787235922387,3658080,19.2
1787235922452,3654000,15.9
1787235922515,3665584,15.9
1787235922578,3644304,15.4
1787235922640,3679200,15.4
1787235922702,3694752,18.0
1787235922765,3692464,18.0
1787235922829,3654272,24.1
1787235922883,3631264,24.1
1787235922946,3658576,22.7
1787235923010,3637376,22.7
1787235923071,3675488,20.2
1787235923130,3708496,20.2
1787235923193,3696848,25.6
1787235923252,3698944,25.6
1787235923309,3691120,20.0
1787235923367,3730640,20.0
1787235923431,3717456,18.2
1787235923494,3709616,18.2
1787235923548,3753216,20.8
1787235923605,3738112,20.8
1787235923670,3716720,20.8
1787235923733,3700128,24.1
1787235923789,3672464,24.1
1787235923843,3624368,18.6
1787235923900,3625632,18.6
1787235923963,3642336,12.4
1787235924026,3677024,12.4
1787235924089,3698768,10.5
1787235924152,3711536,10.5
1787235924213,3763424,11.3
1787235924275,3788832,11.3
1787235924338,3787984,25.1
1787235924404,3793712,25.1
1787235924469,3779872,21.0
1787235924536,3767936,21.0
1787235924599,3771488,19.0
1787235924661,3801856,19.0
1787235924726,3856656,16.5
1787235924786,3847424,16.5
1787235924851,3844464,21.6
1787235924914,3845456,21.6
1787235924978,3829744,20.8
1787235925041,3868848,20.8
1787235925101,3872592,18.8
1787235925163,3798112,18.8
1787235925216,3829328,17.1
1787235925272,3896304,17.1
1787235925327,3905360,28.6
1787235925390,3902624,28.6
1787235925455,3906752,23.3
1787235925516,3926448,23.3
1787235925584,3899488,20.5
1787235925647,3930400,20.5
1787235925705,4004368,25.3
1787235925765,3988448,25.3
1787235925830,3998576,20.8
1787235925893,3973280,20.8
1787235925958,3910784,17.4
1787235926018,3947664,17.4
1787235926080,3918064,18.9
1787235926145,3889824,18.9
1787235926207,3882048,14.3
1787235926272,3941072,14.3
1787235926338,3916432,21.7
1787235926401,3877616,21.7
1787235926460,3847200,24.4
1787235926524,3814928,24.4
1787235926579,3788608,20.6
1787235926640,3766288,20.6
1787235926695,3771792,16.0
1787235926759,3738000,16.0
1787235926822,3705840,18.3
1787235926888,3687920,18.3
1787235926951,3692512,13.5
1787235927015,3698512,13.5
1787235927072,3656640,21.9
1787235927135,3626272,21.9
1787235927199,3644368,22.8
1787235927263,3656480,22.8
1787235927324,3656384,17.4
1787235927387,3656624,17.4
1787235927451,3639856,18.3
1787235927513,3639280,18.3
1787235927575,3647328,20.9
1787235927636,3640304,20.9
1787235927700,3615808,29.3
1787235927764,3616256,29.3
1787235927822,3579488,23.1
1787235927884,3543216,23.1
1787235927941,3499760,15.7
1787235928004,3506912,15.7
1787235928064,3515184,13.2
1787235928130,3487376,13.2
1787235928193,3456624,13.2
1787235928254,3552448,13.2
1787235928308,3610688,18.6
1787235928365,3649792,18.6
1787235928419,3620160,18.6
1787235928483,3626592,21.3
1787235928543,3654752,21.3
1787235928600,3632416,18.2
1787235928666,3620048,18.2
1787235928733,3579056,17.4
1787235928809,3472320,20.6
1787235928870,3458896,20.6
1787235928938,3415296,19.8
1787235929000,3359456,19.8
1787235929063,3361328,17.2
1787235929120,3304992,17.2
1787235929177,3283360,14.6
1787235929232,3296048,14.6
1787235929295,3265280,14.6
1787235929358,3478576,14.4
1787235929415,3486064,14.4
1787235929475,3480992,23.6
1787235929539,3396048,23.6
1787235929603,3418176,19.8
1787235929659,3413648,19.8
1787235929721,3413264,21.8
1787235929783,3419200,21.8
1787235929843,3421520,26.5
1787235929901,3405984,26.5
1787235929979,3346240,24.3
1787235930043,3408528,24.3
1787235930108,3478288,28.0
1787235930185,3470768,27.3
1787235930245,3456944,27.3
1787235930302,3479600,22.9
1787235930359,3480016,22.9
1787235930424,3501984,22.9
1787235930489,3513328,20.2
1787235930551,3580096,20.2
1787235930612,3590544,28.6
1787235930672,3596656,28.6
1787235930736,3599024,24.4
1787235930799,3625136,24.4
1787235930863,3633920,20.8
1787235930927,3674208,20.6
1787235930989,3711856,20.6
1787235931052,3696240,26.1
1787235931114,3701472,26.1
1787235931169,3662912,26.1
1787235931227,3666192,20.3
1787235931283,3712624,20.3
1787235931336,3710576,18.8
1787235931399,3691264,18.8
1787235931457,3736576,16.8
1787235931511,3709632,16.8
1787235931573,3693936,29.7
1787235931629,3675968,29.7
1787235931687,3665600,25.0
1787235931740,3660896,25.0
1787235931798,3709600,25.0
1787235931854,3716944,22.9
1787235931918,3721904,22.9
1787235931985,3800176,17.4
1787235932043,3852288,17.4
1787235932105,3846576,28.8
1787235932169,3823008,28.8
1787235932232,3840752,26.8
1787235932291,3805248,26.8
1787235932356,3822688,22.9
1787235932419,3790560,22.9
1787235932484,3826336,19.8
1787235932541,3849056,19.8
1787235932597,3844816,27.0
1787235932657,3856944,27.0
1787235932719,3886944,33.4
1787235932783,3921264,33.4
1787235932847,3944416,34.0
1787235932907,3940592,34.0
1787235932966,3940304,25.3
1787235933029,4000000,25.3
1787235933089,4010656,21.2
1787235933149,4018272,21.2
1787235933210,4043616,19.3
1787235933276,4082144,19.3
1787235933330,4031168,27.6
1787235933395,3990304,27.6
1787235933454,3986784,23.1
1787235933517,4003264,23.1
1787235933573,4019552,23.4
1787235933633,4025520,23.4
1787235933690,4060480,18.7
1787235933749,4090544,18.7
1787235933813,4119088,27.7
1787235933882,4102288,27.7
1787235933942,4112912,24.0
1787235934005,4161536,24.0
1787235934069,4207008,21.2
1787235934129,4250464,21.2
1787235934191,4221440,26.2
1787235934249,4238288,26.2
1787235934312,4216016,22.6
1787235934368,4214176,22.6
1787235934431,4197120,20.4
1787235934496,4190928,20.4
1787235934552,4181792,20.4
1787235934618,4169264,25.8
1787235934680,4169968,23.7
1787235934743,4168816,23.7
1787235934798,4161616,23.7
1787235934858,4187184,18.7
1787235934916,4203152,18.7
1787235934981,4184464,16.6
1787235935043,4212016,16.6
1787235935098,4209088,24.9
1787235935162,4200928,24.9
1787235935225,4204464,19.5
1787235935285,4219728,19.5
1787235935348,4225856,17.5
1787235935413,4209744,17.5
1787235935475,4210112,13.5
1787235935539,4202544,13.5
1787235935594,4101376,20.8
1787235935655,4111632,20.8
1787235935716,4117536,21.9
1787235935775,4095328,21.9
1787235935833,4099040,19.9
1787235935896,4091712,19.9
1787235935960,4122576,22.2
1787235936021,4088192,22.2
1787235936083,4096192,22.8
1787235936141,4075760,22.8
1787235936200,4054880,17.3
1787235936255,4092560,17.3
1787235936319,4075552,18.3
1787235936382,4084176,18.3
1787235936442,4110208,22.8
1787235936497,4130976,22.8
1787235936558,4062608,27.0
1787235936614,4060560,27.0
1787235936677,4066240,27.0
1787235936740,4111072,21.6
1787235936799,4096960,21.6
1787235936856,4068192,22.0
1787235936917,4081648,22.0
1787235936982,4100352,21.2
1787235937045,4084688,21.2
1787235937107,4101904,27.6
1787235937166,4078768,27.6
1787235937231,4091088,22.3
1787235937297,4086912,22.3
1787235937353,4070464,20.3
1787235937418,4107776,20.3
1787235937484,4101504,20.2
1787235937545,4110672,20.2
1787235937602,4094768,26.4
1787235937666,4100512,26.4
1787235937728,4126048,21.4
1787235937783,4152336,21.4
1787235937847,4165376,21.3
1787235937903,4168048,21.3
1787235937965,4161408,22.9
1787235938029,4167616,22.9
1787235938089,4134096,26.5
1787235938145,4146832,26.5
1787235938209,4166240,21.0
1787235938270,4150960,21.0
1787235938323,4135936,20.5
1787235938380,4131888,20.5
1787235938445,4183792,23.1
1787235938501,4203584,23.1
1787235938562,4184432,27.9
1787235938622,4185520,27.9
1787235938685,4149392,22.5
1787235938740,4177456,22.5
1787235938801,4175616,22.5
1787235938859,4181712,22.4
1787235938916,4205888,22.4
1787235938973,4297376,34.6
1787235939035,4299424,34.6
1787235939091,4309008,26.5
1787235939149,4292944,26.5
1787235939214,4274960,23.2
1787235939277,4269856,23.2
1787235939333,4230992,29.5
1787235939398,4237568,29.5
1787235939459,4216736,26.7
1787235939517,4176816,26.7
1787235939581,4168512,22.6
1787235939644,4182208,22.6
1787235939704,4166288,25.7
1787235939769,4167920,25.7
1787235939836,4178512,19.7
1787235939899,4209552,19.7
1787235939965,4228976,17.2
1787235940029,4237328,17.2
1787235940094,4281216,13.8
1787235940151,4347248,13.8
1787235940206,4380736,20.5
1787235940270,4365472,20.5
1787235940333,4364640,20.8
1787235940396,4382528,20.8
1787235940460,4367728,21.4
1787235940520,4352848,21.4
1787235940584,4360144,16.5
1787235940649,4352112,16.5
1787235940704,4387120,23.2
1787235940766,4420912,23.2
1787235940821,4395872,25.2
1787235940883,4401600,25.2
1787235940937,4386752,20.4
1787235941000,4411856,20.4
1787235941058,4368224,20.4
1787235941150,4385680,18.4
1787235941211,4401616,22.1
1787235941267,4433792,22.1
1787235941330,4449408,25.6
1787235941393,4429872,25.6
1787235941451,4426976,20.1
1787235941512,4408672,20.1
1787235941585,4367312,20.8
1787235941639,4475488,20.8
1787235941700,4470800,25.9
1787235941762,4441616,25.9
1787235941820,4394688,23.7
1787235941882,4397168,23.7
1787235941941,4375968,23.9
1787235942008,4358528,23.9
1787235942069,4354816,26.5
1787235942131,4371648,26.5
1787235942186,4354448,20.6
1787235942249,4329344,20.6
1787235942312,4317248,19.0
1787235942366,4305792,19.0
1787235942426,4282160,19.0
1787235942489,4273072,20.1
1787235942550,4282096,20.1
1787235942613,4286928,22.8
1787235942675,4285120,22.8
1787235942732,4306704,21.5
1787235942791,4314944,21.5
1787235942847,4280336,28.5
1787235942904,4320512,28.5
1787235942966,4328384,26.5
1787235943026,4356592,26.5
1787235943090,4393584,24.1
1787235943147,4416032,24.1
1787235943210,4378640,27.3
1787235943274,4388672,27.3
1787235943330,4364768,24.1
1787235943388,4336640,24.1
1787235943450,4050096,22.0
1787235943504,4161296,22.0
1787235943559,4217056,22.0
1787235943621,4238064,24.3
1787235943683,4212272,24.3
1787235943746,4217488,20.1
1787235943809,4224096,20.1
1787235943866,4169472,14.1
1787235943929,4143280,14.1
1787235943985,4130176,13.9
1787235944048,4113648,13.9
1787235944112,4065088,14.2
1787235944176,4026400,14.2
1787235944234,4057040,22.9
1787235944298,4039728,22.9
1787235944359,4028880,24.0
1787235944423,4017632,24.0
1787235944486,4009008,23.7
1787235944551,3994720,23.7
1787235944605,4009456,20.3
1787235944669,4029360,20.3
1787235944728,3968400,29.8
1787235944790,3868080,29.8
1787235944850,3810160,23.1
1787235944912,3792320,23.1
1787235944972,3781600,16.0
1787235945036,3775600,16.0
1787235945098,3737024,11.7
1787235945163,3704064,11.7
1787235945225,3666448,13.5
1787235945284,3631664,13.5
1787235945341,3610016,10.6
1787235945418,3630176,10.6
1787235945492,3576560,13.6
1787235945548,3562528,13.6
1787235945611,3499520,22.0
1787235945676,3456720,22.0
1787235945734,3461792,16.5
1787235945795,3466512,16.5
1787235945858,3448192,13.1
1787235945922,3426592,13.1
1787235945979,3450304,10.6
1787235946033,3458080,10.6
1787235946095,3445376,12.4
1787235946155,3373824,12.4
1787235946219,3359904,9.4
1787235946282,3364960,9.4
1787235946346,3362576,8.3
1787235946405,3390000,8.3
1787235946466,3466928,15.2
1787235946532,3507200,15.2
1787235946643,3503920,16.3
1787235946696,3465184,13.8
1787235946757,3435104,13.8
1787235946818,3415920,12.9
1787235946883,3407680,12.9
1787235946946,3400704,11.5
1787235947007,3405344,11.5
1787235947071,3362480,8.6
1787235947134,3364800,8.6
1787235947189,3461248,14.9
1787235947253,3490096,14.9
1787235947318,3496992,24.6
1787235947373,3505664,24.6
1787235947437,3568880,24.6
1787235947501,3498832,30.2
1787235947564,3513984,22.8
1787235947621,3464176,22.8
1787235947690,3436976,17.3
1787235947754,3443296,17.3
1787235947821,3407040,16.9
1787235947884,3417088,16.9
1787235947939,3389072,16.9
1787235948002,3395184,17.0
1787235948067,3415872,19.6
1787235948127,3411584,19.6
1787235948191,3435504,16.8
1787235948255,3413776,16.8
1787235948319,3393152,13.5
1787235948382,3392528,13.5
1787235948443,3399280,14.4
1787235948507,3394656,14.4
1787235948562,3401680,14.4
1787235948618,3393472,11.5
1787235948682,3368144,11.5
1787235948745,3358688,14.5
1787235948809,3363216,14.5
1787235948867,3356176,22.0
1787235948922,3365248,22.0
1787235948985,3354528,17.5
1787235949047,3340608,17.5
1787235949109,3386432,14.3
1787235949170,3365856,14.3
1787235949234,3355984,14.1
1787235949296,3364464,14.1
1787235949361,3399152,11.5
1787235949424,3386784,11.5
1787235949491,3386944,16.4
1787235949554,3380176,16.4
1787235949622,3364256,16.8
1787235949687,3351984,16.8
1787235949744,3337184,13.5
1787235949807,3286144,13.5
1787235949870,3285536,10.8
1787235949938,3267680,10.8
1787235950002,3273536,11.8
1787235950065,3226896,9.6
1787235950127,3234736,9.6
1787235950182,3300512,9.6
1787235950247,3346624,14.4
1787235950310,3369712,14.4
1787235950371,3374368,22.5
1787235950427,3385312,22.5
1787235950482,3408656,17.3
1787235950537,3418656,17.3
1787235950602,3428992,14.2
1787235950665,3474608,14.2
1787235950726,3446336,15.7
1787235950784,3455520,15.7
1787235950852,3439552,12.9
1787235950917,3504160,12.9
1787235950973,3569600,17.6
1787235951032,3575808,17.6
1787235951087,3579408,21.9
1787235951143,3589728,21.9
1787235951204,3613984,16.6
1787235951266,3608560,16.6
1787235951322,3593248,12.8
1787235951385,3568368,12.8
1787235951440,3589328,12.8
1787235951501,3575984,13.0
1787235951565,3579632,13.0
1787235951627,3574464,10.8
1787235951693,3573936,8.9
1787235951747,3591840,8.9
1787235951810,3606448,8.9
1787235951874,3672256,14.6
1787235951940,3665632,14.6
1787235952003,3638960,17.1
1787235952068,3629888,14.6
1787235952124,3618720,14.6
1787235952182,3596256,14.6
1787235952248,3549024,12.1
1787235952311,3577296,12.1
1787235952370,3554736,15.0
1787235952427,3561792,15.0
1787235952483,3569520,12.1
1787235952546,3564000,12.1
1787235952606,3611632,11.3
1787235952669,3654560,11.3
1787235952733,3667568,17.5
1787235952796,3689504,17.5
1787235952852,3717536,17.1
1787235952907,3718048,17.1
1787235952973,3710896,14.7
1787235953043,3715072,14.7
1787235953104,3723680,13.9
1787235953161,3705552,13.9
1787235953221,3709216,10.5
1787235953277,3716016,10.5
1787235953341,3692528,10.0
1787235953402,3728736,10.0
1787235953458,3746672,14.2
1787235953520,3734272,14.2
1787235953583,3735728,16.3
1787235953640,3739280,16.3
1787235953698,3741872,11.2
1787235953762,3761664,11.2
1787235953825,3753824,12.6
1787235953886,3738304,12.6
1787235953951,3735024,14.8
1787235954016,3777504,14.8
1787235954073,3787312,21.1
1787235954130,3792224,21.1
1787235954188,3810560,21.1
1787235954251,3789392,28.1
1787235954315,3791568,28.1
1787235954378,3811184,31.3
1787235954437,3815872,31.3
1787235954501,3794080,33.0
1787235954561,3816224,33.0
1787235954625,3788352,28.3
1787235954686,3834128,28.3
1787235954741,3909664,26.3
1787235954798,3911328,26.3
1787235955028,3881440,28.8
1787235955086,3930768,32.2
1787235955149,3882784,32.2
1787235955204,3892544,31.2
1787235955263,3905104,31.2
1787235955326,3895552,34.3
1787235955383,3931520,34.3
1787235955447,3941216,36.4
1787235955501,3958160,36.4
1787235955563,4031792,36.4
1787235955621,4052528,34.1
1787235955677,4049264,34.1
1787235955730,4073920,32.4
1787235955788,4046272,32.4
1787235955853,4037632,32.9
1787235955910,4006480,32.9
1787235955965,4043296,32.7
1787235956030,4044864,32.7
1787235956091,4046480,36.2
1787235956150,4087344,36.2
1787235956213,4072480,34.8
1787235956273,4093968,34.8
1787235956338,4073264,34.2
1787235956401,4083296,34.2
1787235956466,4055904,28.9
1787235956523,4057472,28.9
1787235956586,4076336,30.2
1787235956640,4056944,30.2
1787235956697,4095664,27.0
1787235956765,4043088,27.0
1787235956823,4019248,30.1
1787235956886,3989968,30.1
1787235956952,3948256,29.8
1787235957012,3943184,29.8
1787235957074,3892064,28.0
1787235957133,3895408,28.0
1787235957196,3876880,25.6
1787235957259,3915280,25.6
1787235957322,3941120,33.0
1787235957382,3863456,33.0
1787235957444,3851536,26.1
1787235957508,3832640,26.1
1787235957562,3851312,26.1
1787235957619,3839296,25.9
1787235957679,3817280,25.9
1787235957742,3849568,30.1
1787235957800,3835056,30.1
1787235957864,3816320,32.3
1787235957927,3849872,32.3
1787235957984,3864096,29.1
1787235958048,3866592,29.1
1787235958110,3908576,30.1
1787235958172,3982208,30.1
1787235958236,3971056,29.8
1787235958303,3984944,29.8
1787235958366,3946128,31.1
1787235958427,3955568,31.1
1787235958489,3998944,28.7
1787235958552,4080864,28.7
1787235958606,4083664,34.7
1787235958667,4065136,34.7
1787235958732,4046672,29.2
1787235958800,4075184,29.2
1787235958864,4024976,32.1
1787235958930,4002000,32.1
1787235958985,4000416,27.4
1787235959063,3999136,27.4
1787235959123,3980256,31.1
1787235959187,3944080,31.1
1787235959241,3904784,35.7
1787235959303,3950368,35.7
1787235959367,3874912,33.3
1787235959429,3804624,33.3
1787235959487,3804000,30.8
1787235959553,3829408,30.8
1787235959616,3836448,32.4
1787235959679,3864752,32.4
1787235959744,3878320,31.5
1787235959798,3892896,31.5
1787235959859,3929840,34.6
1787235959918,3935328,34.6
1787235959983,3914624,30.7
1787235960040,3903600,30.7
1787235960101,3822544,24.1
1787235960161,3907440,24.1
1787235960216,3919536,20.4
1787235960275,3949520,20.4
1787235960337,3965552,22.5
1787235960392,3977472,22.5
1787235960454,3990352,21.3
1787235960510,3969856,21.3
1787235960573,3971904,21.0
1787235960634,3901648,21.0
1787235960697,3962528,29.7
1787235960754,3920112,29.7
1787235960816,3914960,29.7
1787235960879,3915248,26.2
1787235960943,3903408,26.2
1787235961000,3873168,25.8
1787235961063,3874304,25.8
1787235961123,3857424,27.0
1787235961189,3877088,27.0
1787235961247,3877760,33.1
1787235961310,3868688,33.1
1787235961374,3883696,34.2
1787235961437,3889168,34.2
1787235961500,3877104,30.3
1787235961565,3916496,30.3
1787235961628,3915792,30.4
1787235961691,3938128,30.4
1787235961754,3980592,31.3
1787235961814,4016896,31.3
1787235961874,4001664,28.6
1787235961935,3988976,28.6
1787235961991,3980592,29.6
1787235962053,3921728,29.6
1787235962116,3927328,25.5
1787235962179,3945056,25.5
1787235962235,3985664,22.9
1787235962296,4019808,22.9
1787235962355,4046000,31.8
1787235962418,4055120,31.8
1787235962471,4057536,29.5
1787235962531,4055920,29.5
1787235962588,4050864,26.8
1787235962653,4040016,26.8
1787235962713,4056640,27.5
1787235962774,4066416,27.5
1787235962832,4050080,31.6
1787235962895,4055696,31.6
1787235962957,4027696,26.7
1787235963023,4035600,26.7
1787235963077,4070304,26.8
1787235963142,4086128,26.8
1787235963207,4098832,34.5
1787235963270,4155360,34.5
1787235963325,4191360,29.7
1787235963387,4215040,29.7
1787235963450,4202128,33.1
1787235963508,4216768,33.1
1787235963571,4243024,34.3
1787235963634,4299328,34.3
1787235963699,4305344,28.6
1787235963753,4347344,28.6
1787235963810,4346432,28.6
1787235963870,4341968,32.1
1787235963926,4287344,32.1
1787235963994,4370128,33.8
1787235964051,4347136,33.8
1787235964107,4334768,33.5
1787235964161,4289856,33.5
1787235964217,4282688,30.9
1787235964272,4320880,30.9
1787235964328,4347280,38.7
1787235964388,4340400,38.7
1787235964453,4299232,43.3
1787235964513,4301408,43.3
1787235964569,4307888,46.3
1787235964630,4314496,46.3
1787235964688,4214128,46.3
1787235964751,4248224,51.3
1787235964814,4238048,51.3
1787235964877,4216480,49.4
1787235964936,4214592,49.4
1787235964994,4216752,49.1
1787235965062,4203984,49.1
1787235965122,4224992,49.8
1787235965176,4215104,49.8
1787235965240,4279488,48.1
1787235965302,4275056,48.1
1787235965365,4303216,47.4
1787235965420,4340368,47.4
1787235965484,4544160,45.6
1787235965550,4495328,45.6
1787235965608,4488784,45.2
1787235965671,4483184,45.2
1787235965727,4472000,44.6
1787235965792,4458688,44.6
1787235965856,4429968,40.9
1787235965919,4402608,40.9
1787235965985,4456912,41.5
1787235966041,4409952,41.5
1787235966102,4391968,41.2
1787235966164,4420896,41.2
1787235966227,4386048,39.8
1787235966290,4378784,39.8
1787235966354,4402816,38.5
1787235966418,4450832,38.5
1787235966483,4450320,40.2
1787235966546,4445680,40.2
1787235966611,4421280,40.3
1787235966676,4425408,40.3
1787235966734,4366912,37.8
1787235966799,4326976,37.8
1787235966861,4327504,44.2
1787235966916,4294688,44.2
1787235966970,4332800,48.9
1787235967028,4289536,48.9
1787235967082,4316032,47.8
1787235967138,4325152,47.8
1787235967201,4308096,49.9
1787235967258,4304656,49.9
1787235967318,4310624,49.9
1787235967383,4299136,47.2
1787235967446,4458624,48.3
1787235967507,4519808,48.3
1787235967571,4454048,44.4
1787235967635,4392160,44.4
1787235967699,4341488,40.9
1787235967759,4280096,40.9
1787235967820,4225424,39.8
1787235967886,4151568,39.8
1787235967942,4123968,39.8
1787235967998,4117104,35.9
1787235968054,4106976,35.9
1787235968112,4133216,42.7
1787235968170,4150336,42.7
1787235968233,4176448,48.7
1787235968295,4146400,48.7
1787235968354,4162928,48.2
1787235968411,4181920,48.2
1787235968470,4165920,46.9
1787235968535,4180032,46.9
1787235968595,4196368,47.1
1787235968659,4201840,47.1
1787235968723,4215888,44.7
1787235968779,4240976,44.7
1787235968842,4293328,36.9
1787235968906,4321296,36.9
1787235968969,4323696,37.6
1787235969032,4337312,37.6
1787235969098,4322496,34.8
1787235969160,4491008,34.8
1787235969225,4541680,39.4
1787235969281,4539712,39.4
1787235969344,4553744,39.0
1787235969407,4524096,39.0
1787235969473,4520656,36.3
1787235969532,4483584,36.3
1787235969593,4498368,37.8
1787235969656,4484288,37.8
1787235969711,4484272,37.4
1787235969772,4535280,37.4
1787235969831,4508800,36.4
1787235969886,4515568,36.4
1787235969950,4451232,36.6
